timestamp,observer,observation_id,station_id,frame
2026-07-13T09:12:23Z,KC1OCA vertical NMO-72-FN32uc,14493950,4806,94B8A839
2026-07-11T22:32:58Z,KC1OCA vertical NMO-72-FN32uc,14493947,4806,68B67420E2
2026-07-11T22:28:28Z,KC1OCA vertical NMO-72-FN32uc,14493947,4806,84072C5EDCB960B6C04598CB74DA
2026-06-30T17:23:40Z,F1IPY-JN18at,,,5E38A2F977876B0A8F3987DD112F76C3ED5F96FBDEE3361D7FB04D
2026-06-23T23:20:39Z,KC1OCA quadrifilar (UHF) & Airspy Mini-FN32uc,14365094,4803,80190CFA3A8E62A195BD97B1C0EC3C753FB7B8CD5CD40E3358320031F18D690322C7AC72432D8A
2026-06-05T17:35:31Z,F1IPY-JN18at,,,E31598CAB2B34EB98E93EBD4D6B4E182A4
2026-06-01T16:36:57Z,SOBE01-JN89hf,14211454,3677,80DA216864992C4A0DC694B984301BBC8489B77AF4AD59430CF65857A79816
2026-05-20T01:59:22Z,M7RED-KO96ce,,,48468040D72760DD3F4131B178744C5B208DB3
2026-05-17T23:31:52Z,VU3IPU-MK82sx,,,740E281F0B7A73BA436B581365B60F40E90F462C487A309C
2026-05-06T00:07:21Z,VU3IPU-MK82sx,,,36E70847F5AA6D4931839BCDF5C662479450230E2CAE06C805E910E8C0B9857489AEDEDE7882DB639C3111
2026-04-06T12:25:01Z,VU3IPU-MK82sx,,,C2E65CD7504C6666CD34399E1D79D70ABD84B3B20A49B081C6E501A5EC18A186627C39B972F144B5DBA046A05BC834EC6EBA186F
2026-04-05T23:58:51Z,VU3IPU-MK82sx,,,140F8E8AB2DC1620902B24C763AD1761
2026-03-17T23:44:12Z,VU3IPU-MK82sx,,,8BB4CA4C1D1D4C22EC593719102C9AB07E3188
2026-03-07T16:59:41Z,M7RED-KO96ce,,,40AB7FB616B2EA1EACD63405C72986DC055656B60C9EF72C
2026-03-04T03:23:28Z,M7RED-KO96ce,,,11AB208C472B81BD4595CA3D91E4850973EC593CF16B9FDF765460461CCBC948FE
2026-03-03T15:58:45Z,M7RED-KO96ce,,,F9427876B4D121225BF422765280D178C2C0CA9DAA4802F62E63C9D0E55DED0C868C61D113FA159BCC4BEEA936
2026-02-21T03:28:24Z,IK1OAJ-JN45bc,13444398,4674,2050372CB89A3CF7564D59D5E15062C76ED7C361441F880D92
2026-02-21T03:21:40Z,IK1OAJ-JN45bc,13444398,4674,804CED75212397F8E98547DB35B13AEE1CE04D8C27
2026-02-19T02:59:38Z,M0KSF-BB-IO91qf,13423320,2760,8069CFB02DF266B14722E90D18D5D2911715D8AA20
2026-02-18T19:02:54Z,M0KSF-BB-IO91qf,13423319,2760,D4
2026-02-18T18:55:43Z,M0KSF-BB-IO91qf,13423319,2760,9AAB
2026-02-18T18:51:40Z,M0KSF-BB-IO91qf,13423319,2760,00F593
2026-02-18T05:10:20Z,M0KSF-BB-IO91qf,13423317,2760,AE9F6F4F9D5AE0AC9AEB55C5EA
2026-02-17T19:35:31Z,EA4TA-IN80ck,13411079,4595,3CD98E62C0DD519A
2026-02-17T17:47:19Z,M0KSF-BB-IO91qf,13423314,2760,E0584171
2026-02-17T02:31:05Z,M7RED-KO96ce,,,1AB3D9009E59C0D9FE7EA822C6DC3B226D389752154CD97A8900AD146C9A
2026-02-16T04:42:27Z,EA4TA-IN80ck,13399386,4595,70185D1CBC32A20FE98204AADE
2026-02-16T04:42:17Z,YO2CIP-KN05ot,,,8E5DA0C1C4913547724078DE028B738B782AF6AE0F2C2A89A80A6F98DECC287718079736A5AC73730B9637BE5E2453A1E7
2026-02-15T23:47:20Z,M7RED-KO96ce,,,7819F39516E5A8E5BB02442EEEC4E2F1FEA81AF4DA3B83AF2953
2026-02-15T19:09:27Z,EA4TA-IN80ck,13399385,4595,B2EF64769EEE79030ED8944BAD466291AC9DB0EBDF36
2026-02-15T19:06:07Z,EA4TA-IN80ck,13399385,4595,38
2026-02-14T18:05:49Z,EA4TA-IN80ck,13399382,4595,C0B291579362203D556951E12413B618771E148527C8F13766D4CA3B50711DAE09CB57A9716C198C
2026-02-14T04:16:14Z,EA4TA-IN80ck,13394926,4595,BDAD28FC8984E46E0D4571233341E0474DB0DE3B
2026-02-14T04:14:46Z,EA4TA-IN80ck,13394926,4595,008B7E76B577C7B6
2026-02-14T04:13:46Z,EA4TA-IN80ck,13394926,4595,A002A711C0
2026-02-06T14:27:50Z,M7RED-KO96ce,,,91098C03250E0806410B4FD082C66CCE333A5E18C839CE1ECB12F0B2DAEE101D6BC9C0C843
2026-02-05T16:52:51Z,EA4TA-2-IN80ck,13334088,4597,20139B34D06C52E1C07220E30EDD402E1C1CDA875B
2026-02-04T17:26:36Z,EA4TA-2-IN80ck,13334084,4597,2040C741754B8088
2026-02-04T05:24:07Z,EA4TA-2-IN80ck,13331313,4597,B4986DCAF5868BAD27CE1301EA4DDD4E55803428EA11E2DAEE45ADAEA87754
2026-01-27T03:37:27Z,M7RED-KO96ce,,,69D8D323E624B70D01F76A143A79CB5930B5999832C72A1A6CC73478C3
2026-01-26T17:53:16Z,EA4TA-IN80ck,13283806,4595,40A4
2026-01-26T14:32:35Z,M7RED-KO96ce,,,73AAE2652E8511A684272E6E1A30B74EC6EB1F0F29C9A442B44807D5CD1C2497A5A31E1742E148EC1205AC9E40C85F5BA3725EE0C160F7DE2E8ED3C1A89B9F46
2026-01-15T17:41:32Z,M7RED-KO96ce,,,6DEF18A68256404D3CEAB020CE5A91273E7683E7AB47F09C0CAC50AD2EBC
2026-01-15T04:09:51Z,M7RED-KO96ce,,,C4AF57A47902BBBAC7804E4D238300E70A
2026-01-04T04:08:06Z,M7RED-KO96ce,,,3D3BCD5DB0EB819F5101F0A8DE12E16E86F733B2779F28A52C
2025-12-23T11:54:50Z,VU3IPU-MK82sx,,,364611BBAB647DCF82D5B2ED7DA7CDCAE4694F40F84EC648F38388533187B4BBBB234CA753DAA3F9B5D8657B893A3D75AD0963
2025-12-16T23:55:56Z,M7RED-KO96ce,,,BD2A563D73516228B2917792359276AAF81C11
2025-12-15T16:30:18Z,M7RED-KO96ce,,,91ECF9CEFA81710F6D0083D82627D8CDB917E2E6FE73D41434
2025-12-14T10:37:32Z,HS0ZQS_UHF-OK03fu,12963522,4259,88D00F3D0D611A88F4AA42150055087D87DC6DA7A62150443D2093D41BEA84B2C395C8EE65D634
2025-12-09T01:26:57Z,M7RED-KO96ce,,,ECE19BB9DB21CB9DE654C8E47C86007015
2025-11-30T17:18:36Z,BEEGND-4-JO62pm,12840803,1860,808BB978CF727449887571EEA8CDCD69FE3372
2025-11-30T17:14:31Z,BEEGND-4-JO62pm,12840803,1860,8ABC27E9548362CAB84980D3
2025-11-24T23:40:20Z,VU3IPU-MK82sx,,,978CB06C79226FD00A766143683A5D9CAB6B86116A
2025-11-24T23:38:44Z,VU3IPU-MK82sx,,,F6F26A8A5AB8A76729B782A0C8E7AC9A45B9B401DE82CA8BCAD2162E93CFFE93FE3C422CB810E8888B291508E56032D87CB8583ADE38
2025-11-15T17:54:54Z,F1SXJ-JN16xc,,,CD7457299E4FF6170D42A1286AED1D9F74B71A9F02F929584AC6CE2D8ED941E0958102E6
2025-11-14T12:03:39Z,VU3IPU-MK82sx,,,659F13ED6D7CF5AE30202741B8C6BD2B3802EA4A764D1E698A6CA63D958532A4F438F3B025AD2C
2025-11-04T17:53:16Z,IK3SVW-1-JN65cq,12673697,4372,72DCB6A7F1D8E6325A6208873A9BBA289F9CD1A86D0E
2025-11-03T11:58:51Z,VU3IPU-MK82sx,,,7548CB824E9605471F70733A28D3603CAFE5C21844D142B192867F2E
2025-10-30T17:27:03Z,M7RED-KO96ce,,,AD354E5D13EE9AE2187E0F83191844471C11893898B4
2025-10-27T16:07:02Z,Apomahon-KM18ub,12627063,6,564A7DA27405E19ED71B2B75F0DF902649B4D4F7
2025-10-24T19:31:52Z,aUkHF-JN18cs,12616584,4236,0C2D1FCD71AA92340FAEA0B92E807D1181
2025-10-11T03:37:21Z,M7RED-KO96ce,,,E0CA8797D86D8447B1A420DF55AF43508EDDBE5EA3045345560A94055B80A2C0688232C6
2025-10-01T02:54:55Z,M7RED-KO96ce,,,FC4096B4A092E7D1257F1DF812A3B5171C271DF2802AC14521F6F4F2D4330548
2025-09-22T17:07:00Z,SM0TGU - VHF UHF-JO89wk,12427085,858,804332CDD786E7F895625F38324F
2025-09-21T23:52:28Z,VU3IPU-MK82sx,,,971377B8939D5A255CD051624E24EB791D1476BB3861
2025-09-19T20:54:04Z,PU4ELT-GH70qd,12407372,3538,3CD2CC56991709CA5BDF399488950A2B41C25B4C6C5E54459677190E38E0016BE70A1285BCDC0C9AD2C074
2025-09-19T20:53:00Z,PU4ELT-GH70qd,12407372,3538,E0F218B42A82A5AB
2025-09-19T20:51:30Z,PU4ELT-GH70qd,12407372,3538,C0C3E4
2025-09-13T23:39:48Z,VU3IPU-MK82sx,,,2D123A78CF8590D1BC695B3767D53E8A76CF3B593A666639849C
2025-09-02T12:37:30Z,VU3IPU-MK82sx,,,356E102AA0653726A2D534C496AB4B7F5AE0
2025-08-30T03:55:00Z,SWLJO21JN-JO21jn,,,78D13E71727A75C75101BDF9A5632527C3D539A421C40E3353AFB78116A41B1222740A7882F298EBD96963A0266EEF095AF6204A6FEAA2B71AA3C1C5880E26
2025-08-28T03:18:14Z,IU0JIW-JN61hl,,,DC0E0DEAED64A47618B4E78AD3CBAA76030A12
2025-08-27T05:37:24Z,SWLJO21JN-JO21jn,,,9D48AAB7F12A38746CED6D89ACA64196CFAAA753F5C8EC08B5
2025-08-24T17:56:58Z,F4TNK-UHF-JN23at,12251840,3762,6FC20A1D
2025-08-24T17:55:26Z,F4TNK-UHF-JN23at,12251840,3762,F06FCE719E807AA4378D6A
2025-08-24T17:52:02Z,YL3CT-2-KO26iu,12252176,3953,8E3B
2025-08-14T01:49:48Z,M7RED-LO33sr,,,70EE7E8B905F0085B1BFB797F532914F948B
2025-08-12T02:59:02Z,M7RED-LO33sr,,,B056DE4937016DC846E092000CA7F987A423222E5FBF4007400C6FC6CC3D6A21F01590CCAC0A88422C9C
2025-08-04T02:49:38Z,M7RED-KO96ce,,,EBC439A943B0156AED404CCDED259556D8391DCD782D91A35006E9
2025-08-03T17:08:15Z,M7RED-KO96ce,,,7AFFF6B02C7E3671390E8AA89C02554C884E56
2025-08-01T16:44:19Z,Apomahon-KM18ub,12093196,6,CC715D3F9238634AF2330685EE4147C1B5CBAEACCE698808515718322337B4865C36
2025-08-01T04:31:29Z,IU0JIW-JN61hl,,,062E8DA0FC5322409A83DAD273544E99965252E93B5478
2025-07-24T04:23:35Z,IU0JIW-JN61hl,,,C1057EAE814C07FA338BB4E6CBF45BB83251
2025-07-21T04:32:42Z,IU0JIW-JN61hl,,,DB7A651D7945A3EC92BC180F3D9D88166547FAE53804
2025-07-13T04:16:04Z,XtopheR2cloud-JN18cv,,,58624E95DA013AB033093A79603BD5D193C0689ABAE1
2025-06-30T17:30:01Z,XtopheR2cloud-JN18cv,,,E409C8F479236B7044E084A4B156696C77E96721901A941C943B27F313F0DA9B20C2C94BE09A42
2025-06-29T18:03:44Z,XtopheR2cloud-JN18cv,,,995EE207C26CCD026225BA1AEE5031D8DC771D399B74010FDC7C22DAD1C38486B1C368DA4FCFA55C4703D4B989D57CB0
2025-06-29T16:28:26Z,IU0JIW-JN61hl,,,4A4682B0C6EBBD222207B0AE2777C29612B4
2025-06-17T03:20:58Z,M7RED-KO96ce,,,DD2A56F65CA3A2385546E25A6E0C02F56EE361B54B5A5D2ADB062352CB74D86B
2025-06-15T18:13:37Z,XtopheR2cloud-JN18cv,,,B9DA736D2592BAB476C7A241916C699E99C44D5427B2403146
2025-06-14T18:45:26Z,F4TNK-EXP-UHF-JN23at,11767060,3773,63CB803DF53E
2025-06-12T14:59:09Z,M7RED-KO96ce,,,6AE53E1854DB78DEB8A526E2381B483B76C8
2025-06-12T03:00:19Z,M7RED-KO96ce,,,68C196431C37291DC9DB8DEA9A7A57D9C2C69A5A52D9ECD91E6A7C0F03606EC0092C913158A3D5DF737375066CB27392073C5DFE2087958051EE85A9340120EA
2025-06-01T04:35:59Z,M7RED-KO96ce,,,1111CD7E30493857A7B8CADB513054AFD6DA754CB3BFB5
2025-05-25T17:32:37Z,F4TNK-UHF-JN23at,11657180,3762,60E5A51CA8AC82
2025-05-24T02:46:57Z,M7RED-KO96ce,,,9F06E2B64EB012779689A77692273B091BD2BAD388C99ECED2ED
2025-05-24T02:46:50Z,M7RED-KO96ce,,,F2AEFE6D169E48C49450451856E0AB2BCAA2865E6B67D09C18779C9A13805B2CBAA3B76F1EE4A12645E9A4B8E8568A
2025-05-22T03:51:31Z,F4TNK-UHF-JN23at,11637457,3762,A0789F6CB0671D0CE0E34CD70AD529516C21
2025-05-14T15:41:33Z,M7RED-KO96ce,,,7B8B50E51665AAE6A4159B69ABDC0EB23DA879D8B0D073C8
2025-05-13T17:55:33Z,F4TNK-UHF-JN23at,11590068,3762,64F7DE7C47115E
2025-05-07T21:11:01Z,Shanghai-PM01sh,,,1FD86246133EADDE98E2869368A8094D763180277B0EC65D6FD7A0
2025-05-04T19:38:50Z,Shanghai-PM01sh,,,64B47964E62E0D0D1A57B6E88E723F028C9C46014E83282818
2025-05-03T18:53:56Z,F4TNK-UHF-JN23at,11530368,3762,10981B00A33F655CCF03A2FA8E1AD1BF25E9D1
2025-05-02T17:59:52Z,F4TNK-UHF-JN23at,11523932,3762,8E0144F3
2025-04-30T14:03:02Z,M7RED-KO96ce,,,81989B8D9462497CDDA402E7F0EE98E7B418F952CA78
2025-04-27T17:35:34Z,SOBE01 - TURNSTILE UHF-JN89hf,11492297,3677,40FBC8E15C9CD016B915502572DA9DF632B019
2025-04-24T17:52:00Z,F4TNK-UHF-JN23at,11473013,3762,BBD495F346DD
2025-04-24T17:46:33Z,F4TNK-UHF-JN23at,11473013,3762,3078C78DEDB112CE2220D88957C002F941A63D9883C4
2025-04-24T17:46:18Z,F4TNK-UHF-JN23at,11473013,3762,C0
2025-04-24T17:38:35Z,F4TNK-UHF-JN23at,11473013,3762,38B4B0CAB904EAA54AC788CE26
2025-04-24T05:35:06Z,F4TNK-UHF-JN23at,11466767,3762,DA15D28085C48FD1B5B7
2025-04-24T05:33:18Z,F4TNK-UHF-JN23at,11466767,3762,801903C55C2622AEE00EAA55802505
2025-04-16T23:58:08Z,M7RED-KO96ce,,,7E0DEFBC1A49B70F82BA14B5122C6D719D29651C51
2025-04-14T10:29:21Z,Shanghai-PM01sh,,,98AF7A13BA7312A947F499BB1115F79B5B661929CD44B44D28D1AA8CF270000A4AF02E09038BD76683
2025-04-09T14:54:51Z,M7RED-KO96ce,,,536F33CA528B7ABBD3FCBA80835BC89ECDCC2EF97912CCCE4BF525FDED4EAE02B57CFF141D6B033C15B76DB018A1301DF3
2025-04-06T18:28:43Z,F4TNK-UHF-JN23at,11363114,3762,A085272E80162CBB74491E3DA16684DEBB0CD1
2025-03-31T12:09:33Z,Shanghai-PM01sh,,,BDDB87E15814494927DBBBE9A521BA2A948829D03586E7
2025-03-30T05:32:04Z,F4TNK-UHF-JN23at,11320032,3762,8018DF146FDA28B6
2025-03-25T05:16:06Z,F4TNK-UHF-JN23at,11287097,3762,80175A0DC3D800EDE0C0E535B9658D08C0DDCEB452A876F6D04C6149151E2AABC88CA291
2025-03-24T17:59:37Z,EA4EKH-IN80nd,,,E4B73068E455D6C8E13685FAFF61D48CBC5C32CF8951A616AD741AB369C70B5737A835E224743B9333BF61B19CC003FB2CC97646776FBE05EFF92C1B
2025-03-24T05:51:55Z,F4TNK-UHF-JN23at,11280281,3762,00
2025-03-23T16:56:17Z,F4TNK-UHF-JN23at,11277379,3762,E0CF
2025-03-23T16:48:41Z,F4TNK-UHF-JN23at,11277379,3762,B4AE8C884263A8A0704DB6DDD46BA9FE7BFF78CAA1EC6604EA40A25784CCE2A07411
2025-03-22T17:24:22Z,F4TNK-UHF-JN23at,11273000,3762,00A28E328DADCEB49DB6CDAD4E8193D98B7393
2025-03-16T05:38:05Z,F4TNK-UHF-JN23at,11236544,3762,A0A2
2025-03-10T17:53:08Z,XtopheR2cloud-JN18cv,,,44CF7298D4B60CD68C874ABAA2F9C121
2025-03-08T15:46:54Z,M7RED-KO96ce,,,268542647F0697E77B5059C90D5D53CC2835
2025-03-06T18:36:29Z,XtopheR2cloud-JN18cv,,,AB9783B83B9614146FA88CC0376B2673F58B4106E24783
2025-02-26T03:02:59Z,M7RED-KO96ce,,,D3FE93B0A1E3725D81C465F5138C2E88C8A150B5BA885D4B461965EA41A523D732F3B6D6AA0FF23BE165D9297495E4D4EAB3CAC83DE0F3CEB49BA91BE351B6D6
2025-02-22T02:11:18Z,M7RED-KO96ce,,,7326976B7E245A67E22068A193E17FEE
2025-02-22T00:54:21Z,CO2ESP-EL83sc,,,606AEA47ECB763E70A6FB03B7A4A4C5C3F1A386F627404BBA903E299C10A724B9797D983A45A6E71FBE439183BA98D00
2025-02-18T19:29:04Z,Shanghai-PM01sh,,,D91EA36DE66596398F61E62C2D62D941FE0ACA6C41BF
2025-02-12T18:30:55Z,XtopheR2cloud-JN18cv,,,58857837211FB43156EB0F9EDC1A568BAEA4F0083ED4DB940C26C436963F9075F42FC0F559076EE6F04D1B6A0F49A4080B0C06E99B799BC22E7BADBB72253B5D
2025-02-10T04:22:10Z,IZ1VWE-JN44lj,,,12314A15AE6B293EBB1D2FB466117034BAAEDC4ED916
2025-02-01T23:38:57Z,CO2ESP-EL83sc,,,15F1E6C813BAA503D1CE9195EB55F021CDE2845F709A8891
2025-01-17T15:34:56Z,M7RED-KO96ce,,,BC97015300715D574E945056D5703D4A82689889917091A488A776
2025-01-14T07:45:34Z,vk3ymml-QF22jg,,,7526392F2DC9136117D673681A9841DCE3CC044E
2025-01-13T08:22:04Z,vk3ymml-QF22jg,,,460A52D52A83276A7E49BF83D70DB2F5FF18281AD571E014B77840432389F8F3034670
2025-01-13T04:16:08Z,IZ1VWE-JN44lj,,,B8EA5D91E84948ACE9F252A36505301DAAE0CA3E
2025-01-08T20:17:36Z,vk3ymml-QF22jg,,,E65D2419E2A21C43B1804150F59EE2F68527BC
2024-12-30T20:39:56Z,vk3ymml-QF22jg,,,5A2867A1D79BE1067CCC58C46E03DCD5CDB6AD68381A93C1A830F5B8718D2612924653E3D464A435F1A81B5BE3732E99A75F
2024-12-29T21:17:44Z,vk3ymml-QF22jg,,,76E0D0E69F90D98AC9B490D99160264D7D0319
2024-12-29T21:12:40Z,vk3ymml-QF22jg,,,5DF6B32D1D1F1412B0C580043A4108EA5C
2024-12-21T07:10:50Z,vk3ymml-QF22jg,,,15866BAD8FAE74156F940F14B4CE60FDE99BE6798D67DA4027A92E
2024-12-13T18:06:52Z,XtopheR2cloud-JN18cv,,,035D6CDB5D5613CCE09CA3A3A2E612672E17245EEE81286DD83B80466F34FA
2024-12-13T06:03:33Z,XtopheR2cloud-JN18cv,,,1BE21DA62E7A6DCA76338552E2CD8D0BE09D7F8EC927
2024-12-12T17:05:16Z,IZ1VWE-JN44lj,,,41EF9A64CEFB701A714DE494394E64A5291A7116999AC8BA5089B8D022
2024-12-11T05:40:28Z,F4TNK-UHF-JN23at,10744843,3762,1C
2024-12-11T03:56:33Z,M7RED-KO96ce,,,DBDE9682DB2D5A5EFB0B1325C6D6A3E2985D0FEE796D09C4AA
2024-12-10T14:59:01Z,M7RED-KO96ce,,,26E7F6C2C92ABA532928EF81D9292799F2F664EF0F275DE6C56E31
2024-12-07T20:55:16Z,vk3ymml-QF22jg,,,DE14496C1921487A24A3D11A701C3AEB134ABCA60A1128868E344916A24BDBAC6CB31B36CDC276F3758E
2024-12-05T09:46:30Z,Shanghai-PM01sh,,,4FF17689A486CC43134420DE1375E21FCACD82
2024-12-02T06:01:35Z,F4TNK-UHF-JN23at,10693366,3762,00
2024-12-01T00:02:44Z,M7RED-KO96ce,,,BE0232D8A0660824485FD48A999E5337ADAF089AD515C17AF4C21CD2CE52ED0423
2024-11-29T14:46:19Z,M7RED-KO96ce,,,3B02D875BFCB74902BE4E32F54C13365
2024-11-28T04:54:59Z,F4TNK-UHF-JN23at,10666607,3762,88173727C620F214DADB736FC0024A684D0EE0CD569E481BA4156E33A619710AB25C82EDB417CC4C93A1BFE7EEAE49C5B83806
2024-11-27T17:43:35Z,F4TNK-UHF-JN23at,10664743,3762,80C726C6866DA716E59C6C
2024-11-27T17:40:04Z,F4TNK-UHF-JN23at,10664743,3762,80FE9C
2024-11-26T18:12:14Z,F4TNK-UHF-JN23at,10661514,3762,E51A6AFB13EC27241C90D1ED411E00594C4D8224566205379F
2024-11-25T15:25:21Z,M7RED-KO96ce,,,8F19BA265B7B1D00D1A2DC188D41606370
2024-11-24T17:57:22Z,F4TNK-UHF-JN23at,10648477,3762,00CF96845412E125EAA56D85C0265AD7614068993B
2024-11-24T17:47:57Z,F4TNK-UHF-JN23at,10648477,3762,70B1B0E0A06DB7DD06054BC8
2024-11-24T17:47:49Z,F4TNK-UHF-JN23at,10648477,3762,A0CE223B
2024-11-24T17:45:56Z,F4TNK-UHF-JN23at,10648477,3762,9E88109DCAC96D0998F7ABDCD9EA5EDDAD
2024-11-22T17:16:18Z,F4TNK-UHF-JN23at,10635987,3762,00678C07159C23744E8593D1861781ACC1F109BAF1DABAD4EE0655
2024-11-22T01:57:44Z,M7RED-KO96ce,,,6260A95D3541AAEECC742365AF2A184D1D1DA3AA74B87490
2024-11-20T18:33:31Z,F4TNK-UHF-JN23at,10621634,3762,502B83
2024-11-19T17:33:19Z,F4TNK-UHF-JN23at,10615948,3762,488589E779F05A300B39C9AEA95A257283AD0902E8709845
2024-11-19T17:29:54Z,F4TNK-UHF-JN23at,10615948,3762,3EB3EF5466722FF44C
2024-11-17T17:02:58Z,F4TNK-UHF-JN23at,10599017,3762,001C0188E0867739AD6A220EF2
2024-11-16T19:10:45Z,F4TNK-UHF-JN23at,10594829,3762,A0E2914EF4EE56D0A54C9B7A02
2024-11-14T17:01:42Z,SatNOGS_Pecna_1_UHF-JO82je,10582519,3746,900B1D32228B4BC38E3C0919AD1A428C5E
2024-11-09T16:46:48Z,SatNOGS_Pecna_1_UHF-JO82je,10550616,3746,A01AA9F6B0D3B8B392
2024-11-08T17:26:48Z,F4TNK-UHF-JN23at,10543774,3762,8068E6B80E0223E9586C2A
2024-11-08T17:23:03Z,F4TNK-UHF-JN23at,10543774,3762,64812F67544EACA8F7E993
2024-11-08T17:17:20Z,F4TNK-UHF-JN23at,10543774,3762,DC669E0C49838114B36707D9B067D1
2024-11-02T02:05:40Z,M7RED-KO96ce,,,43BD0ABC29A9E172DAE7BB573430E960664B9E2131EFCC403A194A51D88CACF796CA94488A8965303054DCFE49FAB45C9875A129D68C9BAE
2024-11-01T18:10:52Z,SOBE01 - TURNSTILE UHF-JN89hf,10497204,3677,7A76AA6898C5CF2D2CA0E65C3AE7CE9C58F1205AF43805DE02A460ACBD7AA806464F133BB101BE380A10
2024-10-30T19:24:47Z,F4TNK-UHF-JN23at,10484050,3762,30D53D09176EB8D9F190DE80
2024-10-29T18:17:57Z,F4TNK-UHF-JN23at,10475665,3762,9CE330CE2DD309CADCD066D42BA981C8743A83A5EBC29C4F0EE25A
2024-10-29T04:35:01Z,M7RED-KO96ce,,,CEC989BE8EA3D7211872B194EF709CC9FF45990A8338
2024-10-29T04:28:29Z,M7RED-KO96ce,,,97887CCF2757CE6B9D840B67E3F3888085619A24E46DAC1F33310146DDB89239B494F36E948AE6D50834620CAC0D1E699FDEB5
2024-10-24T04:05:53Z,SatNOGS_Pecna_1_UHF-JO82je,10438504,3746,30BA078351
2024-10-24T04:05:24Z,SatNOGS_Pecna_1_UHF-JO82je,10438504,3746,107CDEA5CA030062C0AB3461C68646573B
2024-10-24T04:04:10Z,SatNOGS_Pecna_1_UHF-JO82je,10438504,3746,67219CF10CA27AE029079CF43367E6DE78BA33
2024-10-23T04:48:50Z,SatNOGS_Pecna_1_UHF-JO82je,10438500,3746,78E574FE
2024-10-23T04:45:13Z,SatNOGS_Pecna_1_UHF-JO82je,10438500,3746,C0
2024-10-23T04:43:47Z,SatNOGS_Pecna_1_UHF-JO82je,10438500,3746,3855A5D61691D1C09D
2024-10-23T04:41:22Z,SatNOGS_Pecna_1_UHF-JO82je,10438500,3746,003DD37444BBA7F0
2024-10-23T03:05:02Z,SatNOGS_Pecna_1_UHF-JO82je,10438499,3746,80BEE37CE55D77D3A8
2024-10-23T03:02:18Z,SatNOGS_Pecna_1_UHF-JO82je,10438499,3746,40D3C5E9A4B702CADA1E
2024-10-23T03:02:09Z,SatNOGS_Pecna_1_UHF-JO82je,10438499,3746,405C3EFA00EBA7586BADB10044BBFC97D4
2024-10-22T17:22:15Z,SatNOGS_Pecna_1_UHF-JO82je,10438497,3746,005A4306EB7C7CB5
2024-10-15T04:32:12Z,F4TNK-UHF-JN23at,10401691,3762,CD13C6EA59B56AD6D4F559
2024-10-15T04:31:46Z,F4TNK-UHF-JN23at,10401691,3762,00EFAB2038E5EDEA8E69B027192006532960C0C016A01C82BD1868EE81
2024-10-09T23:25:30Z,123456-EN94qo,,,C8BC0EA84DB65D41CF5D0ED40208180544
2024-10-09T16:42:44Z,SOBE01 - TURNSTILE UHF-JN89hf,10376294,3677,E0924CB4EA6042806E
2024-10-08T15:36:01Z,M7RED-KO96ce,,,FD6288B2AACA38D0635022708F90DC19
2024-10-04T18:03:02Z,F4TNK-UHF-JN23at,10350556,3762,D08AEF9134C471CBB83D5801
2024-10-04T18:02:23Z,F4TNK-UHF-JN23at,10350556,3762,402EEE30F1
2024-09-30T20:23:39Z,F4TNK-VU-JN23at,10330062,3762,407AD8B28242
2024-09-27T05:05:54Z,F4TNK-VU-JN23at,10310124,3762,1050389D0FC04C91B97B4508260B41
2024-09-24T18:56:27Z,F4TNK-VU-JN23at,10296813,3762,6E2F797F87B7
2024-09-24T05:09:08Z,F4TNK-VU-JN23at,10293046,3762,F8F74D452765AE90644B56A2B4EB8CB8BB9EB854AB77C8CB
2024-09-23T04:06:48Z,SOBE01 - TURNSTILE UHF-JN89hf,10285050,3677,594A010E6FAE360A17AD03E5
2024-09-22T16:53:42Z,EA4EKH-IN80nd,,,2629DAA6BA456D4131E654BB8182407314910FFA8AB24212D90D6607
2024-09-22T16:48:35Z,IU0JIW-JN61hl,,,38040D795653E5209863CC32AC84E2190C77DD700A07B6B3DD
2024-09-20T04:09:58Z,EA4EKH-IN80nd,,,CB1320A0EBF1F079070519FCE3113DAD594972930AA855D71512F6B5A8FBAB5F568E87
2024-09-18T03:46:14Z,SOBE01 - TURNSTILE UHF-JN89hf,10258438,3677,9864B6061B8644C4F2C656221B6C57536360
2024-09-11T01:14:56Z,M7RED-KO96ce,,,CA5D21F5A939F98FEED5AB5B548BFAD52CA33D9A2A35A4C246341B2C14F953E37C2F52FC13E3490273
2024-09-05T18:35:24Z,IU0JIW-JN61hl,,,383559F4446D6F9194C61E378EF47C7AD6443BAD2662D7B930853D918996
2024-08-24T15:31:06Z,M7RED-KO96ce,,,38B2D023DFA97FF31A3B475A08644444E8CE9109D0DB687B379C897493E5573991BE9B
2024-08-23T17:52:25Z,M7RED-KO96ce,,,167EC8E481C5B3C221345B839851BB5B123506BBABC59DB08B4AEF319268A528F2529E11432567C92ACC04E5112A1E72E388E7D732EAA1569DDE837895600D54E7
2024-08-21T15:40:41Z,M7RED-KO96ce,,,90F93086D05E233D9E5A60D40B75DAE28718B5184118945FB2C5BD8AE5
2024-08-18T03:39:31Z,M7RED-KO96ce,,,4DC5D488CCEEA8D154ED081E4F9E7A3ED65847D3094812436D8BAA76107204
2024-08-14T18:10:42Z,M7RED-KO96ce,,,279572A3A39B29DD9446D812B389E7E979
2024-08-10T17:17:50Z,EA4EKH-IN80nd,,,42B88D88CA5CC10581298E4263542E0F8E869D58D4069A7ACA5940F6
2024-08-06T04:05:14Z,EA4EKH-IN80nd,,,55ACE7DC284BDF7922F76E27642F5230F48982511514235A35EA
2024-08-03T02:36:45Z,M7RED-KO96ce,,,2500790C32E5FB07737BEA913C4CC16D
2024-07-27T00:03:18Z,M7RED-KO96ce,,,7FB1FA7BF23B3621CAC138FE5117BB79DA94
2024-07-17T00:54:14Z,M7RED-KO96ce,,,569D89414F495702A2758F00F183E36C25ABEDBAD62E3913B65FF6BD89F6
2024-07-12T15:52:17Z,M7RED-KO96ce,,,B3F2F4DCF3AE9109325AA6EA26459D95A583A150D805EC1406B2BF28455644A1E7488FD5DDCED5A8AAE7618F13
2024-06-30T16:18:26Z,M7RED-KO96ce,,,A0C580A520A21862A5B051A09ABAF6E46A37A5F215
2024-06-30T04:12:08Z,Apomahon-KM18ub,9769053,6,A3B05A10747893AC44691EA06FD0F805A10F3CBA490D
2024-06-15T15:05:22Z,M7RED-KO96ce,,,BF3429913874C0BB9ED9296E0F51AB475A88B1DDB9E7D93CEAEA69E39D5E
2024-06-14T17:23:49Z,M7RED-KO96ce,,,A81CDCDA45A29EBCF1B0CD172A42EFB231841EAD46D74829F281864C46657435B75EAB39F3BA0120D866D94D8D91789B8612046803F78EA5C4AE65A839B5DB3D464A
2024-06-13T05:49:22Z,IU0JIW-JN61hl,,,0835662312CDBAF8EBE64EB37843ADF9C4B3B937F2
2024-06-12T16:56:05Z,IU0JIW-JN61hl,,,E3CD1AC7033B70035350811686A24BA0738C93
2024-06-12T16:54:01Z,IU0JIW-JN61hl,,,0770694898A898446C15512A4C3682AD9C
2024-05-25T03:39:16Z,Apomahon-KM18ub,9585119,6,D5D538226B28D55E01128D51C367C43577FF9C3EB6A525D9973C0C2584D4A1
2024-05-09T04:44:38Z,IZ1VWE-JN44lj,,,0A4B484241B692E090415837FDB85D616C533C0CEA0EE5968D14CFFC93
2024-05-02T17:40:35Z,IZ1VWE-JN44lj,,,6CD3B46E62D8AB8EE182012C9DF3F60CB1AF48084D898943441C2EA6BA226DD67C019766B4B7B305021128C8DD682AE2C7E269AFBC0A65818ACE4833510D49EC7F5D84A40456C60E0C97BCCB6BB75E71D285E96BBBB16021ECD85B821D49
2024-05-01T18:18:02Z,IZ1VWE-JN44lj,,,6CB70142B219821E47D7316CE974907A725ADB
2024-04-09T17:52:37Z,IK1JNS-UHF-JN44ca,9337339,3523,601D7B
2024-04-07T03:27:42Z,M7RED-KO96ce,,,43AAD9D1E09985875AAC8A994FC522E08376381B98D4851D10E4
2024-03-21T18:56:51Z,IZ1VWE-JN44lj,,,B926B855EFCD8095DD41577570AE88B3D8B5449B7B11D2F69DE8256F38E0298B8E09533647CC
2024-03-13T17:07:18Z,SV1LJJ-KM18wa,,,44CDBADB18B6
2024-03-08T16:45:36Z,SV1LJJ-KM18wa,,,AC668329858E9E699B21319C9DDABC9307C9E4C6
2024-03-08T16:34:26Z,SV1LJJ-KM18wa,,,48AD525079A3B119156303364A5CDEEC2D46A21B238A
2024-03-07T17:14:54Z,SV1LJJ-KM18wa,,,405A3AEF0589512A1DCA9168CA104727C93802D97FA540ACB271B8
2024-03-07T17:06:02Z,SV1LJJ-KM18wa,,,C0CFA8A12EB4
2024-03-07T17:05:42Z,SV1LJJ-KM18wa,,,DC0BD9D7331EF01CDA05
2024-03-04T18:51:13Z,DL1JHR-JO60ln,,,54DE479765016887B06BD8533D4792B0785832EAEA911C
2024-02-20T04:26:55Z,DL1JHR-JO60ln,,,D26592741B0C16EF1E288CC2C8C5EEFB4D81E111C4E7BAF8
2024-02-16T17:06:35Z,DL1JHR-JO60ln,,,5D1FCF02E6216AE5324E96D9A2E3CE6392E798FC3C285AFD8374B6E78BE634D237577B9B8CAB92370F98
2024-02-15T03:55:57Z,DL1JHR-JO60ln,,,3B19F195F7EC9A6797D45D2B150D7BE16CAE
2024-02-02T18:36:41Z,DL1JHR-JO60ln,,,EFA421257FBFE6A3B5F1B7E63FA149F2B4
2024-01-26T03:57:41Z,DL1JHR-JO60ln,,,5C47A2FA74A5A84C038A4D4BC0DA9B65
2024-01-23T04:00:42Z,DL1JHR-JO60ln,,,BC85943D703394D36439CBF70017673286896C8C3CCF
2024-01-22T18:23:10Z,DL1JHR-JO60ln,,,308E0D8DD63BA8DE705EBDA68C609E990FD9DB2836CD80
2024-01-21T17:23:48Z,OE6ISP-JN77pa,8916596,3170,9669
2024-01-07T18:49:25Z,DL1JHR-JO60ln,,,148414B930E3302AC75E468CF61E7D0C667D07585176A549DD3EC09CC69B18CA2AC78681FD17B6468BB20A463E75C2
2023-12-23T00:32:47Z,M7RED-KO96ce,,,1F013DB814ABBDDA2DB20775F23A0210A2B0731E20F1022BA4078576CEAD6D0D49EA472E0819A879B8F3F4AD1D
2023-12-22T08:31:49Z,VK5KJP-UHF-PF95gd,8755297,331,407142499B9B0C9B69E29C588438091304391F2553468C19F3C06BC9838D694CB935A2BFF971B1C793D825A7C55280
2023-12-21T16:58:50Z,DL1JHR-JO60ln,,,1CE5DA2A738045ED5F943DDC2DF03C24397739C355A8D9185A02AB13
2023-12-21T01:37:59Z,EU1AEM-KO33ov,8740171,1710,C037BDD0A867FECBC639D0FDAF5B884401
2023-12-20T07:19:42Z,M0GKK-BB-IO91qf,8739803,2760,988940525B7667108E60F81391EA3C83E9
2023-12-20T05:30:22Z,M0GKK-IO91qf,8739846,2433,8083656AC1D2580C01
2023-12-20T03:51:01Z,EU1AEM-KO33ov,8735259,1710,088605E3AAD8124F4B04ED868D
2023-12-20T02:12:52Z,EU1AEM-KO33ov,8735255,1710,80C289E38C454C076A9A9924EB5C039907C03F1E24F1DCEF10
2023-12-19T18:09:03Z,FHAB GS1-JO66kt,8741631,1272,8F2BEDEE8619
2023-12-18T17:13:19Z,M0GKK-IO91qf,8734970,2433,805CD3965A026059159FDAD03917822EA4889AF0F23256142A
2023-12-18T17:10:33Z,EU1AEM-KO33nv,8728634,2029,80A47F2BBCAEC3186FD6337B599C
2023-12-18T17:08:38Z,PF_DE_UHF_X_DIPOLE-JN48iv,8736319,812,0034CE03918BC806A59B5D993575B2E0731D0F9302DB8DE873B04CBCB8B0
2023-12-18T17:03:06Z,M0GKK-IO91qf,8734970,2433,104A27
2023-12-18T15:29:28Z,EU1AEM-KO33ov,8728480,1710,E0A59AF5
2023-12-18T03:30:29Z,M0GKK-IO91qf,8728194,2433,60A2C42B
2023-12-18T03:28:18Z,SA2KNG Omni UHF/VHF-KP03cu,8732847,1864,D08111AF7C6C3A131B5D34CAB87531BC5E7E96B861291482D017D9A1CC28361894467773A6
2023-12-18T01:43:01Z,EU1AEM-KO33ov,8723669,1710,000BD53B1965
2023-12-17T19:18:32Z,Drachten-JO33bc,8730380,2015,4CE5B9C03F
2023-12-17T17:43:57Z,GAO UHF-JN87hg,8729951,2410,D6C9D5043D3068AAD8837E215AAB74A0A548870252685C98
2023-12-17T09:39:44Z,YB8XM-PI46ch,8727773,1597,009AE7C49747AB42
2023-12-17T09:39:28Z,YB8XM-PI46ch,8727773,1597,80743F1B96E2320F609CDB713F2A1CA8F9F3A2353B79A0E0A8E064D9D45D
2023-12-17T02:36:09Z,BYU Spacecraft Parasitic Lindenblad-DN40ef,8726661,3086,B154F6D1476427787E402F238141F0C21058
2023-12-17T02:16:23Z,EU1AEM-KO33ov,8715649,1710,00A203B064634F2BB4D1A6CC2A9EED62
2023-12-16T16:40:08Z,Lovets-KN12pq,8724406,3122,0420196420C6AC1A5301877177AA41E3EA367969DE1AC3A25FB235685B5ADE32D29CEA71707BC7B583BACAAC6C6EB8182A8AB378B014D97A858D
2023-12-16T16:35:16Z,M0GKK-IO91qf,8722413,2433,0A0A
2023-12-16T06:11:03Z,M0GKK-IO91qf,8715329,2433,00BE6223ADE55A84C55314CCE0D68B016B8A01
2023-12-16T04:35:46Z,EU1AEM-KO33nv,8710001,2029,90AC
2023-12-16T04:30:34Z,M0GKK-IO91qf,8715325,2433,53156E7910044860337289
2023-12-16T04:28:58Z,M0GKK-IO91qf,8715325,2433,405E2B
2023-12-16T02:52:21Z,EU1AEM-KO33ov,8709903,1710,8243
2023-12-15T22:10:29Z,M0GKK-IO91qf,8715315,2433,0042ABA375
2023-12-15T17:13:02Z,SA2KNG Experimental-KP03cu,8716447,1888,00249932A5FF5B859F5B24C0986DA7BA
2023-12-15T10:48:39Z,9V1KG-experimental-OJ11xi,8715212,2680,D5DF47
2023-12-15T05:08:51Z,PF_DE_UHF_X_DIPOLE-JN48iv,8713957,812,00A606787D
2023-12-14T19:25:17Z,PF_DE_UHF_X_DIPOLE-JN48iv,8711756,812,00DD2A0D452884BA37229A658F23323C4E03BC1F5C8D57360202DF1AA2279C3DDE3ACCEEADC21DA3886516A86AD0AC2E75
2023-12-14T07:22:42Z,M0GKK-IO91qf,8703312,2433,00F37A57
2023-12-13T18:23:08Z,Lovets-KN12pq,8704985,3122,2007C7
2023-12-13T18:22:12Z,Lovets-KN12pq,8704985,3122,E0E68B1478418E27C5F2F32E3DEB6225484B6E73CD0DD194668C5DB4F62519C1
2023-12-13T18:22:08Z,EU1AEM-KO33nv,8697571,2029,B688A611B3A2EB382CA38B07FE1CF505328A6A485CF75E10ECF8
2023-12-13T16:43:46Z,Lovets-KN12pq,8704679,3122,D0263AC555ACC81D9012EC
2023-12-13T16:40:28Z,M0GKK-IO91qf,8703285,2433,7C31B488CE17907FE5DBF12C09420B18
2023-12-13T04:34:40Z,EU1AEM-KO33nv,8691778,2029,D0
2023-12-13T01:26:19Z,M7RED-KO96ce,,,4267B254F5DC5CE5B2965362BA826E1BF14791473D478D9784DD0657DF7532E61FB4
2023-12-12T22:15:52Z,M0GKK-IO91qf,8697029,2433,B06B88E415CD742D61C26C53
2023-12-12T22:13:05Z,M0GKK-IO91qf,8697029,2433,1069E38DEA8977
2023-12-12T18:57:27Z,PF_DE_UHF_X_DIPOLE-JN48iv,8699846,812,4A95AE407F72CDC43B133BCD954B
2023-12-12T18:57:07Z,PF_DE_UHF_X_DIPOLE-JN48iv,8699846,812,002F9250A301A21E317BACCC
2023-12-12T17:19:52Z,Lovets-KN12pq,8698757,3122,EA018084A9A338DB4E990F75F64C300F0541248674969A5D5D3B6799E844167E
2023-12-12T05:17:53Z,M0GKK-IO91qf,8691189,2433,C025
2023-12-12T05:13:39Z,Lovets-KN12pq,8695337,3122,60515DDBF8417BED6DD1BFD1360176964AAB245C9852821ECC31A3D350C4FAA8E3B90C9B5169705ED7970179C7EABD9274357A5BA715A2253E984BAD1C37B53ACD991758DE043394F2AEE457A96D0923D13B2A8140C11CCF7595863D912809CCCE1E143A294DECFD25BB248182407EBE9ED268E218C41D6B
2023-12-12T03:38:15Z,SA2KNG Omni UHF/VHF-KP03cu,8695148,1864,62C3C4C0EC2B3615EA01522F
2023-12-12T03:36:40Z,M0GKK-IO91qf,8691186,2433,585DCE8E31DD58
2023-12-12T01:52:42Z,EU1AEM-KO33ov,8686093,1710,B4
2023-12-11T17:56:12Z,EU1AEM-KO33nv,8686163,2029,1081EBF72ED0AAD4CC157BE82940CCAA
2023-12-11T17:55:46Z,M0GKK-IO91qf,8691170,2433,405EC81B
2023-12-11T17:51:16Z,EU1AEM-KO33nv,8686163,2029,B0CEE83B271AB328726588DCB5
2023-12-11T05:52:41Z,EU1AEM-KO33nv,8680288,2029,92F7CA4D1AC6A9F05CD1D9D1
2023-12-11T02:35:53Z,M0GKK-IO91qf,8685249,2433,783AE1610920C7E3A12ED24AFF5654
2023-12-11T02:35:52Z,M0GKK-IO91qf,8685249,2433,60207F2438641A395AEBE674
2023-12-11T02:33:05Z,M0GKK-IO91qf,8685249,2433,9040
2023-12-11T02:32:26Z,M0GKK-IO91qf,8685249,2433,C01841AA9C8760812F9155E3AA20FE1DA9D90050E54A21
2023-12-11T02:30:37Z,M0GKK-IO91qf,8685249,2433,001DCC0D125174D3C141E35039E106649C0EDED0EEE9A436CD10DC4A528050
2023-12-10T21:47:56Z,M0GKK-IO91qf,8685241,2433,42D0EA7E8942BF45EABC364BC752E3330D6EAE70
2023-12-10T16:48:44Z,Lovets-KN12pq,8686987,3122,00
2023-12-10T06:23:06Z,EI0RSI - Radio Scouting Ireland-IO63pp,8683050,1889,CA
2023-12-09T19:06:09Z,Drachten-JO33bc,8681344,2015,A0C24E8637583484635C6C4324B6545E
2023-12-09T18:59:36Z,EI0RSI - Radio Scouting Ireland-IO63pp,8681270,1889,00D007B93A
2023-12-09T17:21:40Z,EU1AEM-KO33nv,8675047,2029,C0854E
2023-12-09T03:36:53Z,SA2KNG Experimental-KP03cu,8677812,1888,00
2023-12-09T03:36:03Z,SA2KNG Experimental-KP03cu,8677812,1888,800C7A003501F167E2832500EF99774228A9B4
2023-12-08T18:00:15Z,SA2KNG Experimental-KP03cu,8675855,1888,4070684E7B79778CFF1F6A30A395521D2A
2023-12-08T17:55:06Z,SA2KNG Omni UHF/VHF-KP03cu,8676019,1864,545B57AED92B6A845E5752A50B71B77A7A32EF95CF1C34981140905DC43A0D33B7C22E8A10
2023-12-08T16:14:34Z,EU1AEM-KO33ov,8668478,1710,58A35D9FDE0A8DC64131A81BE5FA1D
2023-12-08T09:41:46Z,9V1KG-experimental-PK04lc,8673482,2680,C01A
2023-12-08T06:00:41Z,EI0RSI - Radio Scouting Ireland-IO63pp,8671488,1889,00A1DEA9B3FB41488027FD74424A0972D479EB126A2BE1EA40024CB56CA94AD14E7330
2023-12-08T05:59:24Z,EI0RSI - Radio Scouting Ireland-IO63pp,8671488,1889,D8AB2FA15CB4D171CD1ABDD31E16772C34A120B4F923C9C05CBD3AD7576523A1625AA1
2023-12-08T02:32:10Z,EU1AEM-KO33ov,8662356,1710,3DC01AD3382EDFC762F86111E725C73DA62B179974CED7E6E5
2023-12-07T04:55:38Z,M0GKK-IO91qf,8661855,2433,808C
2023-12-07T04:45:55Z,Drachten-JO33bc,8666759,2015,60A3140038133CBB49400F6FB640AF272843D4C3638EEF19929B9DCC1D5E912DFAF8
2023-12-06T19:02:44Z,Drachten-JO33bc,8663761,2015,00CE5E559D1D9317BB1200D1E06F73C7A13D0C4D8C4E10641E96A28158182EE50408A5C927A27688F0098A717DE3129F801E24645CC9
2023-12-06T15:46:22Z,EU1AEM-KO33ov,8655673,1710,802645A441
2023-12-06T15:44:07Z,EU1AEM-KO33ov,8655673,1710,582E472F6147
2023-12-06T05:27:48Z,Drachten-JO33bc,8660524,2015,D09D
2023-12-06T05:27:48Z,Drachten-JO33bc,8660524,2015,BCC54141
2023-12-06T05:24:46Z,EU1AEM-KO33nv,8650397,2029,4085E091164B113845
2023-12-06T05:19:00Z,Drachten-JO33bc,8660524,2015,A8E2
2023-12-06T03:46:46Z,SA2KNG Omni UHF/VHF-KP03cu,8659643,1864,1B76AD31514549B620655DC19003904BB618E461
2023-12-06T03:46:00Z,M0GKK-IO91qf,8655388,2433,00
2023-12-05T16:25:33Z,EU1AEM-KO33ov,8650263,1710,F0DA5A2F6772732C
2023-12-05T16:25:27Z,EU1AEM-KO33ov,8650263,1710,704A6BC2F9C3304BBE2DDDB732599697C5A9C8A65A59F4E02E3392F5621EA07F664A0CBD6E99226FC05DF1
2023-12-05T04:14:04Z,YO2CIP-KN05ot,,,D8B576E7894A04B89A9951DA7B4B9E287D
2023-12-05T04:13:58Z,M0GKK-IO91qf,8649735,2433,803C58088C91D2DA80
2023-12-04T16:59:13Z,SA2KNG Experimental-KP03cu,8651172,1888,383438C3428C09A0CEAB88A69CD9E269
2023-12-04T04:57:46Z,M0GKK-IO91qf,8643392,2433,A008AEDACBEAAA3234EABBD5D1
2023-12-04T04:55:27Z,EU1AEM-KO33nv,8638046,2029,981957DD84A07925
2023-12-04T04:52:33Z,EU1AEM-KO33nv,8638046,2029,002EC4C19EDCB1F51F75BF650D0F7F8ADAD75C14EB2A7B2B4206
2023-12-04T04:48:05Z,Lovets-KN12pq,8648272,3122,C03D4B81BC0CC145216760BD18E8E0949D2500389989E378CC0E0C08125C935ACEC5709C6103455DE8
2023-12-04T03:20:19Z,M0GKK-IO91qf,8643389,2433,00AAB9C9595B04CC
2023-12-04T03:19:25Z,M0GKK-IO91qf,8643389,2433,178CD3452E0B
2023-12-04T03:13:29Z,M0GKK-IO91qf,8643389,2433,00A0803707821E
2023-12-04T03:11:43Z,M0GKK-IO91qf,8643389,2433,3204F51249AF455B711EF31BDB
2023-12-04T03:11:27Z,EU1AEM-KO33ov,8637932,1710,805CA47183688685C9E1509854115B2997E045AD5C
2023-12-04T01:33:21Z,EU1AEM-KO33ov,8637972,1710,007AE23472A36E7311EE69D801D2A077D3C9BA5AEE02CBDECF2B
2023-12-03T17:33:40Z,SV1LJJ-KM18wa,,,0003C16F530968AA64B81EEC6151B1DE9320
2023-12-03T09:22:13Z,YB8XM-PI46ch,8642418,1597,7E
2023-12-03T05:34:17Z,M0GKK-IO91qf,8637463,2433,00
2023-12-03T05:31:52Z,EU1AEM-KO33nv,8630527,2029,20B3273AC14A
2023-12-03T05:27:44Z,PF_DE_UHF_Yagi-JN48iv,8641832,980,8001EF54352A9E
2023-12-03T05:24:42Z,PF_DE_UHF_X_DIPOLE-JN48iv,8641694,812,8028
2023-12-03T03:46:15Z,EU1AEM-KO33ov,8630409,1710,703E982E7491A9B5E9C89EB2969D92214A423C81CEE14409D604601364824850C9A4A1
2023-12-03T03:45:04Z,EU1AEM-KO33ov,8630409,1710,80FD6C76944B1DEEAA0A591464CD146B3857BA6F13850E0BAA103207ED858DCD
2023-12-03T02:15:21Z,M0GKK-IO91qf,8637458,2433,80DC0E87A3
2023-12-03T02:14:26Z,M0GKK-IO91qf,8637458,2433,002CFD4E3700261EB20A6456A862E4
2023-12-02T19:43:45Z,EU1AEM-KO33nv,8630556,2029,00ED16C0DCD68D342AF1033C9E6AE2BF236BA7781D8E
2023-12-02T18:05:02Z,GAO UHF-JN87hg,8639290,2410,F0D2
2023-12-02T06:05:31Z,PF_DE_UHF_X_DIPOLE-JN48iv,8636565,812,366BA6E9A1ADE82EC7C7D8198AD3D2
2023-12-02T05:59:58Z,PF_DE_UHF_X_DIPOLE-JN48iv,8636565,812,904D3D84712BB9F6D7
2023-12-02T04:24:47Z,Lovets-KN12pq,8636208,3122,C09A63431E48B35E6865AE1E8E34ED699CA4A6069E2CE8DE3C4F8BDFB562F71239A8A052961CDBCE61CD
2023-12-02T04:24:35Z,M0GKK-IO91qf,8630115,2433,009ADC7BEABDDCFD44A49C4ABA7E47D481ED01F63C52E531
2023-12-02T04:19:08Z,Lovets-KN12pq,8636208,3122,3412F5
2023-12-02T02:49:39Z,M0GKK-IO91qf,8630113,2433,60A548
2023-12-02T01:26:52Z,chevyman142000-EN53oe,,,27DF20CF5BD9C23A2640F133F36D229088B1AC38CD34C1
2023-12-01T17:05:55Z,M0GKK-IO91qf,8630091,2433,806D2A25C54979
2023-12-01T17:02:17Z,SA2KNG Experimental-KP03cu,8631070,1888,88
2023-12-01T08:20:46Z,M0GKK-IO91qf,8625288,2433,00
2023-12-01T04:58:21Z,M0GKK-IO91qf,8625281,2433,C8932E5835F3C67D5A616E
2023-12-01T04:52:00Z,M0GKK-IO91qf,8625281,2433,1CB6519D90F5DA7039963BDC1BD9A3CD032BEFDE5F312822A86D9B6A17C45A0BA0351DEF56D798D40EC355010E47A09BECF5
2023-12-01T03:25:02Z,M0GKK-IO91qf,8625278,2433,C2B76A02220955C8EE51AA96EB02FE73F1EC2D2340D261D5C2
2023-12-01T03:19:00Z,Lovets-KN12pq,8628615,3122,40A10CD7D504E37266D619BEB085CA4BECEC
2023-12-01T03:18:40Z,YO2CIP-KN05ot,,,2882BC62C0426272B45251A1D44BF0173586FAD9A55A68C43C7A9ADFF9EC255D3AF515578A408F779580
2023-12-01T03:15:54Z,Lovets-KN12pq,8628615,3122,607372CB14706A
2023-12-01T03:15:48Z,M0GKK-IO91qf,8625278,2433,D6B7C7AB416C739B896054C6D5BE48D2
2023-12-01T03:15:31Z,EU1AEM-KO33ov,8616968,1710,80AF3D51B641770C832E0B0CF87880B2
2023-12-01T01:38:24Z,EU1AEM-KO33ov,8616964,1710,00AC16135AB5388F1B5B35DF4A4DC7B5BDE589225E
2023-11-30T19:17:24Z,PF_DE_UHF_X_DIPOLE-JN48iv,8627066,812,90866341E54EA4CCB2D02143CC448A68AFD50823596545817AC1CB51533173D095
2023-11-30T19:15:46Z,Drachten-JO33bc,8626907,2015,EFE5E735288A21054836DE26B7465A75A84E0AF2C9
2023-11-30T19:12:55Z,Drachten-JO33bc,8626907,2015,8096C688E58858A2AD721ABA31AC23745C760B0995711255DDE9FE7B0FC97AA6941F5F5D1B953B0595BABE2BD273F49E023D13885A7170A7
2023-11-30T05:32:29Z,PF_DE_UHF_Yagi-JN48iv,8621570,980,6F69F8E3E5E4
2023-11-29T18:12:59Z,PF_DE_UHF_Yagi-JN48iv,8618232,980,702A19068F85428A9A498E0034F9A79BC944A6EB3400F73D0AB38FED21CC6E7A2D6A5B494991A5A69491D3BD73262E198E761918227677E0B924D3A345B73FF80B5953
2023-11-29T18:12:42Z,IZ1VWE-JN44lj,,,075EDD091D8C224609849955317575A1
2023-11-28T20:22:30Z,M0GKK-IO91qf,8609583,2433,38C343AA661748ACE4281B774A579D89EC997957B44C7B486969
2023-11-28T18:50:20Z,M0GKK-IO91qf,8609579,2433,00D7D292803D99
2023-11-28T18:50:12Z,M0GKK-IO91qf,8609579,2433,809ACBEEB463C39BE01C063A
2023-11-28T18:44:57Z,EU1AEM-KO33nv,8601985,2029,F078E4445113CF12E6F64DF2D349EA5304306A90668C59D81BAD3D30EE8EE818FCFE626FE8976E
2023-11-28T17:12:13Z,M0GKK-IO91qf,8609576,2433,489945F5AA64A61218AFA3E3933DED54D75DD866A5042892DB37E7405B9C2023756FCB39AE8B6F62F2
2023-11-28T17:11:57Z,EU1AEM-KO33nv,8601982,2029,D882AD5F495D74F529472178A0A86C35
2023-11-28T17:05:42Z,SA2KNG Experimental-KP03cu,8610566,1888,E0F3E63300D3842D1633
2023-11-27T05:34:27Z,GAO UHF-JN87hg,8600347,2410,30D5328053623602F635B539
2023-11-27T04:03:18Z,M0GKK-IO91qf,8596384,2433,18CF792CAA25B4
2023-11-27T04:02:11Z,GAO UHF-JN87hg,8600048,2410,D82A4B84EF
2023-11-26T21:32:14Z,M0GKK-IO91qf,8596373,2433,401B465C
2023-11-26T16:38:06Z,SA2KNG Experimental-KP03cu,8597693,1888,C06828231C74077F39
2023-11-26T04:34:11Z,EU1AEM-KO33nv,8589265,2029,00084A2606FBE092E443850B887A
2023-11-25T17:11:59Z,EU1AEM-KO33nv,8589232,2029,DE6FF328E3EB71D43B6187D32B
2023-11-25T15:32:07Z,EU1AEM-KO33ov,8588956,1710,007FE51E3B86
2023-11-25T15:29:28Z,EU1AEM-KO33ov,8588956,1710,0007BF80844676971475C7E6
2023-11-25T10:46:30Z,9V1KG-experimental-PK04lc,8588147,2680,C0FD
2023-11-25T10:38:11Z,9V1KG-experimental-PK04lc,8588147,2680,00F44C6840436749D1
2023-11-25T06:51:52Z,M0GKK-IO91qf,8582963,2433,00FB7B1B4C282238
2023-11-25T06:42:10Z,M0GKK-IO91qf,8582963,2433,40ADAC70D4D0F1
2023-11-25T05:10:24Z,M0GKK-IO91qf,8582960,2433,60106E025709
2023-11-25T05:07:19Z,PF_DE_UHF_Yagi-JN48iv,8586981,980,C0F1DD5485
2023-11-24T12:21:49Z,MAUSyagi-DN70ja,8581708,1675,D5C3
2023-11-24T12:20:12Z,MAUSyagi-DN70ja,8581708,1675,0CABC65D67E566DE30DAEFA911B7CB187F653058AECA33CDF689628C985F1AC30A6AACA952495D8E3D1E742C9FDDBC01C993
2023-11-24T07:22:51Z,M0GKK-IO91qf,8574518,2433,403D43E1CF4921876A5EA3A2DC04D62B5A2144
2023-11-24T04:05:28Z,SA2KNG Omni UHF/VHF-KP03cu,8580878,1864,808B7904C22E9E413AA2DBF9520257038B5E8452DFD2CE7555
2023-11-24T04:02:18Z,Drachten-JO33bc,8580916,2015,9147C8796D19ADE44AFF99A34D6FA44A6828959067F724
2023-11-23T10:17:44Z,YB8XM-PI46ch,8574054,1597,204F581DEF50B5461BAD5780897F6D
2023-11-23T10:16:05Z,9V1KG-experimental-PK04lc,8574067,2680,A5AD478870BB
2023-11-23T10:10:11Z,9V1KG-experimental-PK04lc,8574067,2680,802D9684D6
2023-11-23T07:59:58Z,M0GKK-IO91qf,8568115,2433,008AB5134C2410F569D6C8549996F57B0B070075ABB4A34F6E08EF29F4D7735D48E889D87892CAB026D0CD625C9A
2023-11-23T07:57:59Z,M0GKK-IO91qf,8568115,2433,40340F
2023-11-23T06:14:42Z,M0GKK-IO91qf,8568110,2433,20492120AC
2023-11-23T06:11:27Z,M0GKK-IO91qf,8568110,2433,604E7E1C1B61AB3556900A11C12E770AF608D75BA0101BC140A44D8CDA221C7541F6
2023-11-23T04:35:04Z,M0GKK-IO91qf,8568107,2433,C01AB483708A514518E3D58E6D89
2023-11-23T04:31:56Z,M0GKK-IO91qf,8568107,2433,D8DAE3D1132592CCE774ADF1D4F9ABC71988299DA83B30660BC28E83DA56A99087CDD2A46E0F6C377398A9597CC1A5F716EF11BD8CFC44CD9B67A1CB17
2023-11-22T21:44:14Z,9V1KG-experimental-PK04lc,8571841,2680,D4
2023-11-22T18:58:53Z,PF_DE_UHF_X_DIPOLE-JN48iv,8571493,812,A09357E6
2023-11-22T17:14:05Z,M0GKK-IO91qf,8568086,2433,00CB3D64ABEB2297B232954FDC7026A66626
2023-11-22T05:18:19Z,M0GKK-IO91qf,8559597,2433,6493EE1089762A0154AE67E198
2023-11-22T05:17:00Z,Drachten-JO33bc,8565890,2015,DA401C
2023-11-22T05:16:47Z,Drachten-JO33bc,8565890,2015,229CF63B35728BB4C596872A56
2023-11-22T05:12:43Z,PF_DE_UHF_Yagi-JN48iv,8566028,980,B678F09DF1578842EFE250DEA1
2023-11-22T05:11:09Z,Dunchurch-IO92ii,8565905,766,4B98B1976FDB5BF748D06D1A2A1AE3
2023-11-22T03:39:33Z,M0GKK-IO91qf,8559594,2433,00A76419E0
2023-11-22T03:36:45Z,SA2KNG Omni UHF/VHF-KP03cu,8565683,1864,80E1059184E2CC6D67
2023-11-22T03:34:13Z,SA2KNG Experimental-KP03cu,8565627,1888,00C812
2023-11-21T18:15:55Z,SV1LJJ-KM18wa,,,C07C8F2A4C6D81ADB506
2023-11-21T18:06:51Z,SV1LJJ-KM18wa,,,8E2833B56B864EF526E0
2023-11-21T17:57:40Z,M0GKK-IO91qf,8559573,2433,2072FC
2023-11-21T17:54:56Z,SV1LJJ-KM18wa,,,48CDCE5E7BF664
2023-11-21T17:54:06Z,M0GKK-IO91qf,8559573,2433,C0
2023-11-21T17:48:14Z,M0GKK-IO91qf,8559573,2433,502D7A711E04F8
2023-11-21T16:12:18Z,Lovets-KN12pq,8560545,3122,4085A382FB2C4EF5E6E7E2672E50F30F39523C614F
2023-11-21T09:39:30Z,9V1KG-experimental-PK04lc,8559094,2680,B864984D49
2023-11-21T07:30:37Z,M0GKK-IO91qf,8553786,2433,7C6F73833800338E709C916290336EE81259DA
2023-11-21T05:53:21Z,M0GKK-IO91qf,8553783,2433,9A2F92E647BD9183241C779225DE77
2023-11-21T05:48:45Z,M0GKK-IO91qf,8553783,2433,40669FA4EC911E18E24489AFE469A6B8D53EAF861831C6CEC965B31ED51248B0E84652
2023-11-21T05:48:18Z,M0GKK-IO91qf,8553783,2433,A066874873782283598F
2023-11-21T04:10:55Z,M0GKK-IO91qf,8553781,2433,60
2023-11-21T04:03:46Z,Lovets-KN12pq,8557289,3122,CC395B8974F09C84
2023-11-20T21:40:38Z,M0GKK-IO91qf,8553771,2433,40917ED7E2843933CD09B59D579D62D309E8A0A27498C042FAE320AE
2023-11-20T08:06:07Z,M0GKK-IO91qf,8546448,2433,8028BF09350D8BD856BC800A641B2A7B52B55C0185992CA3CA6A8F670C4B02389B994F109511E758131B2FB13921CF746704B247A96839
2023-11-20T08:01:59Z,M0GKK-IO91qf,8546448,2433,0065AFA0BCCBA3F192C735F0
2023-11-20T07:58:49Z,M0GKK-IO91qf,8546448,2433,A03CCDB38F973154E58E92E0B0E2
2023-11-20T06:29:16Z,M0GKK-IO91qf,8546445,2433,7459560A8B
2023-11-20T06:27:21Z,M0GKK-IO91qf,8546445,2433,54E32E62161B295DF039E3FA2D19
2023-11-19T19:03:44Z,EU1AEM-KO33nv,8543066,2029,A77D208B80F77EC04206D91D174FDC931995
2023-11-19T19:01:15Z,PF_DE_UHF_X_DIPOLE-JN48iv,8548164,812,60AC6B68B13585A74B620D15070755151C0F5F63FF9DA7C4FA53B390FCDC76DE1401
2023-11-19T12:00:29Z,chevyman142000-EN53oe,,,891A24301D1413FF627F5470EC3886EACE1D4A04C0C252F85AE0
2023-11-19T05:23:12Z,Drachten-JO33bc,8545171,2015,80989295C469C48B18078A74CBA3D152C955F3B1A918DE22E76F1C2827
2023-11-19T05:16:24Z,Lovets-KN12pq,8545199,3122,0064401B4660FF4D
2023-11-19T03:35:03Z,EU1AEM-KO33ov,8535078,1710,60A11B2DE6DB1B09808C606F2ED685
2023-11-18T17:56:48Z,EU1AEM-KO33nv,8535238,2029,7019E33547EF
2023-11-18T17:53:34Z,GAO UHF-JN87hg,8542162,2410,0138A803838338C5BBBB6181BC76B75666
2023-11-18T05:49:57Z,IU0JIW-JN61hl,,,460C3A6BD9118D6C3875CA0BAD3A00B7E32D32A49CD60C076C2D2A697E61C99B4AEB87E79057648174
2023-11-18T02:37:29Z,M0GKK-IO91qf,8533439,2433,0099E1ED905BAE9F
2023-11-18T02:33:08Z,EU1AEM-KO33ov,8535019,1710,00796E370B48ED
2023-11-17T18:30:04Z,EU1AEM-KO33nv,8522199,2029,80
2023-11-17T04:47:37Z,EU1AEM-KO33nv,8522172,2029,F00A455969
2023-11-17T04:41:17Z,Lovets-KN12pq,8531737,3122,00
2023-11-16T17:25:19Z,EU1AEM-KO33nv,8516271,2029,90630348DCD77865E4CA1E7BA85CDDC2FC4F6D9E2BCBC6DC763A368C6262D068
2023-11-16T05:27:54Z,Drachten-JO33bc,8525848,2015,AC5C05
2023-11-16T05:23:22Z,Drachten-JO33bc,8525848,2015,B5408B
2023-11-16T05:20:17Z,Drachten-JO33bc,8525848,2015,A0D2B4FB2B6752E11D6ECAA6D6DA792D3B5E5485AF0E5EDDA426943862F4
2023-11-15T21:23:51Z,M0GKK-IO91qf,8520313,2433,78CC723554ECA4719DE62131AD75520F070F16B90C2CCF
2023-11-15T19:42:58Z,M0GKK-IO91qf,8520308,2433,0027B5D35EA0843203285331B69A5D26A3DCD512867A6BCC8C71C0230C6E
2023-11-15T16:23:49Z,M0GKK-IO91qf,8520301,2433,000AA8
2023-11-15T06:03:29Z,M0GKK-IO91qf,8514773,2433,E0B2E830C5
2023-11-15T05:58:47Z,M0GKK-IO91qf,8514773,2433,9C02A279A745CA7A15767B417DF17A0F0843D7D2A01B9D2EBD41509895254B7B5E6E5330C98D00D23C327B8FE74813008F26843CF29B0322E041E5C9A2
2023-11-15T05:56:59Z,M0GKK-IO91qf,8514773,2433,86
2023-11-15T04:19:27Z,SA2KNG Omni UHF/VHF-KP03cu,8518445,1864,D83C2B9B2A6C
2023-11-15T04:12:43Z,M0GKK-IO91qf,8514770,2433,B045CC653120A746A1CE
2023-11-14T18:37:18Z,EU1AEM-KO33nv,8510828,2029,70DFEC
2023-11-14T18:37:05Z,FHAB GS1-JO66kt,8516360,1272,91A2D4
2023-11-14T18:33:06Z,FHAB GS1-JO66kt,8516360,1272,8053AB228AEF253D28
2023-11-14T06:31:32Z,M0GKK-IO91qf,8507369,2433,4096A524F9D858504C278C0BB5CB6B0FDD
2023-11-14T06:28:57Z,M0GKK-IO91qf,8507369,2433,6C40
2023-11-13T19:12:05Z,EU1AEM-KO33nv,8510772,2029,C835B16683396B4845B1B590
2023-11-13T17:30:29Z,EU1AEM-KO33nv,8498521,2029,E2
2023-11-13T05:27:23Z,PF_DE_UHF_Yagi-JN48iv,8505739,980,92A6E9F2020872CBAD9D5491345EA756E135B20C4BD9ABA2F0223A113A2832
2023-11-13T05:25:27Z,Lovets-KN12pq,8505660,3122,24F955537959A3
2023-11-13T05:21:56Z,AAS Ager Carballada-JN02ia,8505596,1672,AADC846E48AE3455CBAA007703ADCE7AF8F5B0
2023-11-13T03:47:37Z,Lovets-KN12pq,8505408,3122,28
2023-11-12T18:09:03Z,PF_DE_UHF_X_DIPOLE-JN48iv,8503609,812,9B5428DBD3C527DDB8303A4FA3E9
2023-11-12T18:06:35Z,Drachten-JO33bc,8503510,2015,F859818319408F15
2023-11-12T18:05:17Z,PF_DE_UHF_X_DIPOLE-JN48iv,8503609,812,80EB448D22BAD2AC701B54AF23
2023-11-11T08:18:12Z,M0GKK-IO91qf,8489869,2433,A0F18832
2023-11-11T08:17:57Z,M0GKK-IO91qf,8489869,2433,800930AB3340D374BD89796A6B46DD748D1189504D504F84
2023-11-11T06:42:33Z,M0GKK-IO91qf,8489865,2433,C0D0A49E1E87A72E4B77E0820023A3D746
2023-11-11T06:39:34Z,M0GKK-IO91qf,8489865,2433,B2ED39B3B618D3DE0C6872A62D
2023-11-10T19:17:14Z,EU1AEM-KO33nv,8486402,2029,20CE042325549265
2023-11-10T05:36:30Z,EU1AEM-KO33nv,8479775,2029,80
2023-11-10T05:34:15Z,GAO UHF-JN87hg,8488617,2410,707AE0E416518B9075950D1620AF282398
2023-11-10T03:49:43Z,M7RED-KO96ce,,,E40E730F36B608B810749D4FA0C84C8746BB5ABC2628
2023-11-09T21:30:47Z,M0GKK-IO91qf,8483669,2433,AE9064B0A09A609C6EA6968640E103F05000000000010042454157483258504D17C2C144B81256234468220000000000000000000000000000000000000082FFF32BF2FFF3FFF303F0FFF3FFF3AAF2FFF3FFF303F0FFF3A2F2FFF35BF1A8F0FFF347F359F1A9F00FF317F3FFF33FF361F2FFF344FFA4FFE4FEB0EC6FFD7D0102FF0000000000000305010601030200000001F0
2023-11-09T18:10:10Z,Lovets-KN12pq,8486079,3122,E01D8EE138
2023-11-09T18:06:26Z,M0GKK-IO91qf,8483662,2433,38F138149B733DF1B6DA9AA52BDBCC0A9EC722
2023-11-09T16:33:00Z,M0GKK-IO91qf,8483660,2433,40BBAE6B98DE159985EE81240A39
2023-11-09T16:31:13Z,Lovets-KN12pq,8484833,3122,F0F95C7DEA86C355A74CEAFAE53D31138812878C3223DCEE1720
2023-11-09T06:09:18Z,PF_DE_UHF_X_DIPOLE-JN48iv,8482619,812,DC753A4B278F2E22
2023-11-09T06:05:49Z,Drachten-JO33bc,8482469,2015,8030F572
2023-11-09T04:22:16Z,Lovets-KN12pq,8482183,3122,806A0E4B
2023-11-08T18:47:26Z,Drachten-JO33bc,8479450,2015,842B89
2023-11-08T18:42:00Z,Drachten-JO33bc,8479450,2015,6032B5
2023-11-08T15:18:59Z,M7RED-KO96ce,,,A425072FAD2EE258572FE39232844C32A880B40AB5F71DEBD61510F17876F895E16981BBDD24A805166F
2023-11-08T04:57:51Z,EU1AEM-KO33nv,8467070,2029,405136BE4FF45C1E
2023-11-08T03:20:01Z,M0GKK-IO91qf,8471348,2433,20A5323701F3AC8CD5E31E9DBAA3B781DA62586999441479238A3C5B52C9D4E7574E
2023-11-07T19:20:21Z,PF_DE_UHF_X_DIPOLE-JN48iv,8473872,812,2655DA61
2023-11-07T17:38:33Z,Drachten-JO33bc,8473045,2015,E012B308E7954248E0B1DCCC
2023-11-07T17:36:20Z,Drachten-JO33bc,8473045,2015,8275BAB6E7A36314EBB994EDC8253FB93B355DA3A1D8B6AA035D80F6FEB5348730B890
2023-11-07T07:15:25Z,M0GKK-IO91qf,8465034,2433,0072CD13EF0ED5394520FFE09C90204091092DBF
2023-11-06T18:22:19Z,GAO UHF-JN87hg,8466693,2410,88C49C0C294F
2023-11-06T18:15:12Z,Drachten-JO33bc,8466617,2015,48FEB4DEC2BF35F0A951BE3CAD31A19B70755312EDD01CE50827B410595CCF059EB160
2023-11-06T16:37:24Z,M0GKK-IO91qf,8465004,2433,C06F639F58
2023-11-06T16:37:01Z,M0GKK-IO91qf,8465004,2433,EED5F3BAEEC5AC6D1D1B2884437BEE4AC298FF72BB41BC4DC6801D078E1587418FCD2D4D
2023-11-06T16:32:36Z,M0GKK-IO91qf,8465004,2433,80E77482915BC59253A8B25CA81769DD2072B15A24CA35DE03249CC94BF78A5D31435F4AE4A5D3048627CEB4618FE8A016F59589F12729
2023-11-06T04:34:21Z,EU1AEM-KO33nv,8455458,2029,C04081A6A437E55C21C59527815A7B
2023-11-06T04:34:00Z,EU1AEM-KO33nv,8455458,2029,824391F0D5D7C3AFDB36DCC8
2023-11-06T04:33:57Z,SA2KNG Omni UHF/VHF-KP03cu,8463430,1864,D0
2023-11-06T04:32:49Z,EU1AEM-KO33nv,8455458,2029,8CADBB77467BEA225EAAD54193F6B0DBF0F5D800FDA2
2023-11-06T04:32:05Z,EU1AEM-KO33nv,8455458,2029,B8
2023-11-05T17:16:14Z,Lovets-KN12pq,8460846,3122,00
2023-11-05T17:15:32Z,Lovets-KN12pq,8460846,3122,CC5C78B865
2023-11-05T17:11:29Z,M0GKK-IO91qf,8459178,2433,3404170C64B2260DB2EE950CA8D1
2023-11-04T17:49:42Z,Drachten-JO33bc,8455093,2015,00
2023-11-04T16:06:22Z,Lovets-KN12pq,8454273,3122,E0D43D533AE36C6787A3
2023-11-04T09:39:13Z,YB8XM-PI46ch,8452786,1597,34CE4208EC7CA5E6
2023-11-04T09:35:09Z,YB8XM-PI46ch,8452786,1597,400C607323EE20EF4AAFE18594D5353C23ADC2C6EA85424B163785C014133EE3907ADC4BB429
2023-11-04T05:44:31Z,Drachten-JO33bc,8451949,2015,1AC6622795FB833AF0BCEDC827CA48602F60F8EFAD6C2960D4D91DFA00B1
2023-11-04T05:44:11Z,EU1AEM-KO33nv,8442673,2029,E0A08089
2023-11-04T05:41:40Z,Drachten-JO33bc,8451949,2015,C4FAAB1D565F8A38AD9B4E8516CA8200648ABE9ED8F19F78953434B2F7C3B3557436C830
2023-11-04T03:57:44Z,EU1AEM-KO33ov,8442457,1710,90
2023-11-04T03:56:38Z,EU1AEM-KO33ov,8442457,1710,00C7BFD86810B109FB18A74DB7AAFCEA4E23AAF3
2023-11-03T18:22:55Z,EU1AEM-KO33nv,8442582,2029,4C7A7F2B79896D
2023-11-03T06:10:56Z,M0GKK-IO91qf,8440679,2433,90ADB7D51031C75850A374F6DD4EA1A6698963CC7B33115893CD
2023-11-03T04:34:47Z,Drachten-JO33bc,8444375,2015,4CF7B9E333F04EC8145BE21ECFB37802E3E79D4E27B10611AC6C
2023-11-03T04:33:47Z,M0GKK-IO91qf,8440675,2433,2FE0EA013ABF024890DD5C21F762211CB399D1F503EDAEB7
2023-11-02T23:16:35Z,NuSpace SN2-OJ11vi,8441890,3259,25B5E30039C9F35474B7BAE0F6637FD873A9
2023-11-02T18:57:03Z,Drachten-JO33bc,8442400,2015,80B5387448AE5189F4DA0D48D1E29F8993
2023-11-02T17:18:52Z,M0GKK-IO91qf,8440648,2433,68EB5CAC
2023-11-02T17:15:48Z,M0GKK-IO91qf,8440648,2433,60CDA45064B2757DE5965EC645A5669A59E3B5833B23
2023-11-02T03:37:58Z,M0GKK-IO91qf,8434380,2433,804050701045D549C6210AE06FFC795424123C16
2023-11-02T03:36:06Z,SA2KNG Omni UHF/VHF-KP03cu,8438781,1864,39FE5F67079C9E62C7E605BDC63461277AB1022DE6F014
2023-11-02T03:35:43Z,SA2KNG Omni UHF/VHF-KP03cu,8438781,1864,C487A62F391AA36A0F2D5E137BA2F993
2023-11-02T03:35:02Z,M0GKK-IO91qf,8434380,2433,40CCF12A3736AD3B9202B38923E8B2015069C42F4F100CE2F679F2A1A0D38B9287474B68B0661CA59650
2023-11-02T01:52:26Z,EU1AEM-KO33ov,8431575,1710,001A136648F3AEC368
2023-11-01T17:54:03Z,EU1AEM-KO33nv,8425976,2029,7C4AADC1BC6FAF262626B4072B80E29A22BC89516EC3CB53059D470692
2023-11-01T17:52:05Z,EU1AEM-KO33nv,8425976,2029,C0AA1002654F380206C18C5551AD3A
2023-11-01T17:46:43Z,GAO UHF-JN87hg,8436344,2410,E066A6764B624E10D055C766C1A3B7ADAE074A5041B47518AD371CB7098E881C61FF90538957DE19A86457AA501B4C1F1C40F51C1B9DD9E838B6B9B850CDD3
2023-11-01T07:22:40Z,M0GKK-IO91qf,8429649,2433,9A76302D4278EF
2023-11-01T07:21:02Z,M0GKK-IO91qf,8429649,2433,800B1736437692217F
2023-11-01T05:45:49Z,EU1AEM-KO33nv,8425987,2029,3ABD609B7DBCDC8E839A6EA3D9CEA4394559510ACEBB
2023-11-01T02:27:29Z,EU1AEM-KO33ov,8425845,1710,80D7AD0C59026C6A7A468E088BCB03A100399D54AA94E3855C82B5ADA1279893851E02F610B8D003D9DDF9A10DBD1C
2023-10-31T18:26:42Z,Drachten-JO33bc,8431381,2015,68B07ADBD3CEA252573825485196B7552E3519F51C8E73ED709ABB73
2023-10-31T16:49:48Z,M0GKK-IO91qf,8429617,2433,78ED743D7F0A01D9
2023-10-31T16:44:59Z,EU1AEM-KO33ov,8418566,1710,00B0EDD680A761AE5E8F97BC
2023-10-31T06:26:54Z,M0GKK-IO91qf,8423845,2433,20C29CDB85
2023-10-31T06:26:12Z,M0GKK-IO91qf,8423845,2433,74D2F6E6
2023-10-31T06:25:59Z,M0GKK-BB-IO91qf,8423795,2760,6FEF94F7CE6FEA6C7BA6078E0872B396A6B09D79D36C9E402B1CC73855DF94D1C395C40B8E4DAF
2023-10-31T04:47:16Z,M0GKK-IO91qf,8423841,2433,F00122F3CBB4615AB06EA936CDC887F5F9431BA5DA647470EC730CCEB3
2023-10-31T04:44:39Z,M0GKK-IO91qf,8423841,2433,CC009DD68118C8F6DA22
2023-10-31T04:43:06Z,EU1AEM-KO33nv,8418646,2029,160E0C7F5529D468C0AB
2023-10-31T04:38:55Z,EU1AEM-KO33nv,8418646,2029,6061F251DB524584846737217B6CED895AE5
2023-10-31T04:36:34Z,M0GKK-IO91qf,8423841,2433,10FE3703CCE3126D69C689525EAE81D479
2023-10-31T03:02:10Z,EU1AEM-KO33ov,8418532,1710,005B4C8F08F744F888429F950A516DA56028
2023-10-30T22:19:38Z,M0GKK-IO91qf,8423829,2433,88C979FA
2023-10-30T22:17:31Z,M0GKK-IO91qf,8423829,2433,00FC18ACC5C31A9C5793678B9429B0E9
2023-10-30T22:14:29Z,M0GKK-IO91qf,8423829,2433,80
2023-10-30T03:31:02Z,EU1AEM-KO33ov,8413186,1710,80F6B0761AD26CAD8153F7F19B
2023-10-30T01:55:22Z,EU1AEM-KO33ov,8413183,1710,D4D16CE5FCE37B61020C
2023-10-29T17:59:10Z,GAO UHF-JN87hg,8418198,2410,409A70B377E8929D9A8B46C1EC3A54EAF477BB0109706BE1141E68
2023-10-29T16:16:16Z,EU1AEM-KO33ov,8408131,1710,003B33367622DA96E0CE169DF4B44D28954C
2023-10-29T16:12:20Z,EU1AEM-KO33ov,8408131,1710,605DAFB09E2CD5EC60BB3C0EB8C006
2023-10-29T07:32:51Z,M0GKK-IO91qf,8411759,2433,6093C1
2023-10-29T07:31:05Z,M0GKK-BB-IO91qf,8411710,2760,EC7DE581AE4EFD4722D21B8D17BE195C0FC6119743A528A1985B34C203221C9E1EEF920A11B4C2EB0D85C2
2023-10-29T04:17:20Z,GAO UHF-JN87hg,8414955,2410,00
2023-10-29T04:17:19Z,M0GKK-IO91qf,8411752,2433,7075A21D
2023-10-29T04:09:52Z,GAO UHF-JN87hg,8414955,2410,EEAC5E35B3700C92A3B7A7152EA44AB272F63E2F4DF9
2023-10-29T04:08:41Z,M0GKK-IO91qf,8411752,2433,CC19F1AE805DB8F3
2023-10-29T02:32:11Z,M0GKK-IO91qf,8411748,2433,9CDAEE923E8126AE4C
2023-10-28T18:31:48Z,PF_DE_UHF_Yagi-JN48iv,8412975,980,2085B22D987AF51C9196B38802
2023-10-28T15:09:44Z,EU1AEM-KO33ov,8400096,1710,8067DE2C28
2023-10-28T06:20:37Z,M0GKK-IO91qf,8405361,2433,055981DB5C6C9643761B3AB9990CC47F8F17
2023-10-28T04:53:53Z,M0GKK-IO91qf,8405358,2433,801E9C28BAD1DA3BD4B08AA636
2023-10-28T04:45:13Z,M0GKK-IO91qf,8405358,2433,1859BA0579EEA9B2F46B37D6D8
2023-10-28T04:43:08Z,GAO UHF-JN87hg,8410016,2410,E932E545D1A58427D9E4D6
2023-10-28T03:05:25Z,EU1AEM-KO33ov,8400044,1710,38EEF7A9A998C320636D301CA1922943CD76
2023-10-28T03:03:28Z,EU1AEM-KO33ov,8400044,1710,2009
2023-10-28T03:02:43Z,EU1AEM-KO33ov,8400044,1710,C073945FC723F736B887C1EF720C
2023-10-27T19:07:56Z,PF_DE_UHF_X_DIPOLE-JN48iv,8408414,812,56CD81C25508760423C0D8459921AA4D1743F41EA0
2023-10-27T19:06:26Z,EU1AEM-KO33nv,8400134,2029,204D9341DA90D2855B73
2023-10-27T17:21:40Z,M0GKK-IO91qf,8405336,2433,E0B877BE72F932B9520350D3A97128AA456DCA91DD3B76D670F939927BA1E4D2CDE861801FA507DBFA1700DB46AB3A
2023-10-27T06:57:08Z,M0GKK-IO91qf,8398288,2433,9086B018464F76B077
2023-10-27T05:28:35Z,M0GKK-IO91qf,8398284,2433,00CE4E8D0E3B420254DEEC8E9B0C
2023-10-27T05:25:53Z,GAO UHF-JN87hg,8402958,2410,002CDE268CA34D24FB84
2023-10-27T05:22:43Z,EU1AEM-KO33nv,8394208,2029,6E39BAD9B3C901FB9A
2023-10-27T05:15:49Z,M0GKK-IO91qf,8398284,2433,6CE6
2023-10-27T03:36:04Z,EU1AEM-KO33ov,8393848,1710,00C01267F3
2023-10-26T16:21:27Z,M0GKK-IO91qf,8398257,2433,607787F70417CF1B4C0F611E30746AF0
2023-10-26T16:19:01Z,M0GKK-IO91qf,8398257,2433,1A287229BAC21A8B37DD1C9BAD086277851A090460
2023-10-26T16:18:56Z,EU1AEM-KO33ov,8388054,1710,EAE0EEDFD3C013A2B0DC7EE8841C9B5ABB25F1
2023-10-26T05:55:05Z,IZ1VWE-JN44lj,,,E854DFB7E1C63ABB23F8676470953D44F3CB
2023-10-26T02:34:29Z,EU1AEM-KO33ov,8388028,1710,8708E2E7C466C202
2023-10-25T18:39:09Z,PF_DE_UHF_X_DIPOLE-JN48iv,8393797,812,209DA8EEB867662EB791173C347B04D4
2023-10-25T18:35:47Z,EU1AEM-KO33nv,8388098,2029,A916EB
2023-10-25T04:52:26Z,Drachten-JO33bc,8390002,2015,80F5
2023-10-24T20:44:48Z,M0GKK-IO91qf,8386040,2433,8069
2023-10-24T07:07:05Z,M0GKK-IO91qf,8380230,2433,8051BBC4A64B990B530D
2023-10-24T05:23:49Z,EU1AEM-KO33nv,8376731,2029,F0A097AB7618302F2DE4B690EDC973632BA576AB16B18D1A1B7DF16643D1ACB51B551A48CE
2023-10-24T05:23:05Z,PF_DE_UHF_X_DIPOLE-JN48iv,8384601,812,B0172B142B030CD6A42033B2BEC2
2023-10-24T05:22:59Z,EU1AEM-KO33nv,8376731,2029,C4969716AE642F5420187158345442890A21779B4A07D7A0AE
2023-10-23T04:21:51Z,EU1AEM-KO33nv,8371825,2029,D0AD495A584B356C60A798D83D
2023-10-22T21:56:58Z,M0GKK-IO91qf,8375088,2433,2003031D59767AC4C6931C34DECA
2023-10-22T21:27:18Z,YB8XM-PI46ch,8377141,1597,6C389EB6A2A0EE05D3C59178615E9C8A5DE58A4F87214BC00BEE39B65138659ECC70
2023-10-22T18:40:15Z,M0GKK-IO91qf,8375077,2433,004E5C79E559533A5CF7767D225FD164B305B0997DF1F2944F385174B148DAC2FD3248
2023-10-22T03:19:51Z,SA2KNG Omni UHF/VHF-KP03cu,8373542,1864,0DBB4BD78C17D2
2023-10-22T03:19:09Z,M0GKK-IO91qf,8369552,2433,0039B43E47AA3068BA13CE326DD0E8CB8481471EC550709A0F57D893F3EF4110A194CB
2023-10-22T03:17:55Z,M0GKK-IO91qf,8369552,2433,A8C38D71D9401254
2023-10-22T01:38:21Z,EU1AEM-KO33ov,8366242,1710,002D
2023-10-21T17:38:01Z,EU1AEM-KO33nv,8360158,2029,727797ACB1798208155BB287AD5575A5
2023-10-21T17:37:57Z,EU1AEM-KO33nv,8360158,2029,904083EC59BA7B103D86401321F8EB13985B6E8B5452D395A5AD8F8076616DE6C4762064ADA0
2023-10-21T03:51:57Z,PF_DE_UHF_X_DIPOLE-JN48iv,8368137,812,101B4FE71C6A94608AA12339503616849D66D6
2023-10-21T03:48:43Z,EU1AEM-KO33ov,8360030,1710,30370A
2023-10-20T18:12:57Z,PF_DE_UHF_X_DIPOLE-JN48iv,8366029,812,8083EAC9C59AC6983D7B349D226B6D2E95
2023-10-20T18:05:55Z,M0GKK-IO91qf,8364651,2433,45AD64FA76BBAD6E8369A92158A3C4499757F0
2023-10-20T06:07:47Z,PF_DE_UHF_X_DIPOLE-JN48iv,8362819,812,8027
2023-10-20T06:04:20Z,Drachten-JO33bc,8362734,2015,00617629827A0D5C
2023-10-20T06:04:02Z,Drachten-JO33bc,8362734,2015,0FB378B99B6F08B44AF3662EE014E0
2023-10-20T04:29:44Z,Drachten-JO33bc,8362006,2015,C13F422BF7E0182741F7848C5BCED9915EA404799D351856B6B5B27EFAF155E6
2023-10-20T04:27:37Z,M0GKK-IO91qf,8358472,2433,F395D151AFC1B2910482
2023-10-20T04:26:31Z,M0GKK-BB-IO91qf,8358433,2760,8C6FDDBB9ACE5F0B0AE06318EE8BF4401281085B544196
2023-10-20T02:46:56Z,M0GKK-IO91qf,8358469,2433,18
2023-10-20T02:46:33Z,EU1AEM-KO33ov,8354142,1710,E09861216FC9EC9D84E5CEEC4A9DF4F670B04857120B4A53
2023-10-19T18:48:33Z,Drachten-JO33bc,8359959,2015,20
2023-10-19T18:42:19Z,Drachten-JO33bc,8359959,2015,F4E41991127001CF3569E7
2023-10-19T18:41:28Z,PF_DE_UHF_X_DIPOLE-JN48iv,8360210,812,0032F0D08EB72561D918CC57BCC3E18F9E2D
2023-10-19T08:18:29Z,M0GKK-IO91qf,8352581,2433,C0FBAE
2023-10-19T05:02:39Z,PF_DE_UHF_X_DIPOLE-JN48iv,8356356,812,809B3477AD6FE8
2023-10-18T17:42:03Z,Drachten-JO33bc,8353889,2015,5A7B9CB01D480F6E54244587A3506E4A87744C6EC50D73C1
2023-10-18T05:39:58Z,M0GKK-IO91qf,8347350,2433,00D1A5C24DB1E389E7AAF3B1E4C6391106184A4F8F8D
2023-10-18T05:32:49Z,M0GKK-IO91qf,8347350,2433,CC05971411A6B4B91158AA365E93CAF09280A5C5614A3AA261043DA0CA6033359DB83DFF95DF
2023-10-18T04:00:05Z,M0GKK-IO91qf,8347346,2433,00E3F0
2023-10-18T03:54:49Z,M0GKK-IO91qf,8347346,2433,C0298BE4DD508763ADA143
2023-10-17T18:17:57Z,M0GKK-IO91qf,8347328,2433,0048A28BCD28358661E867F71889CD515C25C02E3946F4768A6942DC0DBBBB6EA48856E84C6CE43776F146111C66AE44130A8DF5
2023-10-17T18:15:05Z,M0GKK-IO91qf,8347328,2433,10F3DCA6910E18B3FD370A134367F2156B5E0E0A0C45146BAE57C7
2023-10-17T18:11:04Z,FHAB GS1-JO66kt,8348993,1272,C06EE019F9E82833F6FAC6ADB45519425D8A
2023-10-17T16:35:29Z,EU1AEM-KO33ov,8337725,1710,00
2023-10-17T16:34:35Z,M0GKK-IO91qf,8347325,2433,00FB57443FDE5850E3E48B69989B02C3D62C724BC880
2023-10-17T16:32:24Z,M0GKK-IO91qf,8347325,2433,8060E3F170B8E4BA6674BC62D9526A885328B42B123960C2D61F
2023-10-17T04:34:43Z,GAO UHF-JN87hg,8345335,2410,54EF86
2023-10-17T04:30:41Z,GAO UHF-JN87hg,8345335,2410,209A23C17A466CCA69CEC1F0F0EB9C5D10C12401464303
2023-10-17T02:56:08Z,M0GKK-IO91qf,8341275,2433,A8C00215E6BB927D55CA5EEF6EA810438EE0D85C8EA16E9A2556
2023-10-17T02:52:55Z,M0GKK-IO91qf,8341275,2433,8A2965F2C2EB407193136C18960244421B206095D982D5A7EC6269552F7D057667669738464B8A54DF858EDA3BBD4F83A21DD7D243F865019A
2023-10-17T01:11:25Z,EU1AEM-KO33ov,8337769,1710,383BB8423B755F6EEACA
2023-10-16T17:10:51Z,Lovets-KN12pq,8342966,3122,E8621C1E021AA4F8B1B9ED89544D
2023-10-16T05:11:46Z,M0GKK-IO91qf,8336232,2433,0ECDB6B0D989886A43D158440005599D26
2023-10-16T05:09:04Z,M0GKK-IO91qf,8336232,2433,A005635605B066E8BDA2BDAD
2023-10-16T05:02:03Z,Drachten-JO33bc,8339677,2015,10BC92CE62881D78
2023-10-16T05:01:53Z,EU1AEM-KO33nv,8337848,2029,E0FAA8
2023-10-15T16:05:39Z,M7RED-KO96ce,,,0748C274EA4C4E4E88A0844EC9D30D488470ADB10850
2023-10-15T07:26:25Z,M0GKK-IO91qf,8330456,2433,80D5
2023-10-15T02:22:49Z,M0GKK-IO91qf,8330446,2433,DEEB09BD28DE96DD42213083E97D
2023-10-14T21:38:57Z,M0GKK-IO91qf,8330440,2433,80871A782017EAAD82ECC0051C66CD5ED6563304B18E6456F9421CC22ECE98DC
2023-10-14T21:32:44Z,M0GKK-IO91qf,8330440,2433,DCA06A8F82E14F23
2023-10-14T18:20:14Z,PF_DE_UHF_X_DIPOLE-JN48iv,8332657,812,E0588FE67BFCD9D3BDB538521D
2023-10-14T18:15:29Z,SA2KNG Experimental-KP03cu,8332530,1888,80048B40C159
2023-10-14T07:59:41Z,M0GKK-IO91qf,8325635,2433,80CEF15FC0517AF2E8899630D20532B6A91D306C8E70
2023-10-14T07:50:35Z,M0GKK-IO91qf,8325635,2433,1D6D
2023-10-14T04:38:47Z,FHAB GS1-JO66kt,8329223,1272,DE8F062278F180CB7103C7E53B47E57D83E60A0A58BBFB
2023-10-14T04:30:44Z,PF_DE_UHF_X_DIPOLE-JN48iv,8329146,812,7099A14E9B8B5E5F95D87103BE
2023-10-14T03:01:13Z,M0GKK-IO91qf,8325626,2433,C05B71B6C6780E4D039077AFA7A2561701AB425F00988BDC923C753DADC47101
2023-10-14T02:54:31Z,M0GKK-IO91qf,8325626,2433,A0EAE56F45C03BCD08A1BDEA4766718031506E21
2023-10-13T22:11:51Z,M0GKK-IO91qf,8325620,2433,9070
2023-10-13T22:11:05Z,M0GKK-IO91qf,8325620,2433,C07EB963D5E220C759231E6F
2023-10-13T18:49:32Z,Drachten-JO33bc,8327970,2015,4EEA074AA0489073BD56F51C03991C30394EEF13D952785056B6D8006B25026F
2023-10-13T15:30:12Z,M7RED-KO96ce,,,F6BAF6D7126212D046A814E67891F77A6EB520AD93B0966A085E8435
2023-10-13T05:14:06Z,Drachten-JO33bc,8324088,2015,463BAD
2023-10-13T05:12:14Z,M0GKK-IO91qf,8320395,2433,A8DB02D5
2023-10-13T05:06:28Z,M0GKK-IO91qf,8320395,2433,30A6D5B84803802B294F75652B2D04
2023-10-13T05:05:19Z,PF_DE_UHF_X_DIPOLE-JN48iv,8324285,812,405684C483A11FF5BE538DE5A45CC442E16A65CC659C19A1EE841FCA2E
2023-10-13T03:33:55Z,SA2KNG Omni UHF/VHF-KP03cu,8323800,1864,C8
2023-10-13T03:27:17Z,YO2CIP-KN05ot,,,A54DF0DE894B906BEBB58FD817CF763DCBDE7470
2023-10-12T07:27:15Z,M0GKK-IO91qf,8314780,2433,90269C3F2DA931A03AACF622B8D29C1F4D34C7EC063C82BD07A1246057
2023-10-12T05:40:21Z,Drachten-JO33bc,8319289,2015,C0A54D9AA6DB1BB2D54725EE08ACA217F31B53AD9140CEB0B55E21F8619B991CA7BD9B690288AE9EAC595469E39CB5BD8C275079370D563857D18B4DDED4E00243509B8643422CFB5BF4C47584
2023-10-12T04:05:51Z,Lovets-KN12pq,8319077,3122,D4CE4838B1E0C102AC2F735EC9D800E0A129DDF5
2023-10-12T04:05:13Z,M0GKK-IO91qf,8314774,2433,E4B06037
2023-10-12T04:04:14Z,EU1AEM-KO33nv,8311244,2029,0045D21A81334A31F286388E
2023-10-12T02:20:12Z,M7RED-KO96ce,,,087409AF3DD9C5142C55B8C6991AC264A934968DB7
2023-10-11T16:47:10Z,Lovets-KN12pq,8315942,3122,0845D481AAA24BE485978B2D91
2023-10-11T06:18:51Z,M0GKK-IO91qf,8310343,2433,B8C64F9A7107366B
2023-10-11T06:17:53Z,M0EYT / 2E0NOG-IO80xs,8311827,91,B26841F4A29B5E871C42713CC76A132369ACDF1E715C229179
2023-10-11T04:39:34Z,M0GKK-IO91qf,8310339,2433,00E554
2023-10-11T04:38:37Z,M0GKK-IO91qf,8310339,2433,6606841C250A51B3A4320A64BA5C936FB4616EA7
2023-10-11T03:06:10Z,M0GKK-IO91qf,8310336,2433,C2C07604D0583EE8C89F021DC14469
2023-10-11T03:00:22Z,M0GKK-IO91qf,8310336,2433,4DA604758676E951D2BDCAC829CD256D7B83B83854F080D3891337CC4CB6D26352BE284D877E1DB0ED9985
2023-10-10T19:02:17Z,PF_DE_UHF_X_DIPOLE-JN48iv,8311715,812,807D27E9C11A8C
2023-10-10T05:18:25Z,M0GKK-IO91qf,8303087,2433,80DCAC
2023-10-10T05:15:38Z,PF_DE_UHF_X_DIPOLE-JN48iv,8308848,812,4AD78285B2DC76AA
2023-10-10T05:10:06Z,Drachten-JO33bc,8308727,2015,DE8064E7D5CB29A3879D84
2023-10-10T03:32:58Z,Lovets-KN12pq,8308457,3122,00A98B7130094F1A939EDD2611B113166E8239B7FA86
2023-10-10T03:29:33Z,M7RED-KO96ce,,,8E013211B282C8EEB1AD6094222B1B7540445C1EED
2023-10-09T21:05:43Z,M0GKK-IO91qf,8303076,2433,00811ECF9A8501657684531D62E22A0349E1
2023-10-09T19:34:54Z,M0GKK-IO91qf,8303071,2433,B0165D4454D8421C4935E46072
2023-10-09T17:51:29Z,M0GKK-IO91qf,8303067,2433,3025
2023-10-09T16:13:42Z,EU1AEM-KO33ov,8298772,1710,0081E75FC5F4B5DE96B2089BE5DD0E05013A
2023-10-09T04:15:30Z,GAO UHF-JN87hg,8301456,2410,C22D6DC4
2023-10-09T04:11:15Z,PF_DE_UHF_X_DIPOLE-JN48iv,8301506,812,7630
2023-10-09T04:10:22Z,Lovets-KN12pq,8301467,3122,5DB0C29E08DACF2E478A4C8610C6645D302E65FF5A1C2EDDF5CC7299AD2AD64D4B07A778
2023-10-09T04:09:02Z,M0GKK-IO91qf,8297966,2433,8033C1015EB53B27C10B
2023-10-09T02:25:58Z,EU1AEM-KO33ov,8294444,1710,BC4E90A0E7E6842C4D580C5D728D4D
2023-10-08T18:31:38Z,EU1AEM-KO33nv,8294513,2029,80
2023-10-08T06:20:17Z,M0GKK-IO91qf,8293640,2433,C83384D6ADDB5381EA31EA024FC8
2023-10-08T04:47:49Z,PF_DE_UHF_X_DIPOLE-JN48iv,8296801,812,D0480D72107FD23AA0DFE60AFDCF3D
2023-10-08T04:44:59Z,Drachten-JO33bc,8296677,2015,4A33E2A5B58628
2023-10-08T03:04:15Z,M0GKK-IO91qf,8293636,2433,A89015D8
2023-10-07T15:45:16Z,EU1AEM-KO33ov,8288177,1710,F4F0
2023-10-07T06:55:01Z,M0GKK-IO91qf,8287393,2433,794F1BA0F62F9B7DDC7BB1AC9672896C
2023-10-07T05:22:11Z,PF_DE_UHF_X_DIPOLE-JN48iv,8291873,812,0B
2023-10-07T05:21:27Z,PF_DE_UHF_X_DIPOLE-JN48iv,8291873,812,709C2B808CA0921A25463CE54ECDC012
2023-10-06T19:36:25Z,EU1AEM-KO33nv,8282904,2029,C0B9
2023-10-06T19:31:03Z,M0GKK-IO91qf,8287375,2433,C831F77834F1BC67
2023-10-06T16:21:20Z,EU1AEM-KO33ov,8282742,1710,E0A8C81A87794C
2023-10-06T04:14:03Z,Lovets-KN12pq,8285352,3122,C0A8AE948F82
2023-10-06T02:58:09Z,MAUSyagi-DN70ja,8284930,2134,0E298EBC48B6399B90260B09AD
2023-10-06T02:35:30Z,EU1AEM-KO33ov,8277913,1710,70E71D30038ED84DF110E371D5
2023-10-06T02:34:55Z,M0GKK-IO91qf,8281615,2433,80D1295641A1C6DF5702D8C505DF2D4675
2023-10-05T06:26:53Z,PF_DE_UHF_X_DIPOLE-JN48iv,8280514,812,1CCE44A1695135D9A3A353AD
2023-10-05T04:52:07Z,GAO UHF-JN87hg,8280288,2410,0E76
2023-10-05T04:51:35Z,Drachten-JO33bc,8280207,2015,68735141195D64
2023-10-05T04:45:15Z,Drachten-JO33bc,8280207,2015,70AFF0
2023-10-05T03:13:05Z,M0GKK-IO91qf,8276009,2433,A99DA6F520E5117E195133F59A1937959E
2023-10-05T01:31:27Z,EU1AEM-KO33ov,8271854,1710,30EDFDBC37
2023-10-04T05:21:35Z,EU1AEM-KO33nv,8265829,2029,408D2D96D82E57D8AB1E1F9DB9B6286A
2023-10-04T03:49:01Z,M0GKK-IO91qf,8270946,2433,AE50810A0EB641D9B9
2023-10-04T03:48:16Z,SA2KNG Omni UHF/VHF-KP03cu,8274269,1864,A09A11EE1C47EA5C6B689A5B8936254D077548212781B6
2023-10-04T03:47:18Z,YO2CIP-KN05ot,,,1B6D02E53AB5D0252E36976507EAAA52098DC3D080604DDD3885C47BDD9B1D1520117F94A135D4F1B4B33799E7C9F036CC33841A66123C7A5CF064642000841E
2023-10-04T03:43:54Z,M0GKK-IO91qf,8270946,2433,D475549EC8107052EA79F5F08C23417DDD
2023-10-04T03:43:17Z,PF_DE_UHF_X_DIPOLE-JN48iv,8274319,812,0002AE54CB14AA3606214844EDC8
2023-10-04T03:40:36Z,EU1AEM-KO33ov,8265723,1710,909AAD76
2023-10-03T21:24:05Z,M0GKK-IO91qf,8270935,2433,702146CE56
2023-10-03T18:10:00Z,M0GKK-IO91qf,8270929,2433,806234D33248225035BA402DB32DEB82D0EB701AA4FAB145DD83E25878DB371A833DC0
2023-10-03T18:09:56Z,GAO UHF-JN87hg,8272181,2410,F0AC4C53937CFFABA57141670518EB821FB1F43788
2023-10-03T18:02:45Z,M0GKK-IO91qf,8270929,2433,8055626E301DDE69153579E3128ABF1B67976D5CA7313DEAE634023A692898E5960872761719AE
2023-10-03T18:00:23Z,SA2KNG Omni UHF/VHF-KP03cu,8272263,1864,608C4917E8F448D55A9F00
2023-10-03T17:58:03Z,SA2KNG Experimental-KP03cu,8272258,1888,9E0F14C6979BD6D1CB73
2023-10-03T04:21:17Z,SA2KNG Omni UHF/VHF-KP03cu,8268796,1864,C0A997E1D1B39D461A3C
2023-10-03T03:03:31Z,MAUSyagi-DN70ja,8268337,2134,80A0594D5E
2023-10-02T18:42:20Z,PF_DE_UHF_X_DIPOLE-JN48iv,8266771,812,EC915147563E63540981548E8C966EC64300D1CE85
2023-10-02T17:01:23Z,M0GKK-IO91qf,8264887,2433,40
2023-10-02T08:14:37Z,M0GKK-IO91qf,8259124,2433,A6A0CD4A9A8456EE5D3A28AF950BE27951148C
2023-10-02T04:55:22Z,EU1AEM-KO33nv,8255621,2029,28A2D040BBC0D1794E05AC5CDF22B4B96C2EA35CD74E4FE7A14FDBFF59201026CE0A80219A
2023-10-02T01:32:26Z,EU1AEM-KO33ov,8255550,1710,284DD38ECE64B666D3
2023-10-01T19:13:16Z,Drachten-JO33bc,8260592,2015,2EA530DA29FEB35C9FE0D4
2023-10-01T19:09:52Z,EU1AEM-KO33nv,8255595,2029,B44A380FE1EAB0CADCA50981A980171167E239786D91035D5B
2023-10-01T17:32:40Z,EU1AEM-KO33nv,8255592,2029,3DC44ABE98E1
2023-10-01T07:13:08Z,M0GKK-IO91qf,8254369,2433,0C3570B469AE0D
2023-10-01T05:30:45Z,EU1AEM-KO33nv,8250775,2029,9006B466BBDB79740227F3E8140796F2782F89CBFD9F86F519D1E7DD1899C234E75E103B1A5A53B06080A1FFC72F27930B9D9A9A73FD3CAAE030C4F574283DDDE2C3980E22AFACB6
2023-10-01T05:29:51Z,EU1AEM-KO33nv,8250775,2029,E019564115
2023-09-30T19:47:32Z,Drachten-JO33bc,8256310,2015,7057FD
2023-09-30T16:30:12Z,M0GKK-IO91qf,8254342,2433,B167E7DE
2023-09-30T06:05:55Z,Drachten-JO33bc,8253146,2015,CE899F1A66543B5163
2023-09-30T06:02:38Z,Drachten-JO33bc,8253146,2015,D4A5C993052F0ED9753F87C285E059
2023-09-30T05:59:35Z,PF_DE_UHF_X_DIPOLE-JN48iv,8253194,812,6578F1
2023-09-30T02:41:15Z,EU1AEM-KO33ov,8245676,1710,90D4961725A25E9DD6E534CF5A
2023-09-29T22:02:04Z,M0GKK-IO91qf,8249735,2433,0063CBF28055819744EC950FC6D82B0B808A514B10A900ECC4421B0EC1CF0458
2023-09-29T17:07:35Z,M0GKK-IO91qf,8249722,2433,E26CF14BE49994C15CF72E990C1309777F5E4192ADBE6EAB290595EDC3732A4EF4224ED8B1D2B6F541ED2021C906524AAE232CC89584E4B48AB0F73256554BEA03C4E95E9284F4624225E91F64F6DFE3A2C8587711A3AA0272
2023-09-29T17:06:48Z,M0GKK-BB-IO91qf,8249686,2760,D4CDEF5552F8B0031A6D048A44D846D952AFC275987CC40EF88639923AD52BB64059A6A70CF3A32264849EBF108A1594
2023-09-29T17:04:21Z,EU1AEM-KO33nv,8245757,2029,3A8C82
2023-09-29T17:04:09Z,M0GKK-IO91qf,8249722,2433,604397B4C74ABAD034714A6BB3281C136057A001A23F53E0E6AAB5C5
2023-09-29T04:59:34Z,M0GKK-IO91qf,8244773,2433,6079A97383
2023-09-29T04:57:40Z,EU1AEM-KO33nv,8240211,2029,402A
2023-09-29T04:53:52Z,EU1AEM-KO33nv,8240211,2029,C0
2023-09-28T19:15:05Z,EU1AEM-KO33nv,8240189,2029,9077D1805ACA70A277276D16AB54BCB648EF9D7C45AE
2023-09-28T05:31:09Z,PF_DE_UHF_Yagi-JN48iv,8243034,980,00
2023-09-28T03:51:54Z,EU1AEM-KO33ov,8234917,1710,40FBF6779F69D377690780A4C96C87C5B5
2023-09-28T02:13:59Z,EU1AEM-KO33ov,8234914,1710,F19D8930CA0563AA0546FC10C25B9355127C7360100E7604CA3E0C5D631CE76AF3DE3AC26B8218E01A8CCBE8C46062378CDE10
2023-09-27T18:14:27Z,PF_DE_UHF_Yagi-JN48iv,8240726,980,E821207905C123B590501C0E17E1E6B783919252CC5E416EF4B27257B8D47899696673145BF5
2023-09-27T18:12:28Z,PF_DE_UHF_X_DIPOLE-JN48iv,8240717,812,00B54DA508F63D48D03A8E34E898C57652DE2944047CE5E4306855BC33C3164296E9F6B5869B22E6C45686AA2D430887EFD2236ADE20C384713464F83249DCD3A2433F094B9A0AFC8FE459D7934F4786C2A66D805C0D62681A38448F
2023-09-27T18:09:19Z,SA2KNG Experimental-KP03cu,8240550,1888,00891EB02278AF752B5EB3E49FC42BC8
2023-09-27T18:05:38Z,M0GKK-IO91qf,8239397,2433,0019498AC09463EF1663
2023-09-27T16:31:06Z,M0GKK-IO91qf,8239393,2433,F001F3A037A3D84B639B7604DD8DF0AF5199F3D610580D792432811FB2AD
2023-09-27T06:01:15Z,M0GKK-IO91qf,8234107,2433,900B7B582148F496
2023-09-27T04:49:48Z,MAUSyagi-BP64ft,8237434,2051,001520
2023-09-27T04:30:08Z,GAO UHF-JN87hg,8237213,2410,80675CD61FAA2D4E0594093876FB
2023-09-27T04:28:19Z,GAO UHF-JN87hg,8237213,2410,F01DAD35D4E441029C681894C5C3B52D423D8F
2023-09-26T18:48:25Z,EU1AEM-KO33nv,8230188,2029,0009F1
2023-09-26T18:45:35Z,PF_DE_UHF_X_DIPOLE-JN48iv,8235643,812,C59809328861121E158608FC39DE
2023-09-26T17:10:43Z,Lovets-KN12pq,8235323,3122,EC4A9D991030A56384D95581F75DA4376018170623DB54EA4CB5CE
2023-09-26T17:10:00Z,Lovets-KN12pq,8235323,3122,C09BA6A7A64FD648E8
2023-09-26T04:58:52Z,EU1AEM-KO33nv,8225328,2029,67ADF28E3D2142385B313B07B8DD30FEAD4751CCDD5CF60C8DB731CBD4169BD1E5230D74AEA68507E481105C
2023-09-25T17:44:23Z,GAO UHF-JN87hg,8230548,2410,00
2023-09-25T17:43:45Z,EU1AEM-KO33nv,8225301,2029,60
2023-09-25T17:42:41Z,GAO UHF-JN87hg,8230548,2410,80E66D9EC0CEC817CC951092506BD21232736770F5B61DD1BB11CA7D6A1BC20479465614
2023-09-25T17:41:50Z,M0GKK-IO91qf,8229255,2433,60AAF038D97CEC9FC2
2023-09-25T17:40:47Z,GAO UHF-JN87hg,8230548,2410,4CED43
2023-09-25T07:11:45Z,M0GKK-IO91qf,8224289,2433,9AB8F7
2023-09-25T05:38:05Z,M0GKK-IO91qf,8224287,2433,D87033EC23145352D317BFE9E8ED58868022AFD9A6F28F76A37465F131C49AC530C341B57A1E4F55031B6F0B6A648B76B2E30FD402956D595912272E443A4905BA15811CB42642CFB681CED431BD
2023-09-25T04:03:23Z,M0GKK-IO91qf,8224285,2433,DE1107AABDC4
2023-09-25T04:00:00Z,SA2KNG Omni UHF/VHF-KP03cu,8227582,1864,008D929A56170D93721ED0BF5309BB30DED814969D3321E18B1D533AE24379E23D84
2023-09-25T03:54:18Z,Lovets-KN12pq,8227513,3122,609E4AB35B8D20ADA8
2023-09-25T03:53:19Z,Lovets-KN12pq,8227513,3122,B0C13B561C48D3588DD3DA402A82A3AEC2C0C414E4D0966DEC6AFB722161D32E84D8531EA194461178BF
2023-09-25T02:25:34Z,M0GKK-IO91qf,8224283,2433,004D314B4088D8D277A74354829C1885E7EC17D5FBCCBC4B14
2023-09-25T02:22:28Z,M0GKK-IO91qf,8224283,2433,60217E0040C388C3884B46E9A4835CD1338B
2023-09-25T02:20:39Z,M0GKK-IO91qf,8224283,2433,50687191CBB8253DC3F6AE2C278EC87EB1AE47CA2501F5D37967302C80AE9951
2023-09-24T06:13:04Z,PF_DE_UHF_X_DIPOLE-JN48iv,8223110,812,5044
2023-09-24T01:34:04Z,MAUSyagi-DN70ja,8221922,1675,5ED94FAF2316DD4DD08EC0481579FE4A2B
2023-09-23T18:50:07Z,PF_DE_UHF_X_DIPOLE-JN48iv,8220581,812,20
2023-09-23T05:08:36Z,PF_DE_UHF_X_DIPOLE-JN48iv,8216802,812,80E0
2023-09-23T05:06:26Z,M0GKK-IO91qf,8212826,2433,341866D11E704651268AB5D845C6B8A1867D86F2
2023-09-23T05:06:21Z,PF_DE_UHF_Yagi-JN48iv,8216823,980,CCDF9EAFB2F4BC430E7E4B33D7820ABDCD546C86F002D1
2023-09-23T03:27:29Z,M0GKK-BB-IO91qf,8212781,2760,AB5A87F6B45C5C4F18B76C1BDB5A93E3CF
2023-09-22T19:25:18Z,EU1AEM-KO33nv,8209188,2029,4DA256817F02445AC75DCE5CC6A9E45ACEF68A410B66
2023-09-22T17:41:32Z,SA2KNG Omni UHF/VHF-KP03cu,8214698,1864,30491E736CDE905D5415AC9CB18D362607649F7989CD
2023-09-22T09:40:22Z,YB8XM-PI46ch,8212486,1597,60EA16CD
2023-09-22T04:01:57Z,PF_DE_UHF_X_DIPOLE-JN48iv,8211440,812,6C19FA4B4881C281458DE2AE1A29FF69505C52951901DC6C18BD97E5E8442811038A421694
2023-09-21T06:18:48Z,M0GKK-IO91qf,8202191,2433,004FF704E43C85DB2DAC9E1D870FE37ED64A810DDE76796FCB6AB9556164D19DF6
2023-09-21T04:39:23Z,Drachten-JO33bc,8206628,2015,80DEAB510743278F2CE0110B
2023-09-21T04:39:17Z,Drachten-JO33bc,8206628,2015,004BCC3A1477
2023-09-21T04:38:55Z,PF_DE_UHF_X_DIPOLE-JN48iv,8206727,812,38C185129DCC383A738343CCD6
2023-09-21T04:32:32Z,M0GKK-IO91qf,8202189,2433,8013FE065E45BD2684C49AC827A3A71108CAC4D8DDE316B5E6362B71F1AE5E27B1
2023-09-20T18:59:55Z,GAO UHF-JN87hg,8204267,2410,B85C7611
2023-09-20T18:57:47Z,PF_DE_UHF_Yagi-JN48iv,8204440,980,805C79955E81A002B6E978018F52A5D2897182
2023-09-20T17:19:37Z,PF_DE_UHF_X_DIPOLE-JN48iv,8203943,812,C0CD343D2C53B6BC32253C7B04
2023-09-20T03:36:33Z,SA2KNG Experimental-KP03cu,8201275,1888,28
2023-09-20T03:31:58Z,M0GKK-IO91qf,8196434,2433,80DD30EED9707221E5
2023-09-19T19:31:36Z,EU1AEM-KO33nv,8193226,2029,00712BAE4B175157BF32145D7F
2023-09-19T17:51:48Z,PF_DE_UHF_X_DIPOLE-JN48iv,8199213,812,80123A3B03AE2951560133DDF7B807D99ED5B73845A6386D051737
2023-09-19T17:50:52Z,EU1AEM-KO33nv,8193171,2029,D008052057E9680CFFBEBB564276D5689FCE1266D24D792E9A84C0E9CE0DA38C2654B5112AC58A70286A6D8ED60D15D753B05F
2023-09-19T16:15:13Z,EU1AEM-KO33ov,8193055,1710,BE8F74DC25E4151231
2023-09-19T09:49:57Z,YB8XM-PI46ch,8196751,1597,003329698F6D4222
2023-09-19T09:47:38Z,YB8XM-PI46ch,8196751,1597,A0
2023-09-19T09:40:53Z,YB8XM-PI46ch,8196751,1597,C0EEEAE8D673D3C4A5
2023-09-19T07:27:25Z,M0GKK-IO91qf,8191663,2433,E82F23F3377A1CAEBC51E0F646C9689C5A6C8650CBA7FA973DC1B2396D95
2023-09-19T07:27:10Z,M0GKK-IO91qf,8191663,2433,7CBB9D9375F69B644654CCED5AF07413A56D6652C20C51D7F1E9014368B32E15
2023-09-19T05:48:54Z,M0GKK-IO91qf,8191660,2433,A2248E8C29684052B9B4F63D104EC00C8EE8D85E2381652F0D56F460F75B5538B40D
2023-09-19T05:45:00Z,PF_DE_UHF_Yagi-JN48iv,8195913,980,805B885416C42C
2023-09-18T18:29:24Z,PF_DE_UHF_X_DIPOLE-JN48iv,8193700,812,804C6F60060010
2023-09-18T06:20:00Z,PF_DE_UHF_X_DIPOLE-JN48iv,8191293,812,80DFAF629ADB3089
2023-09-18T04:42:35Z,GAO UHF-JN87hg,8190971,2410,F06C76
2023-09-18T04:40:59Z,Drachten-JO33bc,8190984,2015,14FA49C3A26A5381AA5AF2AE4D4339
2023-09-18T04:38:01Z,EU1AEM-KO33nv,8182683,2029,C01F05C810AF8BA1432774D52A77742ADA302296E7A2593DA79B94D665
2023-09-18T02:57:56Z,EU1AEM-KO33ov,8182586,1710,C8C1E1F1182B827604BA851473918E2ED801F9CBA6
2023-09-17T17:20:38Z,Lovets-KN12pq,8188286,3122,CC72E0C642DB66895E78EC0354256B685747D07910F4B6C3
2023-09-17T13:34:51Z,MAUSyagi-DN70ja,8186865,2134,009F23CB4B122EC0BDD25B58DD5D507403ABEC30E871A449B0948D9DF3E6F24ECCDC9C304C6422C86484A4
2023-09-17T06:58:14Z,M0GKK-IO91qf,8181105,2433,8043449C5DD975D688
2023-09-17T05:20:10Z,M0GKK-IO91qf,8181102,2433,5073
2023-09-17T05:19:06Z,M0GKK-IO91qf,8181102,2433,A23E87
2023-09-17T05:16:06Z,Drachten-JO33bc,8185338,2015,05B2B32E8604050388119AAA
2023-09-17T05:13:33Z,Drachten-JO33bc,8185338,2015,8033C2F058155E653A833B
2023-09-17T05:10:03Z,GAO UHF-JN87hg,8185480,2410,67FFC6F4489FA38C776B53CD04B34E77DC70
2023-09-17T03:36:14Z,M0GKK-IO91qf,8181100,2433,D7BDDEF24313F163BFB8C771D44D446C90B64E820A96A7ADD22B79A50601C96911F46E5467A0A712E11922866D671ED9A14BC3AC194B8FEDFA9DDCD19172ADFF87C6E81D6982D03D982B580F6A1E89B952ED7900
2023-09-17T03:36:09Z,GAO UHF-JN87hg,8185091,2410,9003E67480F620C86E0C7DE6EBE451950A
2023-09-16T22:21:49Z,YB8XM-PI46ch,8184078,1597,00EE0345368DDA6B08B09807EF04077CEC7B5EA7
2023-09-16T17:58:06Z,EU1AEM-KO33nv,8177779,2029,800A
2023-09-16T05:55:04Z,M0GKK-IO91qf,8176029,2433,A00BB57A
2023-09-16T04:17:27Z,M0GKK-IO91qf,8176026,2433,0024
2023-09-16T04:12:13Z,EU1AEM-KO33nv,8172588,2029,5C79C7A5E04A92F963652825628BC6489DB6BD6C6F48
2023-09-16T04:11:15Z,PF_DE_UHF_X_DIPOLE-JN48iv,8180217,812,5819A355AEAEB895699C37A4A57DDE
2023-09-16T02:28:00Z,EU1AEM-KO33ov,8172504,1710,00
2023-09-15T20:14:45Z,M0GKK-IO91qf,8176009,2433,18C6FD66EA42D662C2973D4EF922309B
2023-09-15T18:34:22Z,Drachten-JO33bc,8178429,2015,C0AA0F827E4485649EAD31D50DF3AA652A42EDF4EE1C7FB11465CDD08A2605ABF6FC6455
2023-09-15T18:30:01Z,FHAB GS1-JO66kt,8178449,1272,808409A2D327
2023-09-15T18:27:42Z,SA2KNG Omni UHF/VHF-KP03cu,8178400,1864,009265F8
2023-09-15T18:26:58Z,FHAB GS1-JO66kt,8178449,1272,C0313A8F701F7ADE1D9F067F69
2023-09-15T16:48:44Z,M0GKK-IO91qf,8175999,2433,B0411622D828
2023-09-15T08:10:28Z,M0GKK-IO91qf,8170961,2433,401E95B2BC2D1FCBBB4CEFD59CA8151E2BC3DC52AA6D0498ED9F73B993F6EDD86858AF7BB2710F688D8847BB31EDCD6D5625F278E145BD05611C65AF1447A310
2023-09-15T06:27:05Z,PF_DE_UHF_X_DIPOLE-JN48iv,8175537,812,C00474AC2D91C5A9814DE3186B2288416AC294808FC0D8
2023-09-15T03:06:39Z,EU1AEM-KO33ov,8169264,1710,80205AE23DF2
2023-09-15T03:06:13Z,M0GKK-IO91qf,8170952,2433,A8922D5D0AAB21ED
2023-09-15T03:05:46Z,EU1AEM-KO33ov,8169264,1710,358A02F8CD929B6BBACECA195930B2
2023-09-14T22:20:33Z,M0GKK-IO91qf,8170941,2433,065E772EBAAA1F9A851199D263
2023-09-14T19:07:35Z,Drachten-JO33bc,8173394,2015,C03B09B0E589DF166E4944586A810A97083E10EBD44162D91A682F3B1597994B8B17D77D07C1
2023-09-14T17:29:50Z,M0GKK-IO91qf,8170929,2433,38BA88823410702287AF1F3CBA5C
2023-09-14T17:29:23Z,Lovets-KN12pq,8173008,3122,B08EE6E1BA
2023-09-14T17:27:29Z,EU1AEM-KO33nv,8172562,2029,C039759472D6D09E0C
2023-09-14T17:25:38Z,GAO UHF-JN87hg,8172885,2410,B0F0
2023-09-14T05:26:22Z,Drachten-JO33bc,8170139,2015,C0F01000E53D6449DDFF0F195878F2
2023-09-14T05:25:51Z,Drachten-JO33bc,8170139,2015,085386D331B2DA
2023-09-14T05:25:37Z,EU1AEM-KO33nv,8164684,2029,80B548D90AFDD2E0151A5906
2023-09-14T05:18:54Z,Drachten-JO33bc,8170139,2015,C0F3A2
2023-09-13T18:02:45Z,M0GKK-IO91qf,8166288,2433,9ECB427E4E52
2023-09-13T18:01:11Z,M0GKK-IO91qf,8166288,2433,C075A7
2023-09-13T17:55:05Z,GAO UHF-JN87hg,8168221,2410,A8D863627F2C29716D8F78CE2185304D8758E6C301
2023-09-13T16:21:50Z,M0GKK-IO91qf,8166284,2433,C00CDEB4A6A3
2023-09-13T16:19:12Z,M0GKK-IO91qf,8166284,2433,001616ECBF9D856D33094FC5BCDEF2BF81
2023-09-12T21:18:39Z,YB8XM-PI46ch,8164172,1597,80D76B
2023-09-12T18:37:32Z,EU1AEM-KO33nv,8154707,2029,80395CA4068711276A652DE13489838D3138
2023-09-12T18:37:10Z,PF_DE_UHF_Yagi-JN48iv,8163289,980,C0AD1D
2023-09-12T18:35:17Z,PF_DE_UHF_Yagi-JN48iv,8163289,980,38220C22D14A97C69D0BA3A785530A805480585728B04687C582A0C35D
2023-09-12T18:34:01Z,EU1AEM-KO33nv,8154707,2029,90
2023-09-12T16:53:41Z,M0GKK-IO91qf,8160515,2433,C09F6AB0E6411FA30018CEFFA9CAF22891A19D610869
2023-09-11T21:56:15Z,YB8XM-PI46ch,8158637,1597,20ECDF25C448D465
2023-09-11T21:49:11Z,YB8XM-PI46ch,8158637,1597,DF091D04A17D
2023-09-11T17:32:40Z,Lovets-KN12pq,8157863,3122,B05CD0B2B08D8A27A8BBDC005D5CDF98CC38599AF14E07A269B8B388821EFB
2023-09-11T15:47:52Z,EU1AEM-KO33ov,8152918,1710,96EEB02E6765F55E1D6A5B5C2DA5FFC62B44A3C41DEBB1441F920C734BBE8BF0B3AB34DC228A4699B9E7EE7DBB01ED2C761C8EF45B98DFC66DDB
2023-09-11T15:46:03Z,EU1AEM-KO33ov,8152918,1710,A66A
2023-09-11T05:27:56Z,PF_DE_UHF_X_DIPOLE-JN48iv,8155644,812,0CC43BB830D18E464CCC595CF311E54F5697BA98031D11BF
2023-09-11T05:27:09Z,PF_DE_UHF_X_DIPOLE-JN48iv,8155644,812,801BFE1253AD703B4B9C3E9D1D6A91BFD0E70017A3855048A57D54
2023-09-11T05:23:48Z,PF_DE_UHF_Yagi-JN48iv,8155694,980,14
2023-09-11T05:22:21Z,EU1AEM-KO33nv,8147976,2029,4CB5ED30A99A48D8B72B334B
2023-09-11T00:48:09Z,MAUSyagi-DN70ja,8154811,1675,B622D3
2023-09-11T00:27:51Z,EU1AEM-KO33ov,8147923,1710,8086C6
2023-09-10T18:06:49Z,Drachten-JO33bc,8153730,2015,3A5879430668BF35496A091280B1F05EC3AD5C4D7B2175D6
2023-09-10T17:59:45Z,Drachten-JO33bc,8153730,2015,0476B3769747C1
2023-09-10T16:24:39Z,M0GKK-IO91qf,8152065,2433,836E2F61702B56E8228511A1AB039C85E33E3D66D1BBED83
2023-09-10T04:18:34Z,GAO UHF-JN87hg,8151420,2410,8049F94432993CCFC07EA10C4B963226F2C075B0C53D9C
2023-09-10T04:18:11Z,GAO UHF-JN87hg,8151420,2410,3057A6F6991E24440F27C940
2023-09-10T01:04:43Z,EU1AEM-KO33ov,8147890,1710,4C5578DB1921C809AB521BB8F94813
2023-09-09T20:16:39Z,EU1AEM-KO33nv,8142618,2029,00
2023-09-09T17:03:03Z,M0GKK-IO91qf,8146626,2433,E8D81F6240C7366507E4DE090FF7
2023-09-09T04:59:30Z,Drachten-JO33bc,8145709,2015,002AC56D6D399B857B997B358A74AAAD79F15E189896877713A4C40875D18104E648
2023-09-09T04:54:19Z,PF_DE_UHF_Yagi-JN48iv,8145704,980,800EDB226C1C52E611C5A24E14
2023-09-08T20:55:50Z,M0GKK-IO91qf,8141370,2433,C9CC2BD9D45B15
2023-09-08T20:52:18Z,M0GKK-IO91qf,8141370,2433,0F86DDACB6447744DD01
2023-09-08T15:55:16Z,EU1AEM-KO33ov,8137217,1710,80A9D61B699B9C
2023-09-08T03:53:52Z,SA2KNG Omni UHF/VHF-KP03cu,8140597,1864,108D1A34202046B9BA87DB9199DD54F194DD1C7B16846869457DDD
2023-09-08T03:44:55Z,EU1AEM-KO33ov,8132447,1710,24B0A73AAE0CFBB332861ED7EE36D316259363D4A907E75729D682E53870F65D
2023-09-08T02:10:08Z,EU1AEM-KO33ov,8132402,1710,4075636271FC
2023-09-07T18:09:02Z,Lovets-KN12pq,8138420,3122,404363CCB6D9070FBD0DD45905D1
2023-09-07T18:04:57Z,SA2KNG Experimental-KP03cu,8138496,1888,80F58155
2023-09-07T16:34:20Z,Lovets-KN12pq,8138109,3122,E00EB191C7219A
2023-09-07T16:31:32Z,M0GKK-IO91qf,8136265,2433,183891B2F0C9A5B951D04B0270C781
2023-09-07T14:44:43Z,EU1AEM-KO33ov,8132426,1710,DA69E8AADD6CB13E84AD3FA28B3271A1942DF3DA0B
2023-09-07T02:48:44Z,EU1AEM-KO33ov,8127527,1710,A8B273DD0128
2023-09-07T02:47:51Z,EU1AEM-KO33ov,8127527,1710,4229985DD6F4A29074C35066539645B19EF2DFE255082C2C1F6D693104A6
2023-09-06T18:41:28Z,EU1AEM-KO33nv,8127750,2029,808CEE1B9D735E22A5B2E560C820DFE8
2023-09-06T18:41:03Z,M0GKK-IO91qf,8131238,2433,00A7146AAA9DD826BB6ECA19144448AA1416DFAEF4349133DA3647078775
2023-09-06T15:26:23Z,EU1AEM-KO33ov,8127581,1710,8F982A
2023-09-06T05:03:56Z,EU1AEM-KO33nv,8122906,2029,C630434EC26A2D3FB5A2553247085D68C8CF43B4341B8673B5A65A24D1B546CA860A
2023-09-06T04:59:15Z,PF_DE_UHF_Yagi-JN48iv,8130533,980,0061AC745B87B15518
2023-09-06T04:57:49Z,PF_DE_UHF_Yagi-JN48iv,8130533,980,92DABECF93561DB540AE8C9589DD2E16
2023-09-06T03:18:07Z,M0GKK-IO91qf,8126390,2433,C194BC919D
2023-09-05T22:05:14Z,YB8XM-PI46ch,8129294,1597,8097BA246E7889DA70224C963A65999BE681E03FB83B4BF011566C6E4993A89463A0B9C61DCE3AEFE895AD73A808A7591E3BC0FEF88F1B58614083B7C2CEDE8BD2
2023-09-05T19:20:25Z,EU1AEM-KO33nv,8122894,2029,E874AD
2023-09-05T19:17:41Z,EU1AEM-KO33nv,8122894,2029,707B
2023-09-05T17:41:55Z,Drachten-JO33bc,8128507,2015,808BEB182DC6A2537D1ECC020D6B3B2593099F600B34C4
2023-09-05T17:39:06Z,PF_DE_UHF_X_DIPOLE-JN48iv,8128585,812,2098A6247B7740C949AA8D959CE3
2023-09-05T17:39:03Z,Drachten-JO33bc,8128507,2015,809900A48930EE913D7E6A00CFCC02A66E685EDB2FD0E334E79D26
2023-09-05T17:34:48Z,M0GKK-IO91qf,8126368,2433,C026
2023-09-04T16:37:36Z,M0GKK-IO91qf,8121460,2433,806D3156B5A98629093CCBCF7A7E06D3
2023-09-04T16:34:09Z,M0GKK-IO91qf,8121460,2433,90D759A405676139A1C8EC1C1C4513A74FEA85330D69
2023-09-04T16:31:15Z,M0GKK-IO91qf,8121460,2433,10FC157E0B5C
2023-09-04T16:30:09Z,EU1AEM-KO33ov,8117625,1710,4013
2023-09-04T10:12:37Z,YB8XM-PI46ch,8121830,1597,00C536106D10D93CE4D0C47F563B39B2F154BAB40E61531363E9E13D5A937F78885C6F0767CD2D39E6D504E645D46D8C534FC08B6635AAAA093C6C2B
2023-09-04T07:53:50Z,M0GKK-IO91qf,8116414,2433,80B1347B6CCA1354
2023-09-03T18:52:42Z,PF_DE_UHF_X_DIPOLE-JN48iv,8118783,812,FA7E0A3333634B9E38F1E2280B08D0604F23A2BC8CFC6E7BD472855937027F2C17D1D30800846DD1D6DC8713ADD86A05938735
2023-09-03T18:50:29Z,Drachten-JO33bc,8118872,2015,501F5833E34D03933680CED4
2023-09-03T18:49:56Z,EU1AEM-KO33nv,8117760,2029,60321859E726FF4EC163
2023-09-03T18:48:54Z,PF_DE_UHF_X_DIPOLE-JN48iv,8118783,812,6AB15457102D915A446930DE866059A7BB92A94B12A556D817A837A9D496B5A2715306
2023-09-03T18:47:29Z,PF_DE_UHF_X_DIPOLE-JN48iv,8118783,812,C072340E8A198BBC55A5EBDA
2023-09-03T17:10:33Z,EU1AEM-KO33nv,8117846,2029,EC
2023-09-03T17:08:22Z,M0GKK-IO91qf,8116381,2433,808827
2023-09-02T19:19:23Z,Drachten-JO33bc,8113312,2015,40B80C0DB4BDC01E35AEEB
2023-09-02T17:40:49Z,M0GKK-IO91qf,8111107,2433,00C180EE990DE5
2023-09-02T00:44:54Z,EU1AEM-KO33ov,8107463,1710,8EFB5514
2023-09-01T18:20:05Z,EU1AEM-KO33nv,8102202,2029,80F65BD4BD
2023-09-01T07:52:10Z,M0GKK-IO91qf,8100749,2433,A0253CB01440ACA50D13F737E9
2023-09-01T07:51:56Z,M0GKK-IO91qf,8100749,2433,B93EC8C3EC4C651C3CB564C4E73634800088D419219B696B1263DB3C55300B0CB345B80426A1518421DB0A80C1CEDCB9AC69D35229EDB126910ABA1FE726D9401D1C79A0
2023-09-01T04:41:19Z,EU1AEM-KO33nv,8097498,2029,BB
2023-09-01T04:31:09Z,EU1AEM-KO33nv,8097498,2029,1093EE6A9AB20A7B4BD33D3A8E4D9B6A8B85AEB9027D
2023-09-01T02:52:33Z,EU1AEM-KO33ov,8097357,1710,304A3E0CD6A6E559A66A881140E374CB56BBD6
2023-08-31T18:47:49Z,M0GKK-IO91qf,8100721,2433,84142E76AA686FA1CB326F5092963A326E27
2023-08-31T17:16:41Z,M0GKK-IO91qf,8100718,2433,A0
2023-08-31T05:03:50Z,M0GKK-IO91qf,8095958,2433,B076D4E209E9F9353D4B4CE805A245566C7A38474A9B00
2023-08-30T17:55:29Z,GAO UHF-JN87hg,8098254,2410,A06326
2023-08-30T09:37:24Z,YB8XM-PI46ch,8096517,1597,D43BA0
2023-08-30T05:46:45Z,M0GKK-BB-IO91qf,8092558,2760,0B7DEB266E0B71639596BEC8DAE29901
2023-08-30T04:10:37Z,EU1AEM-KO33nv,8086191,2029,800BA7992A651504CB4C
2023-08-30T02:25:59Z,EU1AEM-KO33ov,8085978,1710,80048ADD043B2EC251E36A1DD6D3ACC8D0A86DAE
2023-08-29T18:24:26Z,DL7NDR-JN48ap,,,2079
2023-08-29T06:17:41Z,M0GKK-IO91qf,8084817,2433,200D9E22F2435CA0270E2C6FFC5A816BB658A107038E4316077869
2023-08-29T06:17:25Z,M0GKK-IO91qf,8084817,2433,402904D9608A1C302D4A45A14B50A74C18C2
2023-08-29T06:16:09Z,PF_DE_UHF_X_DIPOLE-JN48iv,8089305,812,205834B2C4D420B887CCB1BD42CD5728
2023-08-29T04:43:13Z,Drachten-JO33bc,8089052,2015,002FBB87EB909DB48034393F1D
2023-08-29T04:42:00Z,Drachten-JO33bc,8089052,2015,2354E7313D39
2023-08-29T04:40:12Z,PF_DE_UHF_X_DIPOLE-JN48iv,8089143,812,000723D648FBCF4FA4857954C16D8FB1EEF8BAC2DB9B
2023-08-29T04:39:43Z,M0GKK-IO91qf,8084812,2433,E0412D
2023-08-29T04:39:23Z,EU1AEM-KO33nv,8079949,2029,9EA71C3DEE28FB039B21A0
2023-08-29T03:02:56Z,M0GKK-IO91qf,8084807,2433,003115D19FBA9AF947168FCFCB553177
2023-08-29T01:42:04Z,MAUSyagi-DN70ja,8088666,1675,80A219C70BDB1B03
2023-08-28T18:59:03Z,PF_DE_UHF_X_DIPOLE-JN48iv,8087227,812,80B96D016DDB4231E930ED6435ADF93F682F149BB08D1AAA5DF9A4A724CF43
2023-08-28T05:17:13Z,PF_DE_UHF_X_DIPOLE-JN48iv,8083493,812,00A8DE095F0B86003209A946142AD697DA5B276D7B05A777
2023-08-28T05:10:47Z,EU1AEM-KO33nv,8074771,2029,806BDA628CCD52BF06D31436780AD2C07A7BA6E41C5B5DAE621275A7D533
2023-08-28T03:36:05Z,EU1AEM-KO33nv,8074807,2029,80BAA8E8678D1F
2023-08-27T19:36:53Z,M0GKK-IO91qf,8078533,2433,0A667E
2023-08-26T15:01:41Z,EU1AEM-KO33ov,8069572,1710,009ABDC13DE4ED8F792F7450F32AE1D911D732302DB7
2023-08-26T08:03:14Z,M0GKK-IO91qf,8068431,2433,44EF3BB710F5
2023-08-26T04:42:26Z,EU1AEM-KO33nv,8065081,2029,7A54
2023-08-26T04:41:04Z,PF_DE_UHF_X_DIPOLE-JN48iv,8072649,812,6F666A1C363CD333151C4E46
2023-08-25T17:23:45Z,M0GKK-IO91qf,8068403,2433,20A707C7F43FD0FCC14CA8B8A5D0E94C1F2B
2023-08-25T17:23:42Z,GAO UHF-JN87hg,8070604,2410,8A72565D44EF684B
2023-08-25T17:20:52Z,M0GKK-IO91qf,8068403,2433,80C9C4356963E8EFD2CD784B3A91399FA4269E535A28D3BE8A0E1D8B2195
2023-08-25T09:17:04Z,YB8XM-PI46ch,8068555,1597,7083B085945F659C475A9645B5A890444450D821DD827538F59A
2023-08-25T07:00:16Z,M0GKK-IO91qf,8062745,2433,8015CA37F51DF76449D7ECA8391E381DC1A219B0BC86ADEC7A9850C868820614576B5213A7FC9A9A1714A8A9571DB70E05F40E0D8A9102870CD7
2023-08-25T06:59:40Z,M0GKK-IO91qf,8062745,2433,C0C1482C4ED15CB96AB9667AB8E52EA99A0E0C1146407AB76D8E1D30C8AB
2023-08-25T05:22:14Z,EU1AEM-KO33nv,8058865,2029,F3C040
2023-08-25T05:14:34Z,PF_DE_UHF_X_DIPOLE-JN48iv,8067715,812,4078C11C0A71E29578A51F5140B6468B810E87
2023-08-25T05:11:43Z,M0GKK-IO91qf,8062741,2433,9004E6A3D6CFBBD5EC92AB2B76F0270175F9A3487AE4CC4D48162CCF00E159E0C4D3750DE54E07487D034C667620B75695111D0398FF381E
2023-08-25T03:42:17Z,SA2KNG Omni UHF/VHF-KP03cu,8067451,1864,00CD73A2435A392052
2023-08-24T17:58:12Z,EU1AEM-KO33nv,8058848,2029,70B67B1E
2023-08-24T17:57:07Z,PF_DE_UHF_Yagi-JN48iv,8065671,980,E4D5A294B25E30D08A08B552C4ABFDA9
2023-08-24T17:52:56Z,GAO UHF-JN87hg,8065691,2410,809366
2023-08-24T01:13:49Z,N5ZKK-UHF-HELICAL-EM00kb,8058467,2416,2946F9FD2902A7C06B9A31652768A214
2023-08-24T01:13:27Z,N5ZKK-UHF-HELICAL-EM00kb,8058467,2416,4083EB2E22D8
2023-08-23T08:12:48Z,M0GKK-IO91qf,8052579,2433,BC5C54AA95666FAF52D70C
2023-08-23T03:09:30Z,M0GKK-IO91qf,8052568,2433,1025
2023-08-23T03:05:58Z,M0GKK-IO91qf,8052568,2433,0086A94E
2023-08-23T01:29:52Z,EU1AEM-KO33ov,8048809,1710,B0EDC704B30B9CA8E988BE41
2023-08-22T19:04:14Z,EU1AEM-KO33nv,8048929,2029,300D
2023-08-22T05:26:59Z,Drachten-JO33bc,8051625,2015,E04911C0EF41D8
2023-08-22T02:07:45Z,EU1AEM-KO33ov,8044126,1710,00061A
2023-08-21T22:20:25Z,YB8XM-PI46ch,8050634,1597,90B02683482C197747AD24844B0CBBB15451B9072A210661078CD1EDCA2E
2023-08-21T19:40:49Z,PF_DE_UHF_X_DIPOLE-JN48iv,8050364,812,28E244CBF0003C
2023-08-21T04:21:54Z,EU1AEM-KO33nv,8037701,2029,B8343BF236AD35B1095D4266
2023-08-21T02:43:05Z,M0GKK-IO91qf,8043124,2433,005740C7A1E597B09DC2C171C3EBA056
2023-08-20T18:37:43Z,PF_DE_UHF_X_DIPOLE-JN48iv,8045173,812,6084A92826B5D95EDE65A9A4
2023-08-20T18:35:55Z,PF_DE_UHF_X_DIPOLE-JN48iv,8045173,812,B8800EB189
2023-08-20T18:35:33Z,PF_DE_UHF_Yagi-JN48iv,8045269,980,DCCFA076805EA05C
2023-08-20T18:35:24Z,FHAB GS1-JO66kt,8045265,1272,407197
2023-08-20T06:26:59Z,M0GKK-IO91qf,8036293,2433,E0944ED95376111E67524F
2023-08-20T04:55:50Z,FHAB GS1-JO66kt,8042702,1272,80B6871380A03F09
2023-08-20T04:53:07Z,PF_DE_UHF_Yagi-JN48iv,8042596,980,70FD4917EAD9F82A
2023-08-20T04:51:02Z,FHAB GS1-JO66kt,8042702,1272,8048
2023-08-20T03:12:52Z,M0GKK-IO91qf,8036287,2433,58F430088944221641
2023-08-20T03:03:11Z,RIYADH2-LL34is,8037411,146,801FB624A3AF44F68670B617288E9C7E426FA253EAB4
2023-08-19T23:33:53Z,9V1KG-OJ11xi,8038978,2650,403A00CBE2327335C9A90D2BED9EDA687E78
2023-08-19T21:47:08Z,VK5KJP-UHF-PF95gd,8034393,331,80D06CFDC9DD2C25EDE0AD1B0A5483438D767D33BCCF62
2023-08-19T21:46:45Z,VK5KJP-UHF-PF95gd,8034393,331,40B6DD31
2023-08-19T05:29:06Z,GAO UHF-JN87hg,8035872,2410,08F68E683964D9F66E
2023-08-19T02:08:46Z,EU1AEM-KO33ov,8029187,1710,00D114834F44
2023-08-18T06:08:52Z,M0GKK-IO91qf,8026664,2433,80C4038CA43A715F2AD4F5840A4A1A475A5F941C67895BA3
2023-08-18T06:04:21Z,M0GKK-IO91qf,8026664,2433,A0BDC515B16EB9E4109CC90CD6513B8EB70C887154DC5472B895DA46CC20C9E4D4007A13D1
2023-08-18T06:03:46Z,M0GKK-IO91qf,8026664,2433,38BAC423246EB831E17F6D29AA6D5B
2023-08-18T04:26:50Z,GAO UHF-JN87hg,8031043,2410,40712C0E64D6BCFB9156AD86CEE74342AF48D482
2023-08-18T04:25:43Z,Dunchurch-IO92ii,8030999,766,2CD966813F4E1670079143D356C4C6EEBB43ACE18CEE9EB4720AE52C40C64EDB14DEA4
2023-08-18T04:18:57Z,M0GKK-IO91qf,8026661,2433,A469C420A284C4F9D63A4ED3781A31D5065DCEE65C2D3950409152239F5DC1A8
2023-08-18T04:17:03Z,M0GKK-IO91qf,8026661,2433,A0C26542BDF1AA495A1CA0AD3C42B43BD57455EADAB75632
2023-08-17T20:24:37Z,M0GKK-IO91qf,8026646,2433,686CB63307F556B52D56170A75A49DD663585D862F9CC0105DE25C4183C89FB919A14AEA51A60A9EEEAEB045181170A4D7827CFCB4C739
2023-08-17T18:44:26Z,EU1AEM-KO33nv,8023272,2029,807FB63717A0D47B61ADDACC
2023-08-17T18:43:24Z,PF_DE_UHF_X_DIPOLE-JN48iv,8029575,812,709226162AB443CFB4B83CAF1FE4418D
2023-08-17T18:35:53Z,GAO UHF-JN87hg,8029448,2410,5019327887CC86440E
2023-08-17T16:58:33Z,EU1AEM-KO33ov,8023178,1710,2C8AC792C157B6E4AEE6C8F4148E389B47E7
2023-08-17T04:56:42Z,M0GKK-IO91qf,8021171,2433,805EE3F42F5BAC000775DB9BB75E8E0D9165
2023-08-17T04:54:06Z,PF_DE_UHF_X_DIPOLE-JN48iv,8026105,812,C0BAA865E0CC79224FA7DA1BAB34BBD86EA56D24
2023-08-17T04:51:39Z,M0GKK-IO91qf,8021171,2433,60CD33058A2CB726E7F01E5B370F768DFAC242088D9D6C9BAEA2A10024AE2983374EC3A84BCB537E
2023-08-17T03:24:44Z,M0GKK-IO91qf,8021169,2433,880809282D824F0943617D57
2023-08-17T03:17:17Z,M0GKK-IO91qf,8021169,2433,7469D1894B
2023-08-17T01:37:40Z,EU1AEM-KO33ov,8018571,1710,00EF112C7DF9464F1DBD527046232D
2023-08-16T15:54:50Z,EU1AEM-KO33ov,8014082,1710,006444E52FF892871DB0E541C92EB0A56D9DB768
2023-08-16T05:28:49Z,M0GKK-IO91qf,8017034,2433,543B1AD72B
2023-08-16T05:28:17Z,M0GKK-IO91qf,8017034,2433,3A084C39F04CD034ADBA798D1B9E4DB01A
2023-08-16T03:48:15Z,EU1AEM-KO33ov,8014056,1710,C0DBCB7B21
2023-08-15T10:04:19Z,YB8XM-PI46ch,8017403,1597,DE64B0431C669B3ABD
2023-08-15T06:13:50Z,M0GKK-IO91qf,8012241,2433,03490419089C0366AC5C18
2023-08-15T05:56:34Z,AAS Berga Carballada-JN02wc,8016727,1667,AEAB67D76E25E808CDA7E69C3DE09C
2023-08-15T04:29:01Z,EU1AEM-KO33nv,8009251,2029,20CE5584676A185EAD9B04B347A94CE0384241EB28C3
2023-08-15T04:25:12Z,Lovets-KN12pq,8016503,3122,0012B1EE48
2023-08-15T04:24:23Z,SV5QNF-KM46ac,8014699,1534,00
2023-08-15T04:19:59Z,SV5QNF-KM46ac,8014699,1534,513E4E1576A1384CBC01475DBC2E498F
2023-08-15T02:52:19Z,M0GKK-IO91qf,8012236,2433,709E
2023-08-14T18:49:35Z,PF_DE_UHF_X_DIPOLE-JN48iv,8014467,812,485C78E1
2023-08-14T18:43:54Z,Drachten-JO33bc,8014475,2015,B6985C
2023-08-14T17:02:04Z,EU1AEM-KO33ov,8009131,1710,58D4E856C8
2023-08-14T05:05:04Z,EU1AEM-KO33nv,8004459,2029,48
2023-08-14T04:56:07Z,M0GKK-BB-IO91qf,8010108,2760,DD309EDF3DA23334FB287FE2F664
2023-08-14T03:19:06Z,EU1AEM-KO33ov,8004362,1710,C8198DD0B3E66B5D455F58E1C0CDF3F8234618756B25BBC5B32B4C
2023-08-14T03:16:11Z,EU1AEM-KO33ov,8004362,1710,D0CB2173
2023-08-14T01:42:23Z,EU1AEM-KO33ov,8004359,1710,80
2023-08-13T22:08:58Z,YB8XM-PI46ch,8010479,1597,009B0BC6D0ED
2023-08-13T22:01:06Z,YB8XM-PI46ch,8010479,1597,40A1E58ECB56E75E47BC
2023-08-13T15:55:27Z,EU1AEM-KO33ov,7999968,1710,7B08889732AA292525
2023-08-13T05:42:21Z,M0GKK-IO91qf,8002529,2433,60212EC02B4306BDB0
2023-08-13T05:40:13Z,M0GKK-IO91qf,8002529,2433,0057CE0F37028B49F88B0E58033D1A55C4B8AE
2023-08-13T05:34:43Z,PF_DE_UHF_Yagi-JN48iv,8006912,980,F050DBC8B92715FD68B30051073477472808417F885EA3847527B077BB52F2
2023-08-13T05:29:57Z,GAO UHF-JN87hg,8006869,2410,AC8D2A6B5B
2023-08-13T03:54:39Z,SA2KNG Omni UHF/VHF-KP03cu,8006413,1864,A078425A86B4064F09E396867811
2023-08-13T03:53:18Z,EU1AEM-KO33ov,7999945,1710,4CD2C93D510077E489035EB1CEDCC76219F98CE6107833AFE386B9
2023-08-12T18:10:59Z,SA2KNG Experimental-KP03cu,8004660,1888,00D8C1
2023-08-12T07:56:29Z,M0GKK-IO91qf,7997788,2433,604B60A51ACB5446CA0550E3C4C88C
2023-08-12T06:10:04Z,M0GKK-IO91qf,7997785,2433,C082402A9CD2
2023-08-12T06:09:09Z,M0GKK-IO91qf,7997785,2433,B52DDD
2023-08-12T04:32:43Z,M0GKK-IO91qf,7997782,2433,D0B81AC280C5A54E39485B
2023-08-12T04:31:49Z,FHAB GS1-JO66kt,8002056,1272,B8EDE9189C9C90E4B4A9949ECF08293278DCEBDE334581
2023-08-12T04:30:06Z,EU1AEM-KO33nv,7994554,2029,43744600D613A6FB8C7A
2023-08-11T22:06:17Z,M0GKK-IO91qf,7997773,2433,DA5E64DD0BC9BF5E6071606AF1C7
2023-08-11T17:13:50Z,M0GKK-IO91qf,7997762,2433,C0A6E545C76D916884F97B443B3B
2023-08-11T17:08:20Z,M0GKK-IO91qf,7997762,2433,80F6A2968D9107498F066E13A5A6C93C28
2023-08-11T17:06:08Z,M0GKK-IO91qf,7997762,2433,80C45415A02D26D8D20EA0C5
2023-08-11T08:24:51Z,M0GKK-IO91qf,7991311,2433,80DEA0474240CC1BEAB67C260FE04F20EA4DE02EA136BC
2023-08-11T06:45:13Z,M0GKK-IO91qf,7991308,2433,0025F4821FB9
2023-08-10T17:48:24Z,Lovets-KN12pq,7994519,3122,20A36BCD6C76973175
2023-08-10T17:48:22Z,Drachten-JO33bc,7994712,2015,B03ABD4A0BC50A882565DE
2023-08-10T17:46:24Z,GAO UHF-JN87hg,7994406,2410,C0B462BC
2023-08-10T17:45:35Z,GAO UHF-JN87hg,7994406,2410,74D52995ECBD6C48B423012C226E56C20BCE5DC941A917A9236CE70DF069D4
2023-08-10T16:07:19Z,EU1AEM-KO33ov,7984023,1710,E096565E32BF418ECB0EAB127A55255E65C63A3938601FAD4F265DA2DD4116403601D05E2DA81A2615A309
2023-08-10T16:05:35Z,EU1AEM-KO33ov,7984023,1710,CC2102312B710C37
2023-08-10T07:18:33Z,M0GKK-IO91qf,7986611,2433,90C6DF10
2023-08-10T07:16:27Z,M0GKK-IO91qf,7986611,2433,2D877E1E1B3A17
2023-08-10T05:42:30Z,PF_DE_UHF_X_DIPOLE-JN48iv,7990667,812,6EADDEE6367C9A
2023-08-10T05:36:54Z,M0GKK-IO91qf,7986607,2433,87B58220949C63E2A17EE50A0C59D2D0F462559342521599BF471B
2023-08-10T04:00:45Z,M0GKK-IO91qf,7986604,2433,00A072117946
2023-08-10T04:00:31Z,M0GKK-IO91qf,7986604,2433,805F91EB4988212C8A
2023-08-10T02:23:30Z,EU1AEM-KO33ov,7984001,1710,5B7982B31A412A057423AD74CA82A096
2023-08-10T02:22:58Z,M0GKK-IO91qf,7986601,2433,00DA6B91A0D99A
2023-08-09T18:20:06Z,Drachten-JO33bc,7988719,2015,40CFBD52
2023-08-09T18:17:04Z,PF_DE_UHF_X_DIPOLE-JN48iv,7988790,812,E9E799C45560
2023-08-09T16:44:36Z,Lovets-KN12pq,7988422,3122,6002DC094DAB383173601BB378307B4A5873CFA57D0E493C3BDAE2B21DEA224E62E6F2416E
2023-08-09T04:34:40Z,Lovets-KN12pq,7986035,3122,002316836DA11A9819B78E8162D5E5C87074
2023-08-09T02:57:41Z,EU1AEM-KO33ov,7978788,1710,302266281FEE
2023-08-08T17:18:35Z,UX5UL-KO50ei,7981973,2968,A7D2FF0E523A810899634C2564A6
2023-08-08T17:17:00Z,Lovets-KN12pq,7984109,3122,2C4A7AA8DAB996F89BF1EA9136C4D4
2023-08-08T17:16:17Z,EU1AEM-KO33nv,7978906,2029,D08BA1465D4137FE683385A29F13CAC85BF1AEC1288064A9B239085B8092DD4E0E2C1773
2023-08-08T17:14:50Z,M0GKK-IO91qf,7982109,2433,60CC2D09B9
2023-08-08T17:12:31Z,M0GKK-IO91qf,7982109,2433,20B409461C1112AD
2023-08-08T17:09:00Z,M0GKK-IO91qf,7982109,2433,800D3BD55DCE
2023-08-08T15:37:38Z,M7RED-KO96ce,,,6B804E5859A54335540D2817E6ED0AB295B301BAC1A3425752B5636531
2023-08-08T06:47:16Z,M0GKK-IO91qf,7977025,2433,10330F800DD2E36AD6CD61BCE86E1304C5CD0B4F4CFD19A9B5DD2E5EA743A4
2023-08-08T05:08:31Z,SV5QNF-KM46ac,7979354,1534,A06462F38E3657384AA06E2CDE8A991130BEB910CCC1DCC3339974C38010AA99F92CD024CDE9
2023-08-08T03:36:44Z,SA2KNG Omni UHF/VHF-KP03cu,7981366,1864,486E
2023-08-08T03:32:41Z,SA2KNG Experimental-KP03cu,7981375,1888,80
2023-08-08T03:31:20Z,SA2KNG Omni UHF/VHF-KP03cu,7981366,1864,D264722019DD59335BF1D400C0E1145E4CD2191E510325B58988F1C64251E96A5CF8C4
2023-08-08T03:27:25Z,EU1AEM-KO33ov,7974786,1710,0012813B2B9833F3CF04D6
2023-08-07T17:53:14Z,M0GKK-IO91qf,7976999,2433,F053ED5BF293
2023-08-07T04:08:35Z,SA2KNG Experimental-KP03cu,7976379,1888,408929C401CF28D0A0A19103493860F7B0942A
2023-08-07T04:04:44Z,Lovets-KN12pq,7976317,3122,61
2023-08-07T04:01:19Z,EU1AEM-KO33ov,7969995,1710,3250FA69C25334B38867D1B03E5428C598B5B077B8D83AD9C06C5D262245031D738260E66F05982B2AA47560D12DB801CF7C7B9CE0393D15D476F6
2023-08-06T18:25:28Z,PF_DE_UHF_X_DIPOLE-JN48iv,7975096,812,80235EA315DD4C5EBCD1CA7833DEB6DE068682EE09E1BDBA5B60EC967AEC4C3A58
2023-08-06T18:18:50Z,SA2KNG Experimental-KP03cu,7975059,1888,3802
2023-08-06T16:42:48Z,M0GKK-IO91qf,7972824,2433,32B2300F
2023-08-06T16:41:34Z,EU1AEM-KO33ov,7969970,1710,F850713633CD9207
2023-08-06T16:40:53Z,M0GKK-IO91qf,7972824,2433,C0B968C16068A4A67B800B166B
2023-08-06T04:40:13Z,EU1AEM-KO33nv,7964939,2029,009AF030645947CDF22C
2023-08-06T04:39:17Z,M0GKK-IO91qf,7967579,2433,202C062203E8A56B2AE118DEE2D13D61A294
2023-08-06T02:59:25Z,M0GKK-IO91qf,7967576,2433,14A068541C43480E8B0A47359FA89598519C48358B529F13470A192E60B7C6DA5D4A1E3821157F83564CD8B7
2023-08-05T17:20:46Z,Lovets-KN12pq,7969894,3122,00EA02E0
2023-08-05T06:54:27Z,M0GKK-IO91qf,7962030,2433,00
2023-08-05T05:10:48Z,EU1AEM-KO33nv,7959274,2029,E8218D7EEBAE518BAF837438029B30A8ED80
2023-08-05T03:38:08Z,M0GKK-IO91qf,7962025,2433,F0463487195D5AEE1232AE3946482EC914CE46
2023-08-04T05:55:01Z,M0GKK-IO91qf,7957674,2433,E02D8A
2023-08-04T05:46:31Z,M0GKK-IO91qf,7957674,2433,60D33D794565
2023-08-04T05:45:22Z,M0GKK-IO91qf,7957674,2433,80E4CE15DBDA
2023-08-04T04:07:07Z,Lovets-KN12pq,7961532,3122,680725
2023-08-04T04:03:55Z,Lovets-KN12pq,7961532,3122,90
2023-08-04T02:32:01Z,M0GKK-IO91qf,7957668,2433,4CBFA5A10857F60C0A41850BDC2619761D50
2023-08-03T18:23:13Z,SA2KNG Experimental-KP03cu,7959467,1888,309EAA17D3EBDF48BBE15C5638
2023-08-03T16:44:08Z,M0GKK-IO91qf,7957646,2433,804032C76AEAA45647A24AEF8371149391651B6415
2023-08-03T06:22:11Z,M0GKK-IO91qf,7952891,2433,1897
2023-08-03T04:43:33Z,FHAB GS1-JO66kt,7957237,1272,211D9A0433B245282D698EC321756271B87723
2023-08-03T04:42:37Z,Lovets-KN12pq,7957194,3122,78A927
2023-08-03T04:42:03Z,Lovets-KN12pq,7957194,3122,8092AB65A859B785
2023-08-03T03:09:53Z,EU1AEM-KO33nv,7955244,2029,00
2023-08-03T01:27:49Z,EU1AEM-KO33ov,7950383,1710,90B401
2023-08-02T22:18:46Z,M0GKK-IO91qf,7952879,2433,B05D798CD36CB4A9E4FFB3F6B7724B53ADF4AD
2023-08-02T21:43:34Z,YB8XM-PI46ch,7956142,1597,C0E02F145FB3B984AC69C8346A32
2023-08-02T17:26:52Z,Lovets-KN12pq,7955331,3122,C48521EF412D7EB589D0B5
2023-08-02T17:24:58Z,Lovets-KN12pq,7955331,3122,00765EAD0B4729C7B712DF
2023-08-02T05:16:52Z,M0GKK-IO91qf,7948481,2433,88ECB6F7
2023-08-02T03:43:43Z,M0GKK-IO91qf,7948478,2433,B077883EEE76A61E7AB039
2023-08-01T19:41:07Z,Drachten-JO33bc,7950821,2015,58
2023-08-01T19:35:36Z,Drachten-JO33bc,7950821,2015,408789440D7051BAE3654E523381C97946077982A7BCC328F46C0AB732D715B11FAC8720F9A097D21383EB36
2023-08-01T18:00:43Z,M7RED-KO96ce,,,518367C79D72D38E627CE38CF7FC38678EA0DB0102A9760933D3C8133DBC
2023-08-01T04:14:37Z,Lovets-KN12pq,7947879,3122,40D26964A649C4A8AF6543E494D9B31805DAD548C18785A90F8B2E2478D11DEF
2023-08-01T02:37:57Z,SA2KNG Omni UHF/VHF-KP03cu,7947684,1864,FC9F
2023-07-31T20:09:52Z,EU1AEM-KO33nv,7941610,2029,91500B99B4F744EEEF40D021
2023-07-31T18:36:46Z,M0GKK-IO91qf,7943911,2433,00B493952BD9FC60
2023-07-31T16:55:07Z,EU1AEM-KO33ov,7941525,1710,EC6CD1829363762C98408D6A29F074121B
2023-07-31T16:52:07Z,M0GKK-IO91qf,7943909,2433,7CABAC3B4C8C558C8876E499EFC6
2023-07-31T16:51:53Z,EU1AEM-KO33ov,7941525,1710,1E4EA3982EA1169837E2D2F38086D1889B769285C415134A07772CDBAB92578AEA265B1C374F636E8D
2023-07-31T06:22:30Z,M0GKK-BB-IO91qf,7942177,2760,1816A8F6B277C42BB99E842C00D0EE7B71E91152E2028B1D2802B57481853F9D
2023-07-31T04:52:51Z,FHAB GS1-JO66kt,7943415,1272,E03642EF09B476999ED5B0423584E0
2023-07-31T04:50:02Z,EU1AEM-KO33nv,7937112,2029,00
2023-07-31T04:47:58Z,EU1AEM-KO33nv,7937112,2029,78A8BDDC695AE9EE45B34410114EBE4E76D954CF925D87023CB31C006E79908ACD73855E8DC26AEB
2023-07-31T03:05:00Z,EU1AEM-KO33ov,7937015,1710,C8E049E5E13D9B3973D072
2023-07-30T19:07:20Z,EU1AEM-KO33nv,7937086,2029,A46A64CB3BC3EEA2E8A0170CABE1AA9A70E81CA5C70BE9A374F6A8226ABB
2023-07-30T17:27:35Z,Lovets-KN12pq,7941521,3122,9065B4F199722FB48A99687A6FA796A1CEEACDB257A3
2023-07-30T17:26:30Z,Lovets-KN12pq,7941521,3122,FCA5A5750F3E02
2023-07-30T09:21:55Z,YB8XM-PI46ch,7939675,1597,758E6823A32F057EED0DE08F3BE9124A95A450EA4B28EBDAB6988042
2023-07-30T07:00:00Z,M0GKK-IO91qf,7935331,2433,0CA7DC56D486A03A33660C50953CCBCD0D7C35310093B6DB08AD95B462
2023-07-30T06:58:35Z,M0GKK-IO91qf,7935331,2433,60D733B5DA6464FA22A921A22261
2023-07-30T06:58:26Z,M0GKK-IO91qf,7935331,2433,007137082681A9
2023-07-30T06:58:08Z,M0GKK-IO91qf,7935331,2433,40A283131A5BE52A8850F6E918578ABF8BA66726F2082BA8B2440C5DC82430F334B82DCE54
2023-07-30T05:28:53Z,Drachten-JO33bc,7938986,2015,8AD7CB6AD72CB965B8B864AA6170AC566AD6
2023-07-30T05:25:22Z,Drachten-JO33bc,7938986,2015,3C1043
2023-07-30T05:20:46Z,Drachten-JO33bc,7938986,2015,4F1FB9B5CD
2023-07-30T05:20:31Z,Drachten-JO33bc,7938986,2015,80025B817D2652F9
2023-07-30T05:20:06Z,PF_DE_UHF_X_DIPOLE-JN48iv,7939083,812,74BA
2023-07-30T03:42:48Z,EU1AEM-KO33ov,7932113,1710,C00556BEC102EB
2023-07-29T18:04:48Z,PF_DE_UHF_Yagi-JN48iv,7937333,980,93A717E136112C2ABD939BC2D06E030E62A24D
2023-07-29T18:00:48Z,SA2KNG Experimental-KP03cu,7937320,1888,00F482F1B4C7DE1C
2023-07-29T10:01:08Z,YB8XM-PI46ch,7935671,1597,00C42B37C682BD
2023-07-29T10:00:18Z,YB8XM-PI46ch,7935671,1597,411B15953AE0887ECBD930AB1ECB0EE115BE814D7FE6
2023-07-29T07:44:41Z,M0GKK-IO91qf,7929989,2433,C0
2023-07-29T07:42:07Z,M0GKK-IO91qf,7929989,2433,60D50C025A0766
2023-07-29T05:54:07Z,M0GKK-IO91qf,7929987,2433,802F7908
2023-07-29T04:22:52Z,M0GKK-IO91qf,7929984,2433,ACB958281325757A1A1FB448425B88205317A744B4B52D0845F1282B70D525B28D4504DD
2023-07-29T04:20:09Z,Drachten-JO33bc,7933818,2015,20191E90897C8BCDA16D5F31B40277
2023-07-29T04:19:19Z,EU1AEM-KO33nv,7927844,2029,A00085C9E602
2023-07-29T02:37:18Z,EU1AEM-KO33ov,7927743,1710,4041A3BA06
2023-07-29T02:36:04Z,EU1AEM-KO33ov,7927743,1710,9447018F4817612515D629A928BC715E389458D3F9D22E7359C1D196C27427BFF50F1895C6A81DE4A98B143A9564117705C6
2023-07-28T18:36:18Z,PF_DE_UHF_Yagi-JN48iv,7932537,980,206709C9
2023-07-28T16:56:49Z,Lovets-KN12pq,7932157,3122,0091E3
2023-07-28T16:55:04Z,EU1AEM-KO33ov,7927720,1710,10EE04200ABFF78E52
2023-07-28T04:56:48Z,Drachten-JO33bc,7929440,2015,5047510527689D1464
2023-07-28T04:54:47Z,PF_DE_UHF_X_DIPOLE-JN48iv,7929558,812,00408BF170AA755EF82F319B
2023-07-28T04:54:28Z,PF_DE_UHF_X_DIPOLE-JN48iv,7929558,812,A0C2BA145309F647D2
2023-07-28T04:52:25Z,EU1AEM-KO33nv,7921857,2029,C0C72BDF325908438091C0BA3D285C
2023-07-28T03:20:14Z,EU1AEM-KO33nv,7921890,2029,30AFDE5D61032FEAE175AE57A485D6D1165600C3C3A9DA
2023-07-27T17:37:06Z,EU1AEM-KO33nv,7921831,2029,B62B21996CB16BC70897CC29DB29
2023-07-27T17:36:12Z,Lovets-KN12pq,7927952,3122,602BF488521507BA06E87882AB60262F4858769D51
2023-07-27T05:30:35Z,EU1AEM-KO33nv,7917385,2029,C01D972CF99D88C71A2D941FDE68D4D92609CE86D687706CEB193785AC
2023-07-27T05:26:33Z,M0GKK-IO91qf,7920167,2433,003E6E5534C49872694C6832EC0D32CD48F3283D0F0713CB433B2BC52174CC86CE5EC30AED89EC23CC2BEB
2023-07-27T05:25:31Z,EU1AEM-KO33nv,7917385,2029,5BA20A
2023-07-27T03:54:50Z,M0GKK-IO91qf,7920163,2433,09FD56E6C174E0
2023-07-27T03:54:12Z,SA2KNG Experimental-KP03cu,7923565,1888,92886B5DEF4A20410F1BE82A018C25
2023-07-27T03:49:07Z,SA2KNG Experimental-KP03cu,7923565,1888,2071FD
2023-07-26T22:33:29Z,YB8XM-PI46ch,7922727,1597,708A2337C384090D
2023-07-26T09:57:16Z,YB8XM-PI46ch,7920518,1597,409718327328E08E
2023-07-26T07:42:51Z,M0GKK-IO91qf,7915267,2433,D809F4701BC56D066778F98888776C4449D39DA0B8D6929C9668313D587F206D11
2023-07-26T06:04:27Z,EU1AEM-KO33nv,7912966,2029,84A8891B8520
2023-07-26T04:22:16Z,Lovets-KN12pq,7919480,3122,A203A3BD69
2023-07-26T04:22:09Z,Drachten-JO33bc,7919436,2015,00
2023-07-25T15:18:26Z,EU1AEM-KO33ov,7908519,1710,00749D7925
2023-07-25T04:59:10Z,PF_DE_UHF_Yagi-JN48iv,7914793,980,00
2023-07-25T04:57:04Z,PF_DE_UHF_Yagi-JN48iv,7914793,980,80D01CEC4FCC4B5328
2023-07-25T03:18:44Z,EU1AEM-KO33ov,7908501,1710,99CEBEA7382E6BD874A5EA8C
2023-07-25T03:16:05Z,Lovets-KN12pq,7914525,3122,A0EFD836
2023-07-25T03:15:30Z,EU1AEM-KO33ov,7908501,1710,688424
2023-07-24T22:30:37Z,M0GKK-IO91qf,7911086,2433,003B
2023-07-24T19:23:53Z,M0GKK-IO91qf,7911076,2433,80F1C0EA43BB613C231AE718AFEF58B2905D9F
2023-07-24T19:16:21Z,EU1AEM-KO33nv,7908573,2029,00
2023-07-24T19:16:01Z,Drachten-JO33bc,7913355,2015,004EAB52CD2CB7454A
2023-07-24T19:15:24Z,EU1AEM-KO33nv,7908573,2029,502AEA74676530433A65
2023-07-24T19:15:20Z,M0GKK-IO91qf,7911076,2433,50A0CB237134BFC0BD0B90
2023-07-24T17:38:10Z,M0GKK-IO91qf,7911071,2433,00D58415EADE85ACB27471670B5B348D51A5AC0BC66E68
2023-07-24T05:34:46Z,EU1AEM-KO33nv,7904138,2029,C0ACC2B8DFE26F469FEFD809E6D8
2023-07-24T05:28:30Z,EU1AEM-KO33nv,7904138,2029,74153CB5E4753CE537DD521909722868F66D
2023-07-24T03:58:38Z,SA2KNG Experimental-KP03cu,7910507,1888,700B9B89699267A1B94D5A60E509
2023-07-24T03:57:38Z,EU1AEM-KO33nv,7904171,2029,0062D0716F677A65846D83354278
2023-07-24T03:56:21Z,EU1AEM-KO33nv,7904171,2029,AE1B3D7EDA3EB8EAE24E9591474B851BAEE2BA496CF147670D
2023-07-24T03:53:30Z,EU1AEM-KO33nv,7904171,2029,CABD7ECB6ED0736927
2023-07-24T02:11:20Z,EU1AEM-KO33ov,7904039,1710,5841B72DF49E
2023-07-23T18:14:46Z,PF_DE_UHF_X_DIPOLE-JN48iv,7908791,812,44F810E16C29B5F7A79C6A3B6E09FAC3D2C77BEFEC4CD7509DF48775651D75968D9D35AB50D7B31D29AB
2023-07-23T06:07:31Z,EU1AEM-KO33nv,7898835,2029,082238079C287E0DCE9E7CDAE03D8B4EEC52
2023-07-23T06:05:10Z,M0GKK-IO91qf,7902671,2433,48
2023-07-23T04:22:29Z,M0GKK-IO91qf,7902667,2433,9082B5A821A5817436D405E3165C0BCF36B741C9C7D3BCBB039115904DA99E4E0D9D7FB00B1A724FAE83FC
2023-07-23T02:54:02Z,M0GKK-IO91qf,7902663,2433,00A7DA7224B6C83D
2023-07-22T18:48:51Z,EU1AEM-KO33nv,7898818,2029,2C4BB2508D74F224F4E9DD2BFD40FEA14D25C457B642DD25B134
2023-07-22T05:03:46Z,PF_DE_UHF_X_DIPOLE-JN48iv,7902218,812,00EFF9CCC584
2023-07-22T05:00:13Z,EU1AEM-KO33nv,7894605,2029,6C8680B3301EE402B1C74D278BD5CE914EB7
2023-07-21T05:30:02Z,M0GKK-IO91qf,7893005,2433,20C4B92C3390449629B27453B7893F1B22706F0A39933B239A62BE3DECC2F12BD1
2023-07-21T04:02:20Z,M0GKK-IO91qf,7893001,2433,426A53BCECD0DB0407BBEA91861364FB11FEA4
2023-07-21T03:54:46Z,EU1AEM-KO33ov,7890426,1710,264D4025862ABD19AA0A2A24A6078C04D6141C5CC239
2023-07-20T18:19:47Z,EU1AEM-KO33nv,7890501,2029,4074819B1DB21877E769
2023-07-20T18:15:08Z,SA2KNG Experimental-KP03cu,7894746,1888,A48E0F485818485CA13EA2D4D48A6C6F2E6140A1D0142043612CAE0ACCD36246D3E12E99674D96CAAF4A016226E376B6192E8502384203E68C1101243CBF08FB3500B665DD43BAE935D66CF83002E1C03230C8BD91542F72FA13F642E2CCD6D982217B8366AA68C58181ADA861F7976271BB1E66E35E
2023-07-20T18:14:55Z,SA2KNG Experimental-KP03cu,7894746,1888,69917E8D00131B04518644A234B5C15C2E64128D3074A5B134999A56236E92DB6076E57CB84B
2023-07-20T18:13:31Z,EU1AEM-KO33nv,7890501,2029,44922ED437418902FE6E1775884356D9EE6E1D11
2023-07-19T08:26:10Z,M0GKK-IO91qf,7881178,2433,B0C036C750E78B2D3AC1D870FD705D10326DBF0E922E7A8EE9C526C740C1EA
2023-07-19T06:44:51Z,M0GKK-IO91qf,7881175,2433,2CDA50
2023-07-19T06:44:14Z,M0GKK-IO91qf,7881175,2433,D635FEC8E1FDA3BF597977BC77EA1E29DEE33A83194AD03C385D1FE75366385186256E
2023-07-18T21:07:18Z,M0GKK-IO91qf,7881157,2433,8036982E1956EF51A729060760B26D940B4FB692D46051CED96787E0E400C559958E5D54
2023-07-18T17:49:40Z,M0GKK-IO91qf,7881148,2433,A0F7E6BCBC10857CF64C085C6E64168EBA63AE8E54A542D236
2023-07-18T17:48:15Z,Lovets-KN12pq,7884215,3122,BA3209E169F01A2511CB0C386271BD2411575CC009B5DD07156E3806D82D833DE10445BBD08DDCCAAB
2023-07-18T17:43:41Z,M0GKK-IO91qf,7881148,2433,C089C955BEDE
2023-07-18T03:57:11Z,Lovets-KN12pq,7880452,3122,B45AA467612EB507D9D0595D383DAEE7FE69825BA9AF5C45A4CB
2023-07-18T02:24:15Z,M0GKK-IO91qf,7876765,2433,F021D807
2023-07-17T18:22:32Z,M7RED-KO96ce,,,8A2C3452A98715E9FA28B0F3744EBD3646
2023-07-17T04:39:10Z,FHAB GS1-JO66kt,7876295,1272,94442DADE8543122B07E3B65
2023-07-17T04:38:28Z,GAO UHF-JN87hg,7876186,2410,8000
2023-07-17T04:35:58Z,GAO UHF-JN87hg,7876186,2410,9433
2023-07-17T04:35:43Z,PF_DE_UHF_Yagi-JN48iv,7876180,980,C07358E80C03
2023-07-17T04:35:31Z,FHAB GS1-JO66kt,7876295,1272,80
2023-07-17T04:34:54Z,PF_DE_UHF_Yagi-JN48iv,7876180,980,80306AE36574D2BDB65A803A18D6F1FA558AF0364B9800
2023-07-16T06:54:22Z,M0GKK-IO91qf,7868040,2433,C5365677DCA946BDEFEC22A2238D
2023-07-16T06:45:01Z,M0GKK-IO91qf,7868040,2433,FA3682667A8FB3D96EE1B1858C758AD5A97683AAA41564A55EDA
2023-07-16T05:08:23Z,PF_DE_UHF_Yagi-JN48iv,7872102,980,A0FD0D823A3472C1E6
2023-07-16T05:06:36Z,EU1AEM-KO33nv,7866028,2029,00CFB4BA375A665747995487
2023-07-15T19:27:24Z,EU1AEM-KO33nv,7866006,2029,A04E58C12E
2023-07-15T17:50:46Z,EU1AEM-KO33nv,7866002,2029,AF73824D6457403EC8144890853C9D4818AF32ED190DD1C9C8990084EA
2023-07-15T17:49:08Z,EU1AEM-KO33nv,7866002,2029,786C
2023-07-15T16:13:48Z,EU1AEM-KO33ov,7859305,1710,0C9B250D5C82A201749EA652
2023-07-15T04:01:41Z,EU1AEM-KO33ov,7859283,1710,24D6824B881B051B909798E558
2023-07-15T02:31:09Z,M0GKK-IO91qf,7861907,2433,A02B40FBE5C7B0444AF5
2023-07-15T02:24:07Z,EU1AEM-KO33ov,7859279,1710,8C625B736F1F7C61C55CEAE1A24128E4A89B7B60D9B98A
2023-07-14T21:44:09Z,M0GKK-IO91qf,7861898,2433,00D162A655BE60CBE6
2023-07-14T20:08:25Z,M0GKK-IO91qf,7861893,2433,A862706539BAFEC589613CF128060B3AF98F
2023-07-14T20:00:09Z,M0GKK-IO91qf,7861893,2433,B25E77C398A898401C99
2023-07-14T18:29:51Z,M0GKK-IO91qf,7861888,2433,1E24CB19F2AA96B25E61193C120213CC41D30514BD59B69DFCEC3C5DF088217300600F
2023-07-14T18:27:50Z,EU1AEM-KO33nv,7859355,2029,90C75E7124B4F3
2023-07-14T18:27:11Z,M0GKK-IO91qf,7861888,2433,000A3282EBAE94
2023-07-14T18:27:02Z,M0GKK-IO91qf,7861888,2433,80473383AE4EE9
2023-07-14T18:25:28Z,EU1AEM-KO33nv,7859355,2029,E0
2023-07-14T04:39:34Z,GAO UHF-JN87hg,7861178,2410,5875646952B5F778
2023-07-14T02:55:59Z,EU1AEM-KO33ov,7854448,1710,404D934D53C95E205F9912CDFEE84829F925E5C22F43F772446E98746F566A95ED9DBC0EAF85BA
2023-07-13T05:14:14Z,Lovets-KN12pq,7856351,3122,20B11C791BA7A654
2023-07-13T05:08:59Z,M0GKK-IO91qf,7851640,2433,E2DE2F7051472D7FA0BF
2023-07-12T11:33:26Z,9V1KG-OJ11xi,7851129,2650,FED429220234E3BCF11C68257615CC3D4BA87139B18881B5
2023-07-12T11:26:05Z,9V1KG-OJ11xi,7851129,2650,80AABA3E05D165DB05
2023-07-12T09:52:05Z,YB8XM-PI46ch,7851925,1597,80
2023-07-12T07:33:45Z,M0GKK-IO91qf,7847853,2433,00AF0888B3740ED8827B54C99C7D7769
2023-07-11T18:32:37Z,SP7THR-UHF-KO10an,7845933,2012,D6FD3916DA4864BD8AD13914F416
2023-07-11T18:31:56Z,EU1AEM-KO33nv,7845738,2029,D001FFC0AA000BD06FF39A649DD091
2023-07-11T04:50:41Z,M0GKK-IO91qf,7840734,2433,C0FDFE79211C4F603FCB57FEEC326AE0
2023-07-10T07:06:31Z,M0GKK-IO91qf,7837186,2433,BD67BD43336923A63680723D232D394CDCF4675ECBE9355E50018C5A037927ACA9F4E66355BC05B86CA07A0A9DAE16C358DC726E85A6DC41DCF7D10ADBD560B625C67DB8D7894815CDA385F6E49CA0E664D83EA817691C5144DE
2023-07-10T03:34:35Z,EU1AEM-KO33ov,7834215,1710,40CDA7
2023-07-09T17:58:36Z,EU1AEM-KO33nv,7834292,2029,004EDC487BCAA0D7BA8276EA6CF30FC1E938477C1B2E704A82680C16B9C7E0C49256B90A6E0E395A54D37D13C73F0949101EB4F6466194BD185D3521
2023-07-09T09:57:06Z,YB8XM-PI46ch,7837631,1597,28
2023-07-09T07:40:45Z,M0GKK-BB-IO91qf,7834705,2760,AE9064B0A09A609C6EA6968640E103F05000000000010042454157483258504D16C9F054C80969BB333F005B010000000000000000000000000000000000EFFFF3A7F2BCF3FFF302F0FFF312F300F3B8F3FFF303F077F2ACF2FFF37EF1BCF003F046F37BF1BEF00EF316F302F043F32CF3FCF250FFF4FF780040D5D2FBC3FF39FF0000000000000300010601090200000000F0
2023-07-09T07:40:45Z,M0GKK-IO91qf,7832137,2433,AE9064B0A09A609C6EA6968640E103F05000000000010042454157483258504D16C9F054C80969BB333F005B010000000000000000000000000000000000EFFFF3A7F2BCF3FFF302F0FFF312F300F3B8F3FFF303F077F2ACF2FFF37EF1BCF003F046F37BF1BEF00EF316F302F043F32CF3FCF250FFF4FF780040D5D2FBC3FF39FF0000000000000300010601090200000000F0
2023-07-09T07:39:44Z,M0GKK-BB-IO91qf,7834705,2760,AE9064B0A09A609C6EA6968640E103F05000000000010042454157483258504D16C9F054C70813AF1B3F005B010000000000000000000000000000000000EFE0F293F2C1F30BF303F0D3F3FFF3F4F2A8F3FFF303F0FFF3BEF2FFF37CF1BDF0FFF352F37BF1BEF00FF317F3FFF347F376F394F2C4FFECFF6400D0D42CFC92FF13FF0000000000000300010601090200000000F0
2023-07-09T07:39:44Z,M0GKK-IO91qf,7832137,2433,AE9064B0A09A609C6EA6968640E103F05000000000010042454157483258504D16C9F054C70813AF1B3F005B010000000000000000000000000000000000EFE0F293F2C1F30BF303F0D3F3FFF3F4F2A8F3FFF303F0FFF3BEF2FFF37CF1BDF0FFF352F37BF1BEF00FF317F3FFF347F376F394F2C4FFECFF6400D0D42CFC92FF13FF0000000000000300010601090200000000F0
2023-07-09T07:38:42Z,M0GKK-IO91qf,7832137,2433,AE9064B0A09A609C6EA6968640E103F05000000000010042454157483258504D16C9F054C60657A3033F005B010000000000000000000000000000000000EFAAF2D1F2BEF3FFF301F0B1F3B8F2F3F2D4F306F304F0FFF3ABF2FFF37EF1BAF003F045F37CF1BEF00FF316F3FFF340F38CF3FFF3BCFF0800C40090D418FCF5FF00FF0000000000000300010601090200000000F0
2023-07-09T02:37:01Z,SA2KNG Omni UHF/VHF-KP03cu,7836247,1864,C0E80C58496DB330589952EE1A6D502EED17247B80A14336CB961707A5134D
2023-07-08T21:12:46Z,VK4JBE-UHF-QG62mm,7835182,1936,594FB47FEBA4D73F96E0061067E5
2023-07-08T16:58:25Z,M0GKK-IO91qf,7832103,2433,8059B83EC97F
2023-07-08T16:54:27Z,M0GKK-IO91qf,7832103,2433,801820CC74499647E33DA8099E318699EAEAEF243BF06C3136CD2968445EB57A3C5B5961A6
2023-07-08T16:54:24Z,M0GKK-IO91qf,7832103,2433,46CF67354A5E0D0BE58A
2023-07-08T16:52:50Z,Lovets-KN12pq,7834068,3122,86AC645E4DC186A2A13962C4C4568660A90470A02C1E42EE992C8C0E5AE00BA2771E734A49B2CC0D1E75DC
2023-07-08T16:50:27Z,M0GKK-IO91qf,7832103,2433,0FDD19F04E57D96CA2B0B24DF33CAE35AC2795918ED9
2023-07-08T16:50:08Z,EU1AEM-KO33ov,7829633,1710,2010EF0E481794D5DD04267859FB067503FFB65D1CC88F5015A12FAFF3B33B7835B1B0
2023-07-08T16:48:26Z,M0GKK-IO91qf,7832103,2433,A05406324C99131A72B08148D485DDCD686B
2023-07-08T15:11:28Z,EU1AEM-KO33ov,7825267,1710,2BAF187F865A7610E6
2023-07-08T08:07:59Z,M0GKK-IO91qf,7827980,2433,0063C7DA521534DCEEAF1DC3F826E6A1A87C5EA187
2023-07-08T04:46:09Z,PF_DE_UHF_CROSS_DIPOLE-JN48iv,7831461,812,80AD
2023-07-08T04:45:39Z,PF_DE_UHF_CROSS_DIPOLE-JN48iv,7831461,812,8012EEF019CFF1976C62A1DFDB731A57E1D43749215285C7D5983C42B7411FA81242C666B8E103E5CE
2023-07-08T03:04:43Z,EU1AEM-KO33ov,7825243,1710,FFD6D038EE3B25A68C37B5D091D5FE1C24E8
2023-07-07T21:57:25Z,YB8XM-PI46ch,7830578,1597,80
2023-07-07T20:49:20Z,M0GKK-IO91qf,7827955,2433,00BD960A2B66435E670EBEAD638D8F1EB0D1B0FA1A
2023-07-07T20:47:34Z,M0GKK-IO91qf,7827955,2433,B364775E90C1753BA291E2A24860725BBE06014C339AC7D996355BCBEFD69C69434666C442F0
2023-07-07T19:13:39Z,M0GKK-IO91qf,7827951,2433,B87B03B83C25DF
2023-07-07T17:30:37Z,M0GKK-IO91qf,7827947,2433,8C3C0073
2023-07-07T07:06:55Z,M0GKK-BB-IO91qf,7826225,2760,AE9064B0A09A609C6EA6968640E103F05000000000010042454157483258504D16C9E85493172589281E0B5B010000000000000000000000000000000000EEFFF3B9F2BCF3FFF302F08CF318F326F3DCF319F303F077F2B9F2FFF37CF1B6F002F048F37BF1BAF00FF318F3FFF346F36BF316F394FF1800240010D56FFCCFFFF5FE0000000000000305010601090200000000F0
2023-07-07T07:06:55Z,M0GKK-IO91qf,7823881,2433,AE9064B0A09A609C6EA6968640E103F05000000000010042454157483258504D16C9E85493172589281E0B5B010000000000000000000000000000000000EEFFF3B9F2BCF3FFF302F08CF318F326F3DCF319F303F077F2B9F2FFF37CF1B6F002F048F37BF1BAF00FF318F3FFF346F36BF316F394FF1800240010D56FFCCFFFF5FE0000000000000305010601090200000000F0
2023-07-07T07:05:54Z,M0GKK-IO91qf,7823881,2433,AE9064B0A09A609C6EA6968640E103F05000000000010042454157483258504D16C9E8549215697D101E0B5B010000000000000000000000000000000000EEFFF3A2F2CEF306F302F0CDF3FFF322F3A8F3FFF302F0F9F3E8F2FFF37BF1C0F0FFF353F37CF1C2F00FF314F3FFF34EF390F398F2E0FFF0FF2C00E0D4D7FB070051FF0000000000000305010601090200000000F0
2023-07-07T05:27:23Z,M0GKK-BB-IO91qf,7826222,2760,AE9064B0A09A609C6EA6968640E103F05000000000010042454157483258504D16C9E852B34560FD0B150B5B010000000000000000000000000000000000EE8EF2E5F2B9F3FFF303F0BCF30CF320F3D2F300F302F0FFF3D3F2FFF37BF1BDF0FFF34EF37AF1C0F00FF313F3FFF34BF3A8F3FFF3E0FFF0FF8000E0D40BFC16002AFF0000000000000305010601090200000000F0
2023-07-07T05:27:14Z,M0GKK-IO91qf,7823877,2433,B05F78C8818D1E711C089A6B5B147D0D4557E98AB1D36655800222DCCAF610BA33
2023-07-07T05:25:26Z,EU1AEM-KO33nv,7819058,2029,402B11DE6E0782232B330C46E7DAA5
2023-07-07T05:20:18Z,Lovets-KN12pq,7827434,3122,C0C548
2023-07-06T16:24:49Z,M0GKK-IO91qf,7823847,2433,6072
2023-07-06T11:41:32Z,9V1KG-OJ11xi,7824268,2650,60126EA076BD5B68AE6CDE432F4F70070355
2023-07-06T11:37:28Z,9V1KG-OJ11xi,7824268,2650,60AA7605BDE1B0C1B3075BA88A04E9AF4E15E640A9B2F77F01A5
2023-07-06T09:57:49Z,YB8XM-PI46ch,7824113,1597,303B43CA152CDAFC885B9B4DF6E04A9485CB19D82153483DB94998
2023-07-06T04:23:25Z,GAO UHF-JN87hg,7820593,2410,6A214F0DEE
2023-07-06T04:21:08Z,EU1AEM-KO33nv,7812678,2029,B85BB624054C3956BD6CFD3DA1C76E885AD9381DDC
2023-07-06T04:18:48Z,GAO UHF-JN87hg,7820593,2410,96A4062EDEBEA265
2023-07-06T04:17:29Z,Lovets-KN12pq,7820771,3122,983151C1
2023-07-06T02:44:23Z,M0GKK-IO91qf,7815865,2433,00
2023-07-06T02:41:37Z,M0GKK-IO91qf,7815865,2433,306C
2023-07-06T02:40:36Z,M0GKK-IO91qf,7815865,2433,AC513C9C3DFC0E4D50E2A7F334E2E67D382005521FE92A128E1BF6D6
2023-07-05T21:51:12Z,M0GKK-IO91qf,7815855,2433,626E032EC19C52CAEA306AEBF02264B1
2023-07-05T20:14:22Z,M0GKK-IO91qf,7815850,2433,B42382D4
2023-07-05T18:33:04Z,M0GKK-IO91qf,7815846,2433,401F9EC4A353DC18B3
2023-07-05T15:13:07Z,EU1AEM-KO33ov,7814154,1710,002EC2E21E8C00A68ABDCC89
2023-07-05T03:20:13Z,M0GKK-IO91qf,7811182,2433,1038678BB27D43C9F0456555D9E41814B0095012795E9B642A6B515F99
2023-07-05T03:11:55Z,Lovets-KN12pq,7814954,3122,600D14C0850FAA3B3A
2023-07-04T17:29:29Z,M0GKK-IO91qf,7811160,2433,38E2F4ACF1E83B7642786DACAC39BA0E5CDF85DC4DEC520580ABF757EED8681994044B0330C2EB6793FD4CF992B6D3252BD68EDB9DF8D2454529023ADA778CA5FEBCC0BAF35C6B
2023-07-04T05:26:42Z,PF_DE_UHF_CROSS_DIPOLE-JN48iv,7810732,812,D3AC
2023-07-04T02:12:07Z,EU1AEM-KO33ov,7802727,1710,9C38D92148E6B2008C41C113482D022E894CA9BA4BC6B3B64D96
2023-07-03T19:46:02Z,EU1AEM-KO33nv,7802890,2029,60979063C289DDBB40
2023-07-03T16:29:13Z,Lovets-KN12pq,7807065,3122,F8EDB8AEB1239117
2023-07-03T10:00:01Z,YB8XM-PI46ch,7805936,1597,5067
2023-07-02T22:01:29Z,M0GKK-IO91qf,7801347,2433,4096658A4E65
2023-07-02T20:21:43Z,M0GKK-IO91qf,7801344,2433,C057ECD4B6B171DA317B6FB100819221A3A1145DE616C56724AF1D7E98B502C9F951E61299904D64B07BABFB
2023-07-02T18:45:53Z,M0GKK-IO91qf,7801341,2433,10F35E3022D8965A17BC6E9643CD8F0E4E7EF49AA563497EB6
2023-07-02T18:41:49Z,M0GKK-IO91qf,7801341,2433,0033A9200AB122657376A91D4FAFF48C
2023-07-02T18:39:27Z,GAO UHF-JN87hg,7803159,2410,18010F
2023-07-02T17:02:09Z,EU1AEM-KO33ov,7793337,1710,0697080343CA49807C823824EDEC
2023-07-02T05:04:30Z,SA2KNG Omni UHF/VHF-KP03cu,7800975,1864,0019D8388E43FF31D96B6CA33EC99D1EB65B30478D169273172C8B6DB2
2023-07-02T05:04:28Z,SA2KNG Omni UHF/VHF-KP03cu,7800975,1864,30014C72D64B
2023-07-02T05:01:01Z,SA2KNG Omni UHF/VHF-KP03cu,7800975,1864,805B531B33A9195BF4C4CF2CD6C8B8E11B606721CE6B4C1649F9D9B733E51AADEDEA0F5C5A2A4A462F5C97C0B3A29D1E328C2CB9E5CCF635626159F44C2B371E74A55500135A73E5C45D35AC333BF11D92D6AEB30046DCD2A956
2023-07-02T04:57:36Z,GAO UHF-JN87hg,7800952,2410,8072B1605AA6B5E746FAF5ED38FDA86B5CE996EBE69599352DE2D660D39E5E85E48AA8DC06F4C89F6E872DEF869D2FBC85CBB2B2
2023-07-02T04:56:19Z,PF_DE_UHF_CROSS_DIPOLE-JN48iv,7800842,812,001484CA0B97
2023-07-02T03:24:12Z,M0GKK-IO91qf,7794962,2433,8064C2B91D8D4C7950D2CDEA781612ACA5A0
2023-07-01T19:13:59Z,EU1AEM-KO33nv,7793464,2029,80B0B2F1E693A93E32F304077059FE1245E9
2023-07-01T17:37:17Z,M0GKK-IO91qf,7794939,2433,78ACFB37878BDCE4D96F0A1242D78B1ACE2C08E9D308739A933A53135505BF334A40B66D6146A67265BC78656EBCD6257D
2023-07-01T17:36:47Z,M0GKK-IO91qf,7794939,2433,C055E6332C34C78FFA0A7BBBAF53B574E22DF162D997269A5AD47F55446FB22994B725356A8F21B195
2023-07-01T15:54:31Z,EU1AEM-KO33ov,7793281,1710,E0FC0D0D2692B799F670D913B2
2023-07-01T05:35:42Z,M0GKK-IO91qf,7790906,2433,501ECBCB4A8EC4CF
2023-07-01T05:32:10Z,PF_DE_UHF_CROSS_DIPOLE-JN48iv,7794513,812,C038FB668CAD06441298
2023-07-01T03:59:03Z,M0GKK-IO91qf,7790902,2433,E85F046DCA308678A25259114808FD38A681B20AFD72488E792DC331125C15C0E9
2023-07-01T03:53:50Z,SA2KNG Omni UHF/VHF-KP03cu,7794321,1864,C09559
2023-07-01T03:52:36Z,M0GKK-IO91qf,7790902,2433,B0683094CA3515FCD39C140D975DC33D2804C7
2023-07-01T03:47:50Z,Lovets-KN12pq,7794330,3122,009265FE9834
2023-06-30T18:10:16Z,SA2KNG Experimental-KP03cu,7792304,1888,500F651D941C81D20CB04948D415A6
2023-06-30T18:04:33Z,SA2KNG Experimental-KP03cu,7792304,1888,004C3D8D42
2023-06-30T06:12:29Z,M0GKK-IO91qf,7785186,2433,C8
2023-06-30T06:10:44Z,M0GKK-IO91qf,7785186,2433,9096782F
2023-06-30T04:32:32Z,SA2KNG Omni UHF/VHF-KP03cu,7790382,1864,30F2DACB35014A44
2023-06-30T04:29:16Z,EU1AEM-KO33nv,7782354,2029,C8
2023-06-29T18:50:20Z,Drachten-JO33bc,7787459,2015,2C
2023-06-29T17:06:39Z,EU1AEM-KO33ov,7782179,1710,60368B41C8BC5C12C201
2023-06-29T17:05:05Z,M0GKK-IO91qf,7785160,2433,00708FCBC0
2023-06-29T05:09:16Z,M0GKK-IO91qf,7780374,2433,A604
2023-06-29T05:07:44Z,M0GKK-IO91qf,7780374,2433,804A7EEB38BB7258D5226A845868E9C94C703940D5497097401D83D5A1AC9E47B9D09E6EB88F3803D8D0A00724CB1AE459FD708333D0DCB0746EEA1D44C57D
2023-06-29T05:02:43Z,EU1AEM-KO33nv,7782314,2029,009D76A5
2023-06-29T05:02:16Z,M0GKK-IO91qf,7780374,2433,E0CC34C0BE02AE8D105A7C5E6816209D7A69809DA1B33062E8F7DD3A916A712F52B6697320F6B07F2775767E6229A2010DEB310EBDC9B9D53D29E74AE4598222154D575069DB8E684A2DEC61
2023-06-29T01:44:28Z,EU1AEM-KO33ov,7782150,1710,F0EB57FED8EEA6A2A8D005CCEC66
2023-06-28T22:10:25Z,YB8XM-PI46ch,7783800,1597,A9B9199EBAD4EB
2023-06-28T22:06:19Z,YB8XM-PI46ch,7783800,1597,B0
2023-06-28T22:00:56Z,YB8XM-PI46ch,7783800,1597,4069EEA689F481166B0042FE50EB64ABBA575021E094BD5524BBC259A073D8214665
2023-06-28T19:21:59Z,EU1AEM-KO33nv,7782291,2029,54B552FA071191E1AACE918B62C9F0C865B562B60D91C8F85FFA4C9B67008B74A06BF5A471034FF72E3D0FBC86E7DA9BA11B65
2023-06-28T17:38:07Z,M0GKK-IO91qf,7780349,2433,E88DA7113A77F8A6
2023-06-28T05:38:23Z,PF_DE_UHF_CROSS_DIPOLE-JN48iv,7779984,812,60A0D2731B91E2A9D68D1C
2023-06-27T01:13:53Z,M7RED-KO96ce,,,F6AD0603D52166E02890540460F54BE66E33C33C72F14E6925C9A19E
2023-06-26T23:53:16Z,K2PI-FM18cq,7773689,2617,809B4B3559BA132133DF595B5F5A46B8
2023-06-26T00:28:29Z,K2PI-FM18cq,7767364,2617,38512CAB8887
2023-06-25T19:25:40Z,PF_DE_UHF_CROSS_DIPOLE-JN48iv,7766159,812,60F527509169303659695968F4F599F4C67F23A7AC902DA0AB8C07EBDB739666DE33
2023-06-25T19:23:08Z,Drachten-JO33bc,7765882,2015,70BB1A4FC23FEDD148
2023-06-25T17:48:39Z,M0GKK-IO91qf,7764075,2433,C0CC48177BCEB832E56BDC318082045CE314725FA5D7F080072D
2023-06-25T17:48:35Z,Drachten-JO33bc,7765766,2015,4AC69B6352B6
2023-06-25T05:44:15Z,Drachten-JO33bc,7763725,2015,5D58
2023-06-25T04:07:49Z,M0GKK-IO91qf,7759337,2433,F868C0493B6932D0B0AA926F58CCCA9419431D
2023-06-25T04:07:42Z,SA2KNG Experimental-KP03cu,7763448,1888,D8C833ED972846EB0094E806
2023-06-24T21:38:41Z,M0GKK-IO91qf,7759324,2433,90E0238C9B1A312A03183A2D592A7256AF6DF816D65DAC50
2023-06-24T18:23:51Z,Lovets-KN12pq,7762070,3122,2023D5AA970346DC649E40117A95C5125A4443A3CE26AF066F
2023-06-24T18:23:10Z,Drachten-JO33bc,7761932,2015,40D8
2023-06-24T18:20:08Z,Lovets-KN12pq,7762070,3122,F0B2D68BE767CF1D9795A636E5
2023-06-24T06:14:54Z,Drachten-JO33bc,7758987,2015,2851BB3DEE1607CDEDC6351B284155165D0D120C18813273C0F01EDBC18FF698251E3D4FCD6A1D8DD36ABD173EA24D402C7711BB5E300EA87846
2023-06-23T18:52:59Z,Drachten-JO33bc,7756968,2015,BC6370EB8070DC49D521BD90E4E6A01748898D5ACDD1E4B2A550
2023-06-23T17:18:12Z,Lovets-KN12pq,7756764,3122,C0F5D41F64A1123A2160
2023-06-23T05:16:46Z,M0GKK-IO91qf,7749845,2433,1AEB9C129B636FA5AF8E6D
2023-06-23T05:11:43Z,PF_DE_UHF_CROSS_DIPOLE-JN48iv,7754487,812,488B623929160245218DB6
2023-06-23T05:08:53Z,PF_DE_UHF_CROSS_DIPOLE-JN48iv,7754487,812,B4
2023-06-23T03:30:06Z,SA2KNG Omni UHF/VHF-KP03cu,7754195,1864,39CA28A3D7
2023-06-23T03:28:03Z,Lovets-KN12pq,7754170,3122,94EE5386CD758AA71E91E6
2023-06-22T20:27:01Z,VK4JBE-UHF-QG62mm,7753233,1936,C012BAE5BAD1235C83A31A91DB1B682D9F1224C2C1A80E20244935
2023-06-22T17:51:11Z,Drachten-JO33bc,7752474,2015,8E0BBB4B028D14E1024731
2023-06-22T17:48:54Z,GAO UHF-JN87hg,7752406,2410,B0A1D30DAD7B4ABD11800E8BE55A1613423A7A1E42922B5C0E8BE0293E530E64C9
2023-06-22T05:40:57Z,M0GKK-IO91qf,7745211,2433,805243CC3059B6A5BC6C15924330CABF6A6AA5812F0FDF
2023-06-22T04:01:33Z,M0GKK-IO91qf,7745207,2433,004B0265D22D7844
2023-06-22T02:30:39Z,SA2KNG Omni UHF/VHF-KP03cu,7748826,1864,00DDB858E3B6A3797B860DEEAFC23DA435F877C1AE54F6015A487272433B2D3AE67AC2821220906654E3840411367617CC6BB9ED1E229E65B1D11685580AB9B368
2023-06-22T02:29:26Z,M0GKK-IO91qf,7745204,2433,24FD0257B14D8730
2023-06-21T18:23:26Z,FHAB GS1-JO66kt,7747605,1272,000A43C60EB5B54B9002A89989C679E4B2BC7F7C9CAAC4FC3F143A79337A
2023-06-21T18:19:39Z,SA2KNG Omni UHF/VHF-KP03cu,7747485,1864,A09E17297A5E64684FB38172463B77997B4B4A732F8B6AC42BA48B
2023-06-21T16:46:26Z,M0GKK-IO91qf,7745183,2433,AC89A726614FCB5593E0C04DF41FEED1454B028156B10B4E40816325D743995C34050A59C1EE9D9D322E06A753AB4502D406E7CC2B21E5A6114BB13BCE4B2D4E09D658411DE7
2023-06-21T04:48:27Z,SA2KNG Omni UHF/VHF-KP03cu,7744556,1864,0009B53C5F311E3AC5EBAD09
2023-06-21T04:42:49Z,SA2KNG Omni UHF/VHF-KP03cu,7744556,1864,78440F00BEE45E
2023-06-21T04:34:42Z,GAO UHF-JN87hg,7744571,2410,B07DFA57D6
2023-06-20T18:58:00Z,PF_DE_UHF_CROSS_DIPOLE-JN48iv,7742365,812,80D25A6886E387F13E45E604BD70A7919B530A3A
2023-06-20T18:56:53Z,M0GKK-IO91qf,7739430,2433,C88A
2023-06-20T18:56:28Z,M0GKK-IO91qf,7739430,2433,58352BAF841A2C2C
2023-06-20T17:21:06Z,M0GKK-IO91qf,7739426,2433,480886
2023-06-20T03:39:40Z,M0GKK-IO91qf,7735154,2433,D0B6BB
2023-06-19T17:58:17Z,GAO UHF-JN87hg,7737148,2410,4021F58F280AEC531E8EB6B48D4CC837926875987B2CA83EC643C80552BDF9AF2D16702F87248F6E2864A8F34FB698
2023-06-19T17:47:57Z,DL7NDR-JN48ap,,,00EE25B0
2023-06-19T09:50:05Z,YB8XM-PI46ch,7735948,1597,00
2023-06-19T09:47:55Z,YB8XM-PI46ch,7735948,1597,600350876C
2023-06-19T07:36:08Z,M0GKK-IO91qf,7730481,2433,C09C27881184420C81D5DC0C3F12
2023-06-19T07:25:59Z,M0GKK-IO91qf,7730481,2433,C02A603A31BF33
2023-06-19T04:09:47Z,Lovets-KN12pq,7734503,3122,ADACF3C9D40A348D38036F4DA7BF922408720FBE16C0A1047638C47CB93B7FBDB64A3F174985092CA9E5AA3A75E241F17201726CBD8429692493
2023-06-18T18:27:07Z,PF_DE_UHF_CROSS_DIPOLE-JN48iv,7732470,812,203CFB6FE6B73CF178C1E2AB9EF77291470BCA333BB109A32B09B154AD
2023-06-18T18:25:44Z,M0GKK-IO91qf,7730459,2433,00
2023-06-18T18:25:44Z,PF_DE_UHF_CROSS_DIPOLE-JN48iv,7732470,812,805165
2023-06-18T18:24:06Z,SA2KNG Omni UHF/VHF-KP03cu,7732446,1864,80C816D4B56D94AEBC5371350D78
2023-06-18T16:52:22Z,M0GKK-IO91qf,7730455,2433,8813941AD77BFD3EB9CD461226E4C603437902FC6924C433D10A99733580A762D4F10A9BE8C66CAC2A3E8DCB9D3643AD524022AE640155FFE3F48D
2023-06-18T04:51:56Z,M0GKK-IO91qf,7725845,2433,1823B68CC1
2023-06-18T04:48:25Z,Drachten-JO33bc,7729925,2015,16E36DDBF56480C2C3E199B1A46DD5351021CA9F9CFE79F372
2023-06-18T04:44:32Z,Drachten-JO33bc,7729925,2015,78E9DEEEF384DC027AC68484
2023-06-18T04:38:58Z,Lovets-KN12pq,7729818,3122,4024E678D33CE321DB4AB8D92794
2023-06-17T17:25:04Z,GAO UHF-JN87hg,7727909,2410,B8D296141209D95D4D66
2023-06-17T06:56:12Z,M0GKK-IO91qf,7720848,2433,00F48F
2023-06-17T05:22:25Z,PF_DE_UHF_CROSS_DIPOLE-JN48iv,7725257,812,28F8229E2C7BE6
2023-06-17T05:19:41Z,PF_DE_UHF_Yagi-JN48iv,7725366,980,400F
2023-06-17T05:16:49Z,PF_DE_UHF_CROSS_DIPOLE-JN48iv,7725257,812,0054A4
2023-06-17T05:16:12Z,PF_DE_UHF_Yagi-JN48iv,7725366,980,58602A930084F70CE40083507B
2023-06-16T19:36:23Z,Drachten-JO33bc,7723490,2015,807413782182
2023-06-16T18:06:29Z,GAO UHF-JN87hg,7722830,2410,80B0621CFB10E45CCB93
2023-06-16T18:02:47Z,GAO UHF-JN87hg,7722830,2410,C84B496AD5C7C0
2023-06-16T17:53:52Z,GAO UHF-JN87hg,7722830,2410,53F8CD
2023-06-16T06:00:49Z,M0GKK-IO91qf,7716283,2433,00867DCC55D2B050108E5E5401B407C334A61DCE29D3B67AB0C6FC90
2023-06-16T05:52:51Z,M0GKK-IO91qf,7716283,2433,C0A608B160C9B1E186B6574A62D5
2023-06-16T05:47:34Z,M0GKK-IO91qf,7716283,2433,894D18416E9BCB4B
2023-06-16T04:15:27Z,M0GKK-IO91qf,7716279,2433,B85AF261480E43
2023-06-16T04:14:45Z,M0GKK-IO91qf,7716279,2433,5472D0703D30A6AC65D0560C13DE96997279356F129227AC06DADBDC9C
2023-06-16T04:14:06Z,Lovets-KN12pq,7720193,3122,801BD4B581
2023-06-16T04:13:19Z,GAO UHF-JN87hg,7720205,2410,B0BC
2023-06-16T04:06:34Z,GAO UHF-JN87hg,7720205,2410,9AD1A43094D731BE815C6433F59C43
2023-06-16T02:39:20Z,M0GKK-IO91qf,7716275,2433,A0D12D2B40D11B02EF9EA6A6
2023-06-15T21:54:21Z,M0GKK-IO91qf,7716267,2433,D4DCE370EE656302ABBCD14F
2023-06-15T18:34:59Z,PF_DE_UHF_Yagi-JN48iv,7718505,980,8057552F
2023-06-15T18:32:59Z,SA2KNG Experimental-KP03cu,7718374,1888,0239F5D4D21A70CD42418192026E05A9C7E28A96B0615400AFC7712260D25E51F42E
2023-06-15T18:30:23Z,PF_DE_UHF_CROSS_DIPOLE-JN48iv,7718445,812,E2E88037E8344F01A8C9DA74CF3D5DDCD07AD5C399604291CB45FDC541
2023-06-15T17:03:01Z,SV1LJJ-KM18wa,,,D01478AE23667A9F30FA
2023-06-15T16:54:59Z,SV1LJJ-KM18wa,,,80
2023-06-15T06:32:13Z,M0GKK-IO91qf,7711656,2433,180802
2023-06-15T06:30:06Z,M0GKK-IO91qf,7711656,2433,00
2023-06-14T19:09:57Z,M0GKK-IO91qf,7711634,2433,004933C144014DD572C28AD40C6FD91E593A23
2023-06-14T19:01:42Z,M0GKK-IO91qf,7711634,2433,E004A4420D4A814177310DA4
2023-06-14T17:28:10Z,M0GKK-IO91qf,7711630,2433,005C2873D1082B9604A4B63D3F1A6B52C19DEFE3DA62700D8D5A577B20C5A0B98DF58C0CDC0E8A8557EB08F188945D657B0A9ADABA
2023-06-14T05:26:23Z,PF_DE_UHF_CROSS_DIPOLE-JN48iv,7711211,812,F87B602320E27D53EA767F7FA2302FE52C7EE6060B7FE738220E55E7
2023-06-14T05:25:43Z,PF_DE_UHF_Yagi-JN48iv,7711180,980,58977E5AE23D29CB19BCBCA24BA9329AD55BC5FD52D05881D8447556C97C470289CD865A
2023-06-14T03:50:00Z,SA2KNG Experimental-KP03cu,7710974,1888,E05D5938271934FAEC6908866651E7C47104A84AA6A8DAD298419E99B611D8561830F711C5
2023-06-14T00:48:33Z,station-01-EK37mx,7709107,1650,AD610BA6EA9DD608CAE02298BEBBD6B8C7835526D43BC9AAEE11C70FAA34F7
2023-06-13T18:03:04Z,SA2KNG Omni UHF/VHF-KP03cu,7708913,1864,00D756F70FAA
2023-06-13T18:02:06Z,Lovets-KN12pq,7708955,3122,B079D68453CF7D
2023-06-13T18:01:51Z,PF_DE_UHF_CROSS_DIPOLE-JN48iv,7708940,812,805167DFA9C19954E82147AB61C35B756531A521DCC6
2023-06-13T17:57:04Z,SA2KNG Omni UHF/VHF-KP03cu,7708913,1864,168D0C4652B6C1E245E2
2023-06-13T04:25:24Z,SA2KNG Omni UHF/VHF-KP03cu,7705788,1864,26B0BE
2023-06-13T04:22:46Z,M0GKK-BB-IO91qf,7704193,2760,8925FD0C2908E67C36872A8604187140671B34
2023-06-13T04:21:38Z,SA2KNG Omni UHF/VHF-KP03cu,7705788,1864,600FEE2F22C8F4
2023-06-12T16:55:39Z,M0GKK-IO91qf,7701920,2433,80D2E7746475E69410BC5525157ED748164ACAA46224CC1E7978A2967E75AA77E9B1062D97E9192B462E94C3
2023-06-12T08:17:12Z,M0GKK-IO91qf,7697211,2433,7CA3C3
2023-06-12T08:13:18Z,M0GKK-IO91qf,7697211,2433,00F0FC95826C06DB04798C322D0B8AD98080E93FD400
2023-06-12T04:59:05Z,GAO UHF-JN87hg,7701099,2410,808A8390
2023-06-12T04:57:52Z,FHAB GS1-JO66kt,7701369,1272,80100452C9D2384D2957FD8391B86EDEE4EE6F0280BC
2023-06-12T04:55:33Z,PF_DE_UHF_Yagi-JN48iv,7701215,980,00B921C656BD3BE99A3B84FAA43F2BB393
2023-06-12T04:51:01Z,GAO UHF-JN87hg,7701099,2410,D4F46B877E58C7BA6863AD07E0AA828EC7319FBB543CD96476AFE211E3821E64E8
2023-06-12T04:49:23Z,M0GKK-IO91qf,7697204,2433,40819ABF301B4C075D8D9138
2023-06-11T03:51:27Z,SA2KNG Experimental-KP03cu,7696392,1888,0043CE69DB81
2023-06-11T03:49:47Z,M0GKK-BB-IO91qf,7694931,2760,3298466DE3DD890D753AB245A1DC1216779096A74EE394D7ABA84C761894F4C9F34BC10E49
2023-06-10T18:06:18Z,SA2KNG Experimental-KP03cu,7694697,1888,0098689DBA8DA9463BEFBA1E0605F397D2080AE9821DFC75782371AFAA42B55D82E7473900A6C38F9AC3702B22D160CD4CFA26274435
2023-06-10T18:04:20Z,GAO UHF-JN87hg,7694642,2410,97391146217327231044574CE6B92381B21ACD32771A216CBEA887
2023-06-10T18:03:14Z,SA2KNG Experimental-KP03cu,7694697,1888,80C6A2DFAD15A7C50D5772E4D130578989A819
2023-06-10T05:58:38Z,M0GKK-IO91qf,7688095,2433,80A601ED49282721
2023-06-10T04:27:06Z,M0GKK-IO91qf,7688092,2433,BA24621BDAD3524334D2A12F03ED28E12E705A4DE5D4
2023-06-10T04:26:13Z,SA2KNG Omni UHF/VHF-KP03cu,7691970,1864,780F
2023-06-10T04:26:09Z,SA2KNG Omni UHF/VHF-KP03cu,7691970,1864,AC9965A4F44F7AEDB8D5953649411F1B472DEFC3936C8E44E7765DA4
2023-06-10T04:22:43Z,M0GKK-IO91qf,7688092,2433,004CD60EC8F78B67F2E3
2023-06-10T02:43:31Z,M0GKK-IO91qf,7688089,2433,808D99A80C2FC2937351804E814CAAE365
2023-06-09T23:48:31Z,K2PI-FM18cq,7691343,2617,080E057537CEF503A085
2023-06-09T21:31:24Z,YB8XM-PI46ch,7690745,1597,2E8B96C583AB9DC02DDBB55138D5F94FBB7B75B1A2
2023-06-09T18:45:46Z,Drachten-JO33bc,7690329,2015,8EA939068FEB6E
2023-06-08T22:33:19Z,M0GKK-IO91qf,7683619,2433,E083040C55094CA2
2023-06-08T22:30:40Z,M0GKK-IO91qf,7683619,2433,B0BDA8432F
2023-06-08T19:16:30Z,PF_DE_UHF_CROSS_DIPOLE-JN48iv,7685715,812,A0061D
2023-06-08T05:37:34Z,M0GKK-IO91qf,7678972,2433,30EEBEC062C00C2EE3F66D3B45362753A9018DF169216EB3264E57CDCC6C81547AB1253EC05D205BEDC33AD810139E8021EBDE332AD2326BA0A3497B
2023-06-08T03:58:30Z,SA2KNG Omni UHF/VHF-KP03cu,7682820,1864,D0AC0A52F43B915A5EDB72D523BA
2023-06-08T03:53:53Z,SA2KNG Omni UHF/VHF-KP03cu,7682820,1864,8A4A72E30CC3D429B9312D31718169BD15A0769A205A08E614976D1FE42482296240D4AAA18407
2023-06-08T00:54:29Z,ArgusNavis-EL88sb,7682428,1155,80
2023-06-07T18:13:38Z,Lovets-KN12pq,7680708,3122,C09DAE11AC30B867542BEEBCCC2BEFBF74CD
2023-06-07T18:13:17Z,Lovets-KN12pq,7680708,3122,D0
2023-06-07T18:09:08Z,GAO UHF-JN87hg,7680728,2410,04B9
2023-06-07T18:06:57Z,SA2KNG Experimental-KP03cu,7680689,1888,2E32C73581E7F820
2023-06-07T16:30:33Z,SV1LJJ-KM18wa,,,A8806191B9AC6A011AA376
2023-06-06T18:44:44Z,PF_DE_Yagi_UHF-JN48iv,7676598,980,644C87A86717
2023-06-06T17:03:13Z,M7RED-KO96ce,,,7D5BEECB1198F95736A5163224B6284052544919F37E298DC125BC3DDEE370425F8845
2023-06-06T06:42:23Z,PF_DE_PL_ UHF_CROSS_DIPOLE-JN48iv,7674341,812,90033513
2023-06-06T03:20:41Z,M0GKK-IO91qf,7669394,2433,203FA40D8A93EA
2023-06-05T19:21:44Z,PF_DE_PL_ UHF_CROSS_DIPOLE-JN48iv,7672154,812,006D
2023-06-05T19:16:40Z,Drachten-JO33bc,7672031,2015,94001ABAA7D9002B0DB8
2023-06-05T17:47:05Z,DL7NDR-JN48ap,,,500ED31374
2023-06-05T17:34:59Z,M7RED-KO96ce,,,714D5872548FE3660893CEC78C90CAD6AC1EFA9A
2023-06-05T03:57:41Z,SA2KNG Experimental-KP03cu,7668569,1888,0008B3D810390C39B764655D4C5B2C8EC310B1
2023-06-04T18:24:01Z,GAO UHF-JN87hg,7666986,2410,CC307544
2023-06-04T18:20:05Z,GAO UHF-JN87hg,7666986,2410,401AE70C8883555221AD3B6B590E84947F967524B0173894892C29344BF2A61291
2023-06-04T06:18:08Z,M0GKK-IO91qf,7661090,2433,4894
2023-06-03T21:33:25Z,YB8XM-PI46ch,7663617,1597,00953BD76AE56E77709260DD647C1B4768296C1139918982DD30A1B0A0A678E03F
2023-06-03T17:09:18Z,M7RED-KO96ce,,,959B84193C1D07E6C2070DB9ABC45BBB3664984A4267C1BD18ADD772
2023-06-03T13:22:24Z,MAUSyagi-DN70ja,7660831,2134,40DA3D19322A11
2023-06-02T22:12:44Z,YB8XM-PI46ch,7659533,1597,801EA807D26ED2B0976E92
2023-06-02T21:02:11Z,M0GKK-IO91qf,7656541,2433,A1FC2627F3043459EAA894
2023-06-02T05:48:54Z,M0GKK-IO91qf,7651838,2433,121449
2023-06-02T05:44:20Z,Drachten-JO33bc,7656144,2015,11663954F8C4532D725AAA81E64E65E12E7102F2D791
2023-06-02T04:08:59Z,SA2KNG Omni UHF/VHF-KP03cu,7655836,1864,32B06DA334AD85D554
2023-06-02T04:01:50Z,Lovets-KN12pq,7655765,3122,94BE62EFDABB027CE95A88101855AD
2023-06-02T03:56:14Z,Lovets-KN12pq,7655765,3122,E0
2023-06-01T18:16:44Z,FHAB GS1-JO66kt,7654174,1272,4CB709941E73214ABA3435B3
2023-06-01T12:55:17Z,MAUSyagi-DN70ja,7651662,1675,00C96D9815580377FC315C63219683EF2F2B734B4D
2023-06-01T01:40:32Z,MAUSyagi-DN70ja,7650727,1675,986CAAFE5FC75BA9106AB12B152C2A064C2339B675D3437BC81C915279
2023-05-31T18:55:58Z,Drachten-JO33bc,7649235,2015,7628
2023-05-31T05:14:51Z,GAO UHF-JN87hg,7646460,2410,E03A37E6A4A660C4552911117A1774EE2DD2C608A6C28BA611E474CA
2023-05-31T05:04:12Z,GAO UHF-JN87hg,7646460,2410,BC49B47E35C96D39
2023-05-30T16:03:35Z,SA2KNG Omni UHF/VHF-KP03cu,7643823,1864,38EAB4
2023-05-30T09:43:05Z,YB8XM-PI46ch,7642688,1597,80F786323D8C2B
2023-05-30T05:42:54Z,IZ1VWE-JN44lj,,,ADB2F389E2419B63B0E0D7B34B17AC10ABDD2E5164148F2095BC9DCB43826E
2023-05-30T01:06:05Z,MAUSyagi-DN70ja,7640343,1675,98A6CE86790C1548CFA89A6D86DD3A8F7FEA481BDDCB765CA4BD
2023-05-29T18:22:47Z,SA2KNG Omni UHF/VHF-KP03cu,7639989,1864,022E00C620FBCCB92A03E0B20B9CE8D50DC3769EE2AB66106F4641B1
2023-05-29T13:03:13Z,MAUSyagi-DN70ja,7636616,2134,52EC88B858A4E71DEEEA0D
2023-05-29T12:54:38Z,MAUSyagi-DN70ja,7636566,1675,00F0B9E748
2023-05-29T04:33:33Z,GAO UHF-JN87hg,7636892,2410,0070068E04EE2957AF898C63DCE9AA6A1A79DB33A52C5BBFF362F12260584CB4E64CADB140BC9E560F63377211C98899BF81E139A01A0E52B947830E10
2023-05-28T21:43:42Z,YB8XM-PI46ch,7635811,1597,80D881288743C668BD7AAE51934871AC9C
2023-05-28T19:01:56Z,M0GKK-IO91qf,7633329,2433,C0
2023-05-28T19:00:55Z,M0GKK-IO91qf,7633329,2433,F061CC146B0C6E1C7983C58C4CFBF63C4478067973AB0E
2023-05-28T18:58:11Z,PF_DE_Yagi_UHF-JN48iv,7635200,980,28360D00DE0375
2023-05-28T18:54:12Z,M0GKK-IO91qf,7633329,2433,404A4C
2023-05-28T17:22:25Z,M0GKK-IO91qf,7633325,2433,40B524A25C4E277F774110A5801C4BED82B0C5BD02
2023-05-28T17:16:09Z,M0GKK-IO91qf,7633325,2433,80B7F451C79578540CA639C2ED5BD842251E335537A62C95784C335A5541478093852FC40A76F86EC82BD94D5971C2AA
2023-05-28T09:13:26Z,YB8XM-PI46ch,7633494,1597,8CA35294AA94086D90937365A13DEA852836
2023-05-28T06:51:43Z,M0GKK-IO91qf,7628550,2433,407AC42B4B515EEEA968C9BD64C0EEBD91D4748B856708C41F0F61E31B
2023-05-28T05:15:43Z,PF_DE_Yagi_UHF-JN48iv,7632971,980,80B6C2D0702BE62DA055061668CCD40E0283E5B43EDB646350084B5AF3E02A3A125295B7B8927B3ABCCAA1D63873
2023-05-27T22:20:21Z,YB8XM-PI46ch,7631631,1597,00D1ABEAB06BB7BBC5A8
2023-05-27T07:32:26Z,M0GKK-IO91qf,7624088,2433,08171E33451FF09C1B2729A40CE37DDF6430DB0B37AFAAF4D6AA29B2B3BA73
2023-05-27T05:51:45Z,M0GKK-IO91qf,7624085,2433,C0
2023-05-26T18:28:00Z,SA2KNG Experimental-KP03cu,7626073,1888,90B19507
2023-05-26T18:27:00Z,PF_DE_Yagi_UHF-JN48iv,7626149,980,00D13D061003
2023-05-26T18:25:43Z,SA2KNG Omni UHF/VHF-KP03cu,7626063,1864,2C8E4621E4B553AB7C351BAA431E0B4D01113112CCE891DABB26A6DC3DD34242A7FD151A512864656741CE983539541D17A1755CCBDDBA08D4C30C22C31B00
2023-05-26T18:22:50Z,SA2KNG Experimental-KP03cu,7626073,1888,00BDABADBE
2023-05-26T16:49:14Z,M0GKK-IO91qf,7624058,2433,1004D652BDC70D35B8D34725F1
2023-05-26T04:45:14Z,GAO UHF-JN87hg,7623357,2410,00D15277
2023-05-26T03:05:20Z,M0GKK-IO91qf,7619299,2433,602270239579AE6CB1CB8D81682465298C3678B14FC67687612D
2023-05-25T19:02:57Z,PF_DE_Yagi_UHF-JN48iv,7621686,980,30AA456174
2023-05-25T17:27:31Z,M0GKK-IO91qf,7619280,2433,A0DD1EF005A9A35D4DED092A9D58D43DE17448079E
2023-05-25T17:10:52Z,SV1LJJ-KM18wa,,,001E
2023-05-25T05:19:28Z,Drachten-JO33bc,7618735,2015,0096EF83B00D29159E6542E41A3111
2023-05-25T03:47:24Z,M0GKK-IO91qf,7614453,2433,50E23E7F7F611A7872309C0FAABC3B3BA28303A0076E63
2023-05-25T03:42:45Z,M0GKK-IO91qf,7614453,2433,800732DC60F02CFF9516C7BC89
2023-05-25T00:41:52Z,K2PI-FM18cq,7617905,2617,309AC4A697C053110F15794F6E26275EABE9CAABBD
2023-05-24T07:39:29Z,M0GKK-IO91qf,7609953,2433,A014D59E53D1C46B8DF9376044FF1118F14C531C797EF208
2023-05-24T07:31:27Z,M0GKK-IO91qf,7609953,2433,90CDDFC55D8B8D08AF7E9DB6B7202C43
2023-05-24T05:48:31Z,M0GKK-BB-IO91qf,7612044,2760,69297783A3969ABADEB08D877812
2023-05-24T04:16:01Z,GAO UHF-JN87hg,7613562,2410,6058F2746327805E31831755ECD56DD5964B323372A7A6
2023-05-24T04:13:07Z,GAO UHF-JN87hg,7613562,2410,80814D64E70AA33D0A5103D9939C266D6275AAE4
2023-05-23T18:36:40Z,Drachten-JO33bc,7611860,2015,1824
2023-05-23T18:36:32Z,Drachten-JO33bc,7611860,2015,B06695A167D24738AC274B4F51EE5EE13A53FC
2023-05-23T18:33:46Z,Dunchurch-IO92ii,7611888,766,283FD706EDC79A08AF043E8F8F0016635E385B0DB7E1ADB284EE421549F4D9D3
2023-05-23T18:33:27Z,M0EYT / 2E0NOG-IO80xs,7609656,91,0F3D4C74BED28178A70E16D033DBE7E87997F0966D9D93F7D2FD1C49AD904E10E642BA73B26789972871EFB96661DD1630BF690F970242
2023-05-23T04:54:19Z,M0GKK-IO91qf,7605236,2433,58E069D699038D51BF177A27A084DEE4568CD216
2023-05-23T04:53:27Z,GAO UHF-JN87hg,7608933,2410,0F4DD7
2023-05-23T04:51:04Z,GAO UHF-JN87hg,7608933,2410,A73DEE265C9556E43179634E2BBBA04E8E5DE2F2DC442BE1B5
2023-05-23T04:43:16Z,PF_DE_PL_ UHF_CROSS_DIPOLE-JN48iv,7608745,812,40244F82E85CF41AFAB08B2350706AF29CFA478BED94863C2F02AED4
2023-05-22T20:43:41Z,M0GKK-IO91qf,7605219,2433,80347460AD4D63E5FA
2023-05-22T05:31:00Z,M0GKK-IO91qf,7600710,2433,C096DDA907
2023-05-22T05:25:01Z,M0GKK-IO91qf,7600710,2433,40112F8059BACC8A36A77425F91B2DEA324D635777
2023-05-22T05:20:13Z,M0GKK-IO91qf,7600710,2433,03A33B4738CA86EA02A2CA4BD7BCD5
2023-05-22T05:18:58Z,PF_DE_PL_ UHF_CROSS_DIPOLE-JN48iv,7604666,812,800A6A
2023-05-22T03:46:27Z,M0GKK-IO91qf,7600707,2433,805A6E71B5AFFEBAC94EFFD115B76C
2023-05-21T18:04:11Z,Drachten-JO33bc,7602676,2015,0068937F11886F5EAD50180889DD25AA2C96562ADE233B26B7
2023-05-21T18:01:37Z,Drachten-JO33bc,7602676,2015,407C6440B039BCD276614A911C1EA06E4F8FEA4890ECAECB3CE36F1CB81DF644B60317563BCC0E267C1E9AC84DE4F50FAE
2023-05-21T04:26:11Z,M0GKK-IO91qf,7593676,2433,C0865A2993C8600336A4C6148C4E92891D326F
2023-05-21T04:23:26Z,M0GKK-IO91qf,7593676,2433,C02CCF0EC2C72B885BCA5DE2
2023-05-21T04:17:22Z,SA2KNG Omni UHF/VHF-KP03cu,7600064,1864,80CDEE1A9481B994
2023-05-20T18:43:41Z,PF_DE_PL_ UHF_CROSS_DIPOLE-JN48iv,7598293,812,90
2023-05-20T15:13:29Z,M7RED-KO96ce,,,D01506A7B729547B5501A1094A6E70ED25F435
2023-05-20T11:30:45Z,N5ZKK-UHF-HELICAL-EM00kb,7593354,2416,00A1D674670A8C2F
2023-05-20T04:46:46Z,PF_DE_PL_ UHF_CROSS_DIPOLE-JN48iv,7593033,812,A02D2D3179E74124648C0D8E3C1A6107D35B
2023-05-20T03:18:22Z,SA2KNG Omni UHF/VHF-KP03cu,7592822,1864,F847DA1F0D0422384F281E52BD1EC2
2023-05-19T17:57:11Z,SV1LJJ-KM18wa,,,4099A9980A4E16B3F13B0F25109854663E1DDB52D50FA4D9AAF2A3726236A4
2023-05-19T17:49:55Z,SV1LJJ-KM18wa,,,FC98564F38D6766B4F74711862965C810E1BBBBF6991975276613187A1D9CB9B97B3EA0C
2023-05-19T03:48:10Z,M0GKK-IO91qf,7584608,2433,002FF6F5E2
2023-05-18T16:26:08Z,M0GKK-IO91qf,7584585,2433,759903744ACD99660FD41CF88130CD6812BC
2023-05-18T04:27:37Z,SA2KNG Omni UHF/VHF-KP03cu,7583999,1864,30155EEA228D8833EC4E97
2023-05-18T04:15:08Z,GAO UHF-JN87hg,7584035,2410,4007D114844C0D
2023-05-17T18:41:19Z,PF_DE_PL_ UHF_CROSS_DIPOLE-JN48iv,7582151,812,B8FDAAE7574BB326BD
2023-05-17T13:15:29Z,MAUSyagi-DN70ja,7579759,2134,A0
2023-05-17T08:19:51Z,M0GKK-IO91qf,7575305,2433,786C
2023-05-17T04:59:53Z,M0GKK-IO91qf,7575298,2433,D19A144E
2023-05-16T22:03:54Z,YB8XM-PI46ch,7578281,1597,00C36ABD61CC373E04921595D5026B5C0A61
2023-05-16T21:59:45Z,YB8XM-PI46ch,7578281,1597,803C97068D086AD88C8B3C8B7C0BF1C2C3BA76
2023-05-16T17:37:07Z,GAO UHF-JN87hg,7577099,2410,607AC40086E4BA516135E72128
2023-05-16T05:30:38Z,PF_DE_PL_ UHF_CROSS_DIPOLE-JN48iv,7574847,812,30592A1A873C06D91DF5A34C2E324F5CFF8A5EC17067
2023-05-15T18:12:04Z,Drachten-JO33bc,7572678,2015,8086C4
2023-05-15T02:49:39Z,M0GKK-IO91qf,7565654,2433,60D36176AF15DF6216ACC196706EB754A9880B1A6702B775785B5914C0DEC9306FAAB6234B03605A89
2023-05-14T20:29:53Z,M0GKK-IO91qf,7565639,2433,7C059A2F2CBE5735B756A4265CA61E64BE4C60FC48E831A866F73280A39EA4E8630E
2023-05-14T18:48:05Z,Drachten-JO33bc,7567829,2015,AE0867BB1F89204DBC232556A1E94911A257A4DF6B587F7E1A35C18EDA211772D26A852ADD5272A40DB9BA2A333602DEAF5D360FA2B9A4
2023-05-14T18:47:41Z,Drachten-JO33bc,7567829,2015,9A41
2023-05-14T08:23:25Z,M0GKK-IO91qf,7560832,2433,200CD1B72BE9960F08E2B592626A143381E14902
2023-05-14T08:23:13Z,M0GKK-IO91qf,7560832,2433,803C7475E84118D4A7
2023-05-14T03:25:55Z,M0GKK-IO91qf,7560821,2433,806F4D8E4506C934CF18C8A628EA29
2023-05-14T02:05:20Z,MAUSyagi-DN70ja,7564055,2134,40B7F25990BBCD595A4D774A14C736C967B4
2023-05-13T05:42:00Z,Drachten-JO33bc,7560304,2015,184E845DB1B6374DA24640C978EEC37480E1C783E3CDA9E4C7E128
2023-05-13T05:37:37Z,Drachten-JO33bc,7560304,2015,8077AA02206DDE20E5
2023-05-13T04:04:38Z,SA2KNG Omni UHF/VHF-KP03cu,7560018,1864,00800DC11A12
2023-05-13T03:57:27Z,SA2KNG Omni UHF/VHF-KP03cu,7560018,1864,54BD7A97A26E92DA04062ECA
2023-05-12T04:26:44Z,Mogielnica - UHF-KN09wx,7554987,2608,40BBD82B3AC4332F2AE2C498D4A2
2023-05-11T18:51:02Z,PF_DE_PL_ UHF_CROSS_DIPOLE-JN48iv,7553333,812,DCE8ACE14A3A95ABCE9221236FC5BCAFB359B0A8D0C2BB73C7C062770280C2CD
2023-05-11T13:26:36Z,MAUSyagi-DN70ja,7549768,2134,80233709801AC6A1433F601E5BDC830BA29C5B875437DA5D3E336375B79D411C88273F261A89CA4CBAEDF7B5D974B1940ADEA6068FE0E845FB948C996B178B91
2023-05-10T22:05:35Z,YB8XM-PI46ch,7548057,1597,E0402D8559E880B7D2966A71B6A8F3EAD0
2023-05-10T17:48:38Z,Drachten-JO33bc,7546858,2015,7A2298C02B4CB9BA1A82E6FE68
2023-05-10T17:46:11Z,GAO UHF-JN87hg,7546656,2410,A6DD6802FD0555B88B50272428
2023-05-10T17:42:03Z,SA2KNG Omni UHF/VHF-KP03cu,7546564,1864,90BD9034585CC9029854C5E4BC8CAEDC
2023-05-10T17:41:44Z,GAO UHF-JN87hg,7546656,2410,8096B4276B86C006D9A2ED5FC02DE84760C79230E0EA493B95CC904C70E6D46FF92FCE7839B3400B
2023-05-10T17:37:48Z,SA2KNG Omni UHF/VHF-KP03cu,7546564,1864,000DD4D4DBC7EF8055F4CF35F41C80302172656124425B7C2859DB88
2023-05-10T16:04:49Z,Mogielnica - UHF-KN09wx,7546143,2608,6CFBC2A9C281DC780401BAA063D93AECC6489E1786B5D3A0EA0C1F4B203CF720
2023-05-10T04:04:57Z,SA2KNG Omni UHF/VHF-KP03cu,7544146,1864,00FD715D
2023-05-10T04:00:01Z,SA2KNG Omni UHF/VHF-KP03cu,7544146,1864,D2
2023-05-09T18:19:42Z,SA2KNG Omni UHF/VHF-KP03cu,7541593,1864,B82B
2023-05-09T18:17:10Z,GAO UHF-JN87hg,7541609,2410,20B4B0A20CFEBDA88C5D773FED00C255
2023-05-09T18:15:43Z,Drachten-JO33bc,7541564,2015,8018E2168C
2023-05-08T22:09:48Z,M0GKK-IO91qf,7533753,2433,C0E18941
2023-05-08T20:31:19Z,M0GKK-IO91qf,7533748,2433,989306D18663E4CB352FDBD15A8DA7C272FC83F54D45760D
2023-05-08T17:12:19Z,M0GKK-IO91qf,7533740,2433,087906BEE8EB69ADD398BCCAC369B3
2023-05-08T05:14:40Z,PF_DE_PL_ UHF_CROSS_DIPOLE-JN48iv,7533359,812,607CB4
2023-05-08T05:08:58Z,PF_DE_PL_ UHF_CROSS_DIPOLE-JN48iv,7533359,812,8044D496F1291C3DB8E734B283B85126C14F8CA2D418747031C311CB8B9D890254EC0463D564CC31A9DFC8E1DB946DB99DE0CB02FE
2023-05-07T17:51:13Z,Mogielnica - UHF-KN09wx,7530311,2608,40B5E0E3A4
2023-05-07T09:38:03Z,YB8XM-PI46ch,7528714,1597,00C8C17353D2B2146B583E2F1A108E77930A
2023-05-07T05:46:57Z,M0GKK-IO91qf,7522994,2433,6509241078945B6195F1
2023-05-07T04:07:47Z,SA2KNG Omni UHF/VHF-KP03cu,7527480,1864,2C5F5080A36AC5AB615AA1475C0FB5E329EB97AB0CD67669DC08547162D4A832567DC2
2023-05-07T04:06:14Z,SA2KNG Omni UHF/VHF-KP03cu,7527480,1864,EF21
2023-05-07T04:06:01Z,SA2KNG Experimental-KP03cu,7527441,1888,80F8AD1755E9D471511CA1BB9065A8
2023-05-07T02:29:01Z,M0GKK-IO91qf,7522984,2433,50D06518411172DB8355B57A0DD071EFE5
2023-05-07T02:26:39Z,M0GKK-IO91qf,7522984,2433,A3102CA0875DA4B97BB6A24933
2023-05-06T18:23:10Z,SA2KNG Experimental-KP03cu,7525240,1888,83
2023-05-06T16:43:59Z,RA3PPY-KO85sk,7525156,3117,00E8084A4F1346
2023-05-06T06:23:21Z,Drachten-JO33bc,7522621,2015,CC8E85C5D16DC0
2023-05-06T06:22:46Z,M0GKK-IO91qf,7517881,2433,8032AB2CB39841224082389224CEEC12F0ECE694D9D1B9E9
2023-05-06T06:21:08Z,M0GKK-IO91qf,7517881,2433,8076794830EDE900
2023-05-06T06:20:40Z,Drachten-JO33bc,7522621,2015,C00B81595144
2023-05-06T04:42:49Z,PE0SAT-11-JO21mr,7522249,431,006A97E963EF414D361ECC90DD03336C887E8520569096599125
2023-05-06T04:42:48Z,PE0SAT-JO21mr,,,006A97E963EF414D361ECC90DD03336C887E8520569096599125
2023-05-05T20:35:46Z,M0GKK-IO91qf,7517858,2433,C0B90188B801
2023-05-05T20:35:35Z,M0GKK-IO91qf,7517858,2433,5EEDAD7849
2023-05-05T18:56:46Z,M0GKK-IO91qf,7517853,2433,4C2B82D80239937157900C17024B01534BE16993DA21B59C94A42912
2023-05-05T17:24:27Z,M0GKK-IO91qf,7517850,2433,8622EB5B06B176B0D902
2023-05-05T17:23:48Z,M0GKK-IO91qf,7517850,2433,001B2A
2023-05-05T05:21:27Z,M0GKK-IO91qf,7512477,2433,00A6DE8E05
2023-05-05T05:19:56Z,M0GKK-IO91qf,7512477,2433,2635B31653876EE2655879524C6AD8AB5CC6318F
2023-05-05T05:12:38Z,PE0SAT-11-JO21mr,7517348,431,2088E9BD9D5183
2023-05-05T05:12:38Z,PE0SAT-JO21mr,,,2088E9BD9D5183
2023-05-05T05:08:39Z,M0GKK-IO91qf,7512477,2433,77BA6638CC70E7B01164F3CA5BEE9911110F2A0B738CE94FCF90F646AFBA
2023-05-05T03:40:27Z,SA2KNG Omni UHF/VHF-KP03cu,7517000,1864,C09AEAFDD0029B68B7A9F45F29EC4180
2023-05-05T02:23:14Z,MAUSyagi-DN70ja,7516680,2510,9A67B72D8F7A1C01DC13DBA85E348D85B9BDE444C2CB049A3B39F8DDC6CA2ACC5200C883E518
2023-05-04T21:13:07Z,M0GKK-IO91qf,7512466,2433,4829A84D5936FD1A6C05C6EEB43D10448321
2023-05-04T19:31:17Z,PE0SAT-21-JO21mr,7515065,2173,00196883F7033CB1541D995A6E5DE0E9FED19E350431DC51
2023-05-04T19:31:17Z,PE0SAT-JO21mr,,,00196883F7033CB1541D995A6E5DE0E9FED19E350431DC51
2023-05-04T17:59:32Z,M0GKK-IO91qf,7512458,2433,4079
2023-05-04T17:50:21Z,M0GKK-IO91qf,7512458,2433,40
2023-05-04T09:51:21Z,YB8XM-PI46ch,7513039,1597,C0829D954C5A3BD8336022FF4959833C2708638DB6B6A1BD65
2023-05-04T05:52:17Z,PE0SAT-21-JO21mr,7511764,2173,27D674D1490962AC36C0E1C634F8649B7615364AD95CB7AC64704D9F38A54E73CBC3585424026FB8D0063DB79C3B7C
2023-05-04T05:52:17Z,PE0SAT-JO21mr,,,27D674D1490962AC36C0E1C634F8649B7615364AD95CB7AC64704D9F38A54E73CBC3585424026FB8D0063DB79C3B7C
2023-05-03T20:05:32Z,PE0SAT-21-JO21mr,7509985,2173,38272585CCA561A2361A982D558220078E25443108CDD5437C50C8
2023-05-03T20:05:32Z,PE0SAT-JO21mr,,,38272585CCA561A2361A982D558220078E25443108CDD5437C50C8
2023-05-03T18:28:43Z,Drachten-JO33bc,7509658,2015,B3540BDA0D5EA02643BBD4
2023-05-03T18:23:38Z,SA2KNG Omni UHF/VHF-KP03cu,7509538,1864,E0D6B8B69951623A410C0960029063BC04DCA5B65B41EBABD1364D2CF3128D8A
2023-05-03T18:20:29Z,SA2KNG Omni UHF/VHF-KP03cu,7509538,1864,401ED860ECE984D94F1D1279C492D27F199583C5
2023-05-03T10:17:07Z,YB8XM-PI46ch,7508008,1597,E0DA
2023-05-02T19:06:13Z,PE0SAT-21-JO21mr,7504318,2173,1038C6201C32AE714B0C08A3E7D2C9C6CB3AB8
2023-05-02T19:06:13Z,PE0SAT-JO21mr,,,1038C6201C32AE714B0C08A3E7D2C9C6CB3AB8
2023-05-02T15:39:44Z,M7RED-KO96ce,,,0B450468481CA1A5831687C0159A2B6DAEE5F814E49B135E20145A38B728281438E4EFDE19C3F83664
2023-05-02T05:20:37Z,M0GKK-IO91qf,7496676,2433,40751EB65B74F582234A13B13D3A7D9C674FB77DC80A53C0B9CA11
2023-05-02T05:19:29Z,PE0SAT-21-JO21mr,7501220,2173,D0F0A4105BFAA913
2023-05-02T05:19:29Z,PE0SAT-JO21mr,,,D0F0A4105BFAA913
2023-05-02T05:18:24Z,PE0SAT-11-JO21mr,7501209,431,00
2023-05-02T05:18:24Z,PE0SAT-JO21mr,,,00
2023-05-01T19:38:44Z,PE0SAT-21-JO21mr,7499276,2173,7FE28EBD6647
2023-05-01T19:38:44Z,PE0SAT-JO21mr,,,7FE28EBD6647
2023-05-01T19:37:46Z,PE0SAT-11-JO21mr,7499260,431,20C371B2
2023-05-01T19:37:46Z,PE0SAT-JO21mr,,,20C371B2
2023-05-01T18:00:39Z,PE0SAT-21-JO21mr,7498868,2173,205D14BE96EC84A9A445A3C19A4406DB124A9D790F9B
2023-05-01T18:00:39Z,PE0SAT-JO21mr,,,205D14BE96EC84A9A445A3C19A4406DB124A9D790F9B
2023-05-01T17:56:35Z,Drachten-JO33bc,7499022,2015,002815C00E
2023-05-01T17:55:05Z,PE0SAT-21-JO21mr,7498868,2173,802236BE64589394D58B4718C6
2023-05-01T17:55:05Z,PE0SAT-JO21mr,,,802236BE64589394D58B4718C6
2023-05-01T05:56:19Z,PE0SAT-21-JO21mr,7496274,2173,B85DF319C441BA82A39CBC81E2401ECCE0C2296FBC6DE094695580F4
2023-05-01T05:56:19Z,PE0SAT-JO21mr,,,B85DF319C441BA82A39CBC81E2401ECCE0C2296FBC6DE094695580F4
2023-05-01T05:55:23Z,PE0SAT-11-JO21mr,7496266,431,90226BA3642256AE709C77E2E22927533A0E
2023-05-01T05:55:23Z,PE0SAT-JO21mr,,,90226BA3642256AE709C77E2E22927533A0E
2023-05-01T05:49:44Z,M0GKK-IO91qf,7491734,2433,80B862
2023-05-01T04:15:28Z,SA2KNG Omni UHF/VHF-KP03cu,7496077,1864,A59E0F7A
2023-05-01T04:05:27Z,GAO UHF-JN87hg,7496032,2410,C040BA34209CF342184832E7D9B292
2023-04-30T23:42:13Z,ArgusNavis-EL88sb,7495248,1155,40450E346CDEDE5ECF5D3C2ADCB982585CBFB933333083C776CB5AEADD104F7383AC57838A
2023-04-30T20:12:46Z,PE0SAT-11-JO21mr,7494063,431,805F7AE5
2023-04-30T20:12:46Z,PE0SAT-JO21mr,,,805F7AE5
2023-04-30T08:07:20Z,M0GKK-IO91qf,7486602,2433,405BF8710BE31461556DF428A42A813C4BD862881FB8324ADEA5E48CAE639A9FBB809321720F0DB6ED74F22ED2A4A500
2023-04-30T04:53:53Z,GAO UHF-JN87hg,7491055,2410,B8B8AB39A9E9
2023-04-30T04:49:54Z,PF_DE_PL_ UHF_CROSS_DIPOLE-JN48iv,7491049,812,608E1407F7AA2A
2023-04-30T04:49:30Z,FHAB GS1-JO66kt,7491205,1272,0027884E5F0D784DDA1780F938718C0281
2023-04-29T19:10:25Z,Drachten-JO33bc,7488707,2015,B81CD1A7AAE52C
2023-04-29T05:23:57Z,PF_DE_PL_ UHF_CROSS_DIPOLE-JN48iv,7486007,812,80A7884D8DB49775B47BA6DEB1E8
2023-04-29T03:46:08Z,SA2KNG Omni UHF/VHF-KP03cu,7485749,1864,C0833B78E066452B2DBB53B4E7B68B2250B78448991A
2023-04-28T19:39:24Z,PE0SAT-11-JO21mr,7484164,431,00A30D0F2184A7EBC14B8C25E4AB1064B667B1161DC00BDF4D8E22722A59DBBB4903EC3C29605A391866CF42261F10E14A32EEB05161A55BCE216FCEAEE9C59ABB
2023-04-28T19:39:24Z,PE0SAT-JO21mr,,,00A30D0F2184A7EBC14B8C25E4AB1064B667B1161DC00BDF4D8E22722A59DBBB4903EC3C29605A391866CF42261F10E14A32EEB05161A55BCE216FCEAEE9C59ABB
2023-04-28T19:38:42Z,PE0SAT-21-JO21mr,7484174,2173,ED6F7664E5AD1A799D6E4F46ADE301B2211B78E9
2023-04-28T19:38:42Z,PE0SAT-JO21mr,,,ED6F7664E5AD1A799D6E4F46ADE301B2211B78E9
2023-04-28T05:55:17Z,M0GKK-IO91qf,7476281,2433,9F39F17ED66E16250F33CF01CBE53EAF29BC57B4E98E5FAC303539BB0DBF9F4B824C59ED9EA9F859F46259DE8A692D98DDDC5999803F
2023-04-28T04:25:41Z,SA2KNG Omni UHF/VHF-KP03cu,7480786,1864,70F4036B265430B60EDE82BC442C06410A
2023-04-28T04:18:37Z,M0GKK-IO91qf,7476277,2433,805B9CC06B501D653818EC2B
2023-04-28T04:17:14Z,SA2KNG Omni UHF/VHF-KP03cu,7480786,1864,20C20FC8
2023-04-28T04:17:09Z,PE0SAT-11-JO21mr,7480737,431,C0
2023-04-28T04:17:09Z,PE0SAT-JO21mr,,,C0
2023-04-27T18:36:24Z,FHAB GS1-JO66kt,7479141,1272,809EE6606983314CAF96
2023-04-27T18:36:03Z,M0GKK-IO91qf,7476256,2433,80E0711DE9940E0DD6315ED4E41C1D874F
2023-04-27T18:35:54Z,SA2KNG Experimental-KP03cu,7479018,1888,BB435B9207B10A2C
2023-04-27T18:35:46Z,YO2CIP-KN05ot,,,05D1BA91F12E0DC34592574AA6D1DA09674FB8B00AB88CA8152F9F167968131BD9193560B50FB0936C1AFC6E26
2023-04-27T04:47:29Z,Apomahon-KM18ub,7473171,6,E1194F8214779E10D12A840638182ACBD68BD00215B7B708
2023-04-26T23:58:25Z,SA2KNG Omni UHF/VHF-KP03cu,7475064,1864,FC0EA68972A4C1C2E149D462AAAA939F47046758C08AC147D5143D0508CBB0E1151C87D594004E1D3AA27814024E92E709
2023-04-26T22:26:08Z,M0GKK-IO91qf,7471779,2433,887614B76C
2023-04-26T20:50:46Z,M0GKK-IO91qf,7471776,2433,C04C982FB2B89580E1C453
2023-04-26T07:11:59Z,M0GKK-IO91qf,7467094,2433,00CD6C1AEAEE15436899FB0C4134BC27F71126D903BAAD8CEFBD2D4D6E444FCB7BE5451B2E85E707CEA5B9B421A7349879E3E5442EED92BB2692
2023-04-26T07:04:55Z,M0GKK-IO91qf,7467094,2433,80754F1421BDC050
2023-04-26T05:32:30Z,PF_DE_PL_ UHF_CROSS_DIPOLE-JN48iv,7471366,812,C03F186F190F59C6
2023-04-26T05:31:53Z,Drachten-JO33bc,7471470,2015,80FC20AD39
2023-04-26T05:26:39Z,M0GKK-IO91qf,7467090,2433,E012079B5079378DDCE36E2D6C2ECD65F86790FC30CD7A
2023-04-26T05:24:49Z,M0GKK-IO91qf,7467090,2433,06D8F05AD8E08F35
2023-04-26T05:21:53Z,M0GKK-IO91qf,7467090,2433,C0453C165BA58006AFDE73
2023-04-26T03:47:53Z,SA2KNG Omni UHF/VHF-KP03cu,7471119,1864,00D18E86382EF1852A4BC471AD242AE8C22E4909
2023-04-25T18:12:48Z,GAO UHF-JN87hg,7469008,2410,5AF9
2023-04-25T18:06:44Z,SA2KNG Omni UHF/VHF-KP03cu,7468942,1864,E001B6
2023-04-25T18:04:08Z,SA2KNG Omni UHF/VHF-KP03cu,7468942,1864,00465ADBDBBC88C1A23AC53DB40260E71D09014A6391E5191B6AF46B22A03786C38EA08946
2023-04-25T04:26:18Z,SA2KNG Omni UHF/VHF-KP03cu,7466510,1864,C06B922D
2023-04-25T04:25:02Z,Drachten-JO33bc,7466415,2015,0806
2023-04-25T04:23:40Z,PE0SAT-21-JO21mr,7466425,2173,60
2023-04-25T04:23:40Z,PE0SAT-JO21mr,,,60
2023-04-25T04:17:23Z,M0GKK-IO91qf,7461302,2433,A4D79F4B5CAC
2023-04-24T18:37:22Z,Drachten-JO33bc,7464900,2015,5C
2023-04-24T06:42:29Z,M0GKK-IO91qf,7456598,2433,00D60BB80C949B13E5D806647618315A
2023-04-24T06:36:00Z,M0GKK-IO91qf,7456598,2433,C0E027F230C9FE78987BEF8C
2023-04-24T06:35:15Z,M0GKK-IO91qf,7456598,2433,5CA636AD693869DE72F43202E26E16138A1E5562F06F491152F11FD725615B134D379A55FBB9FDB5B072321429322DAA
2023-04-24T04:54:28Z,PF_DE_PL_ UHF_CROSS_DIPOLE-JN48iv,7460753,812,E09445
2023-04-24T04:53:27Z,Drachten-JO33bc,7460778,2015,10D7A3410B91A750A336DAD076898D3F646440EBAEBD866D809D4C75ADE0F9F0CA9F6A44EAD1647572DBAA
2023-04-23T17:42:33Z,GAO UHF-JN87hg,7458511,2410,B7DA4CA434412644B0EC42
2023-04-23T17:38:16Z,GAO UHF-JN87hg,7458511,2410,80493BC9F1F062CDEDD49E2BAA976B42CC7A
2023-04-23T17:36:38Z,PE0SAT-21-JO21mr,7458409,2173,0C082B51EA48
2023-04-23T17:36:38Z,PE0SAT-JO21mr,,,0C082B51EA48
2023-04-23T17:34:37Z,PE0SAT-21-JO21mr,7458409,2173,584FAD0978B4785C452112A20CF0963D64901F7EE539
2023-04-23T17:34:37Z,PE0SAT-JO21mr,,,584FAD0978B4785C452112A20CF0963D64901F7EE539
2023-04-23T17:33:57Z,Goldford-IO83pb,7458516,2122,005885114525296C97EA923764476B63FC6AF05CBF5A6E51
2023-04-23T17:33:08Z,Goldford-IO83pb,7458516,2122,A09B2815BC9271AB9FB87A349556B3B5B87AA2B15828ED9E63C97958842372E4AECA674B
2023-04-23T17:30:28Z,Goldford-IO83pb,7458516,2122,EE206D0E4D887B9C730F2A3312EBA58A3F3F
2023-04-23T17:29:30Z,GAO UHF-JN87hg,7458511,2410,802554D39C8B3D5155A568ADB3
2023-04-23T07:14:11Z,M0GKK-IO91qf,7452161,2433,34D210C74617B4011A8F
2023-04-23T07:10:50Z,M0GKK-IO91qf,7452161,2433,8C29B1695D0B5EEE53C9115965231A24B057998BF2ECC23528C4
2023-04-23T05:31:00Z,M0GKK-IO91qf,7452158,2433,00CBD11D87006A3D7A134EC4ADA28E6963A604EF0DC8DB573CFCDC320A68EF8BD3F47C413A931BAE7B01EA0ED5AA10DBF61EFF530B
2023-04-23T05:28:57Z,M0GKK-IO91qf,7452158,2433,00EB6C4D2E0483C68A58D66ED477C2A0219E9BEAD71E771958B91DAF29382360886B6912116FFAE78550D6DFCFE5D8
2023-04-22T21:29:57Z,M0GKK-IO91qf,7452142,2433,30CB
2023-04-22T19:50:09Z,PE0SAT-11-JO21mr,7454542,431,00BFB09D2A
2023-04-22T19:50:09Z,PE0SAT-JO21mr,,,00BFB09D2A
2023-04-22T19:47:52Z,M0GKK-IO91qf,7452139,2433,CC5ACCEA202C66076619693B0BBC1CA0F331BE64CA1CF2CC3CB9CD85A6F958CAF37868629A
2023-04-22T18:13:22Z,PF_DE_PL_ UHF_CROSS_DIPOLE-JN48iv,7454336,812,A0791E83112F9C436711AEC59C82
2023-04-22T18:13:14Z,M0GKK-IO91qf,7452136,2433,48B66833D6732A3B9A6B1075C92B4887959166C40E18AB03F432DAF2100C8B8985284B3556839C3B729BAD1460E5661E8CC5A1185E9B30
2023-04-22T18:10:59Z,PF_DE_PL_ UHF_CROSS_DIPOLE-JN48iv,7454336,812,C063951B089CC7B4FAF010B2379472
2023-04-22T18:09:07Z,PE0SAT-21-JO21mr,7454131,2173,D037A78C65F43C4F4EBA7870E602760FBCEB2C8FB273004E5E56119BD6753BAC009253B39CE144
2023-04-22T18:09:07Z,PE0SAT-JO21mr,,,D037A78C65F43C4F4EBA7870E602760FBCEB2C8FB273004E5E56119BD6753BAC009253B39CE144
2023-04-22T18:08:07Z,PE0SAT-11-JO21mr,7454129,431,1113E2E52A20218E26510D15821367261D37BC82E3D6165180743FE904E4
2023-04-22T06:13:26Z,M0GKK-BB-IO91qf,7450409,2760,AE9064B0A09A609C6EA6968640E103F05000000000010042454157483258504D16C7D453980776A40FA211C00000000000000000000000000000000000009FA1F216F3B9F306F302F0C3F3FFF3F0F2FFF3FFF302F0FFF3EDF2FFF37AF1D7F0FFF356F379F1D9F00DF316F3FFF34FF3F5F3FFF3F4FFC8FF940030D555FD840082050000000000000305010601090200000001F0
2023-04-22T06:13:26Z,M0GKK-IO91qf,7447052,2433,AE9064B0A09A609C6EA6968640E103F05000000000010042454157483258504D16C7D453980776A40FA211C00000000000000000000000000000000000009FA1F216F3B9F306F302F0C3F3FFF3F0F2FFF3FFF302F0FFF3EDF2FFF37AF1D7F0FFF356F379F1D9F00DF316F3FFF34FF3F5F3FFF3F4FFC8FF940030D555FD840082050000000000000305010601090200000001F0
2023-04-22T06:12:24Z,M0GKK-IO91qf,7447052,2433,AE9064B0A09A609C6EA6968640E103F000
2023-04-22T06:07:07Z,M0GKK-IO91qf,7447052,2433,CFEC326B8BC5DB7932E8B13A2D7072967B887965E1
2023-04-22T04:34:06Z,M0GKK-IO91qf,7447048,2433,F8E50437A6B465CB4E5252A4B9E35CD9DE581262CB560083035DBEDA1077CE5D78ACFFDD6E862E41
2023-04-22T04:31:02Z,SA2KNG Omni UHF/VHF-KP03cu,7451554,1864,8B6A4FF2A536243CB5A1F29253B67988F0739482
2023-04-22T04:28:34Z,M0GKK-IO91qf,7447048,2433,0087A440CE0B768364D8120E
2023-04-22T02:50:20Z,M0GKK-IO91qf,7447044,2433,005C5674B2A09B644CB4134CCDCB7A
2023-04-21T20:15:31Z,SA2KNG Omni UHF/VHF-KP03cu,7450479,1864,00
2023-04-21T18:51:19Z,PF_DE_PL_ UHF_CROSS_DIPOLE-JN48iv,7450176,812,F568BF9E
2023-04-21T18:49:25Z,YO2CIP-KN05ot,,,5F13C4C8C1B8117FE021ED46754358A3EB0B4D10650F0C432FCD22EF5D4CEA5CD21E
2023-04-21T18:46:22Z,PE0SAT-21-JO21mr,7450190,2173,1082270C0B32ADC57985C923ED530193639C66911E2FCAD0DDB08DF01F27CC
2023-04-21T18:46:22Z,PE0SAT-JO21mr,,,1082270C0B32ADC57985C923ED530193639C66911E2FCAD0DDB08DF01F27CC
2023-04-21T18:41:34Z,PE0SAT-11-JO21mr,7450177,431,E0E617CF5B36AC
2023-04-21T18:41:34Z,PE0SAT-JO21mr,,,E0E617CF5B36AC
2023-04-21T06:38:52Z,M0GKK-BB-IO91qf,7445229,2760,E7845A05A1F58E6E0E16C0BB1DB8BC720CC81BBDF5F82B76
2023-04-21T05:04:51Z,PF_DE_PL_ UHF_CROSS_DIPOLE-JN48iv,7446517,812,41097A052A4CBF467FA914D46504325E954651AB9742CC86319C0D75782901766549C6ED008431C8530949C728A2929CDE64A9DAE9C2288437C4F0328F0997311E2BC0B58B8FA63753D9E1C10E81F5C09B12AF
2023-04-21T05:02:46Z,PE0SAT-21-JO21mr,7446508,2173,30BABD144A106ACBFE2EDDEE239C57686A87286129B9D9B4D41B2DA545F6C48D4A1B5B6107A33D94AB45CE17C8A11E7B788482F5DEA6165B59633A40D4C285B28F1C12B994C8C97A24B073D074328A0669E8C8397371AE3C4EB6299C7EAB
2023-04-21T05:02:46Z,PE0SAT-JO21mr,,,30BABD144A106ACBFE2EDDEE239C57686A87286129B9D9B4D41B2DA545F6C48D4A1B5B6107A33D94AB45CE17C8A11E7B788482F5DEA6165B59633A40D4C285B28F1C12B994C8C97A24B073D074328A0669E8C8397371AE3C4EB6299C7EAB
2023-04-21T04:59:01Z,YO2CIP-KN05ot,,,68B759A52C209063705CD639976EE802D79D
2023-04-21T03:19:58Z,M0GKK-IO91qf,7442889,2433,5A22F6
2023-04-21T03:18:46Z,M0GKK-IO91qf,7442889,2433,30D65389F376D8AD3C1ED7FE8B404C799C647DA949CD4371532EAE39EB2C38D27A46274A4012E2367585B6
2023-04-20T21:59:22Z,YB8XM-PI46ch,7445677,1597,48BC81E2749DBAD673D92BC9C1241EB1A54C73
2023-04-20T05:39:26Z,M0GKK-IO91qf,7437822,2433,AE9064B0A09A609C6EA6968640E103F05000000000010042454157483258504D16C7D252C50920906297105B0100000000000000000000000000000000009FFFF303F3BDF3F7F202F0C4F3FFF3E8F2BEF3FFF303F011F3DCF2FFF37DF1CFF0FFF34CF37DF1D0F00FF317F3FFF342F3F6F310F3CCFF1C007C0030D4A1FD5A00B6040000000000000305010601090200000001F0
2023-04-20T05:35:22Z,PE0SAT-21-JO21mr,7442284,2173,C0F82C42AC871655A86A2813DAAB4C6D
2023-04-20T05:35:22Z,PE0SAT-JO21mr,,,C0F82C42AC871655A86A2813DAAB4C6D
2023-04-20T03:51:12Z,GAO UHF-JN87hg,7442138,2410,0043A0191559A5B872DA3D3176AE250E7D5CEF5D0D85C8
2023-04-19T18:13:33Z,PE0SAT-21-JO21mr,7440646,2173,0052D9E8264C
2023-04-19T18:13:33Z,PE0SAT-JO21mr,,,0052D9E8264C
2023-04-19T18:12:51Z,PE0SAT-11-JO21mr,7440640,431,50EB61ACB278D7A829355F69C10A6C4B77A3FD006D
2023-04-19T18:12:51Z,PE0SAT-JO21mr,,,50EB61ACB278D7A829355F69C10A6C4B77A3FD006D
2023-04-19T16:31:49Z,M0GKK-IO91qf,7437798,2433,146505FE15B1739CAA51887796B9229F1C84399B09
2023-04-19T04:28:42Z,PE0SAT-21-JO21mr,7437177,2173,2A52CF4959
2023-04-19T04:28:42Z,PE0SAT-JO21mr,,,2A52CF4959
2023-04-18T23:38:29Z,SA2KNG Omni UHF/VHF-KP03cu,7436600,1864,80D0
2023-04-18T20:25:43Z,M0GKK-IO91qf,7433540,2433,002713A720C14E9D7D398BC72A606CEB34FD01C1A917AA1AACFF2EC1CF9B5BBDAD614923D7816076D15CE49C
2023-04-18T17:11:51Z,M0GKK-IO91qf,7433532,2433,457087361A
2023-04-18T17:09:10Z,M0GKK-IO91qf,7433532,2433,C8
2023-04-18T05:05:36Z,PE0SAT-21-JO21mr,7432936,2173,00D5154F27E7577CE25F67C4CB0E38
2023-04-18T05:05:36Z,PE0SAT-JO21mr,,,00D5154F27E7577CE25F67C4CB0E38
2023-04-17T19:23:54Z,PE0SAT-11-JO21mr,7431492,431,90
2023-04-17T19:23:54Z,PE0SAT-JO21mr,,,90
2023-04-17T19:23:44Z,PE0SAT-21-JO21mr,7431500,2173,68524CCD75
2023-04-17T19:23:44Z,PE0SAT-JO21mr,,,68524CCD75
2023-04-17T17:42:04Z,PE0SAT-21-JO21mr,7431061,2173,10F913C673
2023-04-17T17:42:04Z,PE0SAT-JO21mr,,,10F913C673
2023-04-17T05:40:52Z,PE0SAT-11-JO21mr,7427846,431,20C3BC0E57EAA0BC56AEE0390A922B9323A0A30A37DAB9330FC8BD697001EBB954EC7CF209AEDDB6
2023-04-17T05:40:52Z,PE0SAT-JO21mr,,,20C3BC0E57EAA0BC56AEE0390A922B9323A0A30A37DAB9330FC8BD697001EBB954EC7CF209AEDDB6
2023-04-17T04:01:25Z,SA2KNG Omni UHF/VHF-KP03cu,7427757,1864,4077AFB4B7765BD75E9B
2023-04-17T03:59:17Z,SA2KNG Omni UHF/VHF-KP03cu,7427757,1864,C0AC04A85BCF4809
2023-04-16T21:39:11Z,M0GKK-IO91qf,7423544,2433,105CB2AA
2023-04-15T17:18:48Z,SV5QNF-KM46ac,7419249,1534,90312C618B18D1045B13F46C427621872E4E6430ABECAAAB55CD39EE490A101B2545E1FC294BE5F7802FBD291312EA846EED8C583FD91D21C7D1B1F23120FC9C75AEAE
2023-04-15T05:04:46Z,YO2CIP-KN05ot,,,93AE571D5ED8F3C8A36575956EE541D66B
2023-04-14T22:39:59Z,SA2KNG Omni UHF/VHF-KP03cu,7416361,1864,90859BB72593F876C735E4A6D2E22A1B397B0CB7FF402D7C35D6D3B7
2023-04-14T05:43:40Z,PE0SAT-21-JO21mr,7412985,2173,C02BF23DBB94
2023-04-14T05:43:40Z,PE0SAT-JO21mr,,,C02BF23DBB94
2023-04-14T05:42:27Z,PE0SAT-11-JO21mr,7412984,431,004D0CB797BD
2023-04-14T05:42:27Z,PE0SAT-JO21mr,,,004D0CB797BD
2023-04-13T18:29:12Z,PF_DE_PL_ UHF_CROSS_DIPOLE-JN48iv,7411305,812,80F4C1D399A04740425E
2023-04-13T18:27:02Z,Drachten-JO33bc,7411254,2015,D077
2023-04-13T18:26:10Z,Drachten-JO33bc,7411254,2015,C00D2D25E414390054
2023-04-13T18:25:40Z,PF_DE_PL_ UHF_CROSS_DIPOLE-JN48iv,7411305,812,E053A2
2023-04-13T18:18:44Z,SA2KNG Experimental-KP03cu,7411342,1888,2060779C75E502E9AE374131CC7B2A83A5F9459C0CD156E680CEB2B3799DA28B15CB09680E2B28909F162A6AEFE8A078355B14278AD29CD40C517913
2023-04-13T11:13:27Z,K2PI-FM18cq,7409952,2617,B8BCE809
2023-04-13T06:21:24Z,PE0SAT-21-JO21mr,7408914,2173,C06C7A8390
2023-04-13T06:21:24Z,PE0SAT-JO21mr,,,C06C7A8390
2023-04-13T06:11:27Z,M0GKK-IO91qf,7405132,2433,C083B05E4546B116EE3C4459B0DE6B54A05AC9AB
2023-04-13T04:41:40Z,PE0SAT-11-JO21mr,7408657,431,A5C524
2023-04-13T04:41:40Z,PE0SAT-JO21mr,,,A5C524
2023-04-13T04:40:20Z,PE0SAT-21-JO21mr,7408659,2173,000341E3
2023-04-13T04:40:20Z,PE0SAT-JO21mr,,,000341E3
2023-04-13T04:31:13Z,GAO UHF-JN87hg,7408737,2410,A0
2023-04-13T04:30:24Z,GAO UHF-JN87hg,7408737,2410,D65CAD66741E
2023-04-12T20:34:11Z,M0GKK-IO91qf,7405117,2433,E0B04EA55CC094A76372DB3C8E171B9336
2023-04-12T18:59:46Z,Drachten-JO33bc,7407179,2015,8095C22382F76D141A52EABCBF440F9953820A4CA5C6B30D38936BAB50A2EF24ADD43FCC8420750D99534F9E0B37A9108E2CDC29D50014BC
2023-04-12T18:56:58Z,PF_DE_PL_ UHF_CROSS_DIPOLE-JN48iv,7407104,812,00D3D35BA3F0AA5435D58D2301D4
2023-04-12T18:54:56Z,Drachten-JO33bc,7407179,2015,C00C58131B9E8BDC
2023-04-12T18:51:42Z,M0GKK-IO91qf,7405113,2433,00
2023-04-12T18:51:29Z,PF_DE_PL_ UHF_CROSS_DIPOLE-JN48iv,7407104,812,C05ACDAD041747F1029C0DA9103BA3CAD178C679D20A
2023-04-12T11:56:12Z,MAUSyagi-DN70ja,7404878,1675,80F09B
2023-04-12T08:36:34Z,M0GKK-IO91qf,7400699,2433,91CBDF6BE73CD826BB53D747725B2C873B14C9582CD23E468362A6
2023-04-12T05:13:52Z,PE0SAT-11-JO21mr,7404470,431,F05E6D39350C2B3CFEF7BDCB1A7B6F8604CCD112BD74866D7632
2023-04-12T05:13:52Z,PE0SAT-JO21mr,,,F05E6D39350C2B3CFEF7BDCB1A7B6F8604CCD112BD74866D7632
2023-04-12T05:09:43Z,PF_DE_PL_ UHF_CROSS_DIPOLE-JN48iv,7404572,812,70CAA749358BDED62C01BAA660FACCD6802BB91E2A69E85A3B5C753AB174475268B74888A263C5CB41
2023-04-11T18:00:42Z,GAO UHF-JN87hg,7402519,2410,447D
2023-04-11T05:48:14Z,PE0SAT-21-JO21mr,7400214,2173,D08A21DDD18E83
2023-04-11T05:48:14Z,PE0SAT-JO21mr,,,D08A21DDD18E83
2023-04-11T05:46:58Z,PE0SAT-21-JO21mr,7400214,2173,722FA251D74B88641B18871AC6C360096DF2E0DD739C34AE73AB26
2023-04-11T05:46:58Z,PE0SAT-JO21mr,,,722FA251D74B88641B18871AC6C360096DF2E0DD739C34AE73AB26
2023-04-11T04:04:14Z,M0GKK-IO91qf,7396168,2433,802782B9CC8C836CF96C462D01B7D73CF63430058E44819A704AEA840961
2023-04-11T02:33:51Z,SA2KNG Omni UHF/VHF-KP03cu,7399770,1864,C01F5AD0306B9DA4E8C628A3A525E9F228
2023-04-10T18:22:29Z,SA2KNG Experimental-KP03cu,7398111,1888,DCBC9D2388A65F9C151195CC4BBF
2023-04-10T06:21:00Z,M0GKK-IO91qf,7390674,2433,BA
2023-04-10T06:15:35Z,M0GKK-IO91qf,7390674,2433,80DEF32F
2023-04-10T04:39:48Z,M0GKK-IO91qf,7390671,2433,90F43AB3E0A8545A102C
2023-04-09T06:55:41Z,M0GKK-IO91qf,7386407,2433,5A28DBA90E0CC59202B8
2023-04-09T05:21:52Z,Drachten-JO33bc,7390084,2015,991069164D
2023-04-09T05:13:50Z,PF_DE_PL_ UHF_CROSS_DIPOLE-JN48iv,7390202,812,20E75D
2023-04-09T02:02:01Z,M7RED-KO96ce,,,EA6AE781A5FE4357969297A39279EC3F5D39093DF44662C14CDE18523D44
2023-04-08T05:54:45Z,PE0SAT-12-JO21mr,7386104,1466,B03DD29496A765CF454D55
2023-04-08T05:54:45Z,PE0SAT-JO21mr,,,B03DD29496A765CF454D55
2023-04-08T05:54:16Z,PE0SAT-21-JO21mr,7386100,2173,00B96318E671B7D36D92BF862B0BD2D80E9D42B6D92E72CDB1B15BB034E3D238F248F7C6D2C22A59A057C9B1690873C541FB4102F3EB60013067711A9C579E62792EC2DEE33210DCE37DD7E14A364C427DA9651BBA7C043D89AEC889AE2CA802C38933CCB9BD00510A1D9C5B0FE93B2920F394992297ABB8D7864AC9BC56984EE76BBA23B48892D99D0B229C14
2023-04-08T05:54:16Z,PE0SAT-JO21mr,,,00B96318E671B7D36D92BF862B0BD2D80E9D42B6D92E72CDB1B15BB034E3D238F248F7C6D2C22A59A057C9B1690873C541FB4102F3EB60013067711A9C579E62792EC2DEE33210DCE37DD7E14A364C427DA9651BBA7C043D89AEC889AE2CA802C38933CCB9BD00510A1D9C5B0FE93B2920F394992297ABB8D7864AC9BC56984EE76BBA23B48892D99D0B229C14
2023-04-08T05:53:28Z,PE0SAT-12-JO21mr,7386104,1466,4D9E00177127D19597FD7390932C305C72C24D73666A96B099
2023-04-08T05:53:28Z,PE0SAT-JO21mr,,,4D9E00177127D19597FD7390932C305C72C24D73666A96B099
2023-04-08T05:51:56Z,GAO UHF-JN87hg,7386094,2410,80E340B27EB71A
2023-04-08T05:50:25Z,GAO UHF-JN87hg,7386094,2410,004EAC1475B1B172758E52ED85B2948D34A741E7B6C42B91C269DE34C8CC0A98E8691C3D7476309850658C690A297B0F83A381E84D
2023-04-08T05:50:17Z,PE0SAT-11-JO21mr,7386098,431,38F33500149826875BB3CD
2023-04-08T05:50:17Z,PE0SAT-JO21mr,,,38F33500149826875BB3CD
2023-04-08T05:47:23Z,M0GKK-IO91qf,7382183,2433,688914DCE21A
2023-04-08T05:46:48Z,M0GKK-IO91qf,7382183,2433,8067B16A79AB27639CAE9BC7885BBB
2023-04-07T18:31:31Z,SA2KNG Omni UHF/VHF-KP03cu,7384236,1864,52396E4C5351C9C1226BC9221AE2
2023-04-07T18:25:59Z,SA2KNG Experimental-KP03cu,7384204,1888,40
2023-04-07T10:19:01Z,YB8XM-PI46ch,7382923,1597,EA
2023-04-07T06:32:35Z,M0GKK-IO91qf,7377872,2433,0099E2D56D0C038DEE2DCA542256AE2E1F533F864D7ABF7599B0D73CD6CD0E33A91226D292B2AF7B294F9EE6C4A1B936605484F736E6EEE5219782
2023-04-07T06:30:14Z,M0GKK-IO91qf,7377872,2433,60BA2C97C7B9880A279786D517B002
2023-04-07T06:25:03Z,PE0SAT-21-JO21mr,7381919,2173,C28795DDCD8B
2023-04-07T06:25:03Z,PE0SAT-JO21mr,,,C28795DDCD8B
2023-04-07T04:50:03Z,GAO UHF-JN87hg,7381798,2410,0058A224388143FA9DB52ADE3A8EED316EB15243
2023-04-07T01:50:54Z,MAUSyagi-DN70ja,7381450,1675,80E52CD182BD
2023-04-06T07:04:59Z,M0GKK-IO91qf,7373444,2433,C0360B2A14
2023-04-06T06:55:18Z,M0GKK-IO91qf,7373444,2433,308B690490004FC8A54146F44824EE95322F5D274C9A50BB9A9E
2023-04-06T06:55:15Z,M0GKK-IO91qf,7373444,2433,80F4DE287E3618
2023-04-06T05:22:33Z,M0GKK-IO91qf,7373441,2433,48709A15C7CE5360C6D4E9F530CCF19C86DB5500DC
2023-04-06T05:17:01Z,GAO UHF-JN87hg,7377279,2410,C8410ECDA4DD38E3E671376F51FD3889336B30E3D6136E53347266337C
2023-04-06T05:15:50Z,M0GKK-IO91qf,7373441,2433,A055EF8281
2023-04-06T03:48:10Z,M0GKK-IO91qf,7373438,2433,00E2E9B5D08AD1DE
2023-04-06T03:47:31Z,SA2KNG Experimental-KP03cu,7377151,1888,404FDD2414151FC8AA
2023-04-05T05:59:39Z,PE0SAT-12-JO21mr,7373091,1466,40BD49B518CC
2023-04-05T05:59:39Z,PE0SAT-JO21mr,,,40BD49B518CC
2023-04-05T05:59:01Z,PE0SAT-21-JO21mr,7373089,2173,5EE21AC2ADED8A78CD434896
2023-04-05T05:59:01Z,PE0SAT-JO21mr,,,5EE21AC2ADED8A78CD434896
2023-04-05T05:53:04Z,PE0SAT-11-JO21mr,7373087,431,E0AC8C0EB44681
2023-04-05T05:53:04Z,PE0SAT-JO21mr,,,E0AC8C0EB44681
2023-04-04T08:07:12Z,M0GKK-IO91qf,7364311,2433,24D7C0E56D55FDA0B0B05B
2023-04-04T06:36:56Z,M0GKK-IO91qf,7364308,2433,401EC936353015B3994675DEA91566
2023-04-04T04:56:33Z,M0GKK-IO91qf,7364306,2433,80ED99FBB2B2C1891442D25A28EE0C4E8CF04A4CDE
2023-04-04T03:10:18Z,M0GKK-IO91qf,7364303,2433,00D23885
2023-04-03T09:27:19Z,YB8XM-PI46ch,7364873,1597,2C34
2023-04-03T07:04:08Z,M0GKK-IO91qf,7359434,2433,D048117FAB8D2BFF171CBC7BD3
2023-04-03T02:34:05Z,MAUSyagi-DN70ja,7363473,2510,0012265A6404500F97C63C4F5930D8121ADC42D085C6
2023-04-02T18:12:36Z,GAO UHF-JN87hg,7362139,2410,E06FB71DCE3EC1688147465E19D1CB58F613E581A388734A00FA
2023-04-02T18:06:57Z,GAO UHF-JN87hg,7362139,2410,008BE64960D6962DB5ABB305728D319EAAA49BC5969388E1D08935299507D7477A9C1C1815AA2311EC41B552F49C0094927678ED8D54C66609E8D81C4CB90D0C06D60C228877ED67
2023-04-02T12:41:09Z,MAUSyagi-DN70ja,7359903,1675,086B351B7FAA35D371D56C05697A95DE0BC9C6EC13
2023-04-02T07:35:39Z,M0GKK-IO91qf,7355182,2433,2A51DB7C08FD4844FFD3392D5BB5834D
2023-04-02T04:23:00Z,SA2KNG Omni UHF/VHF-KP03cu,7358849,1864,442BEE
2023-04-02T04:21:13Z,GAO UHF-JN87hg,7358835,2410,40240D06436AEC5D286010B353108076012B717CBD3B01E512C237BA98
2023-04-02T04:18:08Z,Drachten-JO33bc,7358784,2015,B0130BE581D114104C46A1E5DD
2023-04-02T02:46:52Z,M0GKK-IO91qf,7355172,2433,20E375497ACC38D2
2023-04-02T02:46:17Z,M0GKK-IO91qf,7355172,2433,6823DF7A6A6067
2023-04-02T02:45:08Z,M0GKK-IO91qf,7355172,2433,80CA917BDA16
2023-04-02T02:41:20Z,M0GKK-IO91qf,7355172,2433,A05E01AC71F4D17B0A38C15B68CD30531A52DC
2023-04-02T01:22:50Z,N5ZKK-UHF-HELICAL-EM00kb,7358509,2416,9D3915B79B43AB4CA0C1B813ED05368365E1DA20EB5B
2023-04-01T17:00:38Z,M0GKK-IO91qf,7355149,2433,003AE93389A9C20D264ECA59
2023-04-01T06:34:11Z,PE0SAT-21-JO21mr,7354765,2173,98367452F7C354B2206D0A7F97960E59CC903CB986763A5542522184B5BBEAC8667528172930517DAE59BC0212741C40E3AC373B45
2023-04-01T06:34:11Z,PE0SAT-JO21mr,,,98367452F7C354B2206D0A7F97960E59CC903CB986763A5542522184B5BBEAC8667528172930517DAE59BC0212741C40E3AC373B45
2023-03-31T09:27:00Z,YB8XM-PI46ch,7351298,1597,200E0D3BAA746937069DD8953AD34E5BAC144B69
2023-03-31T09:26:47Z,YB8XM-PI46ch,7351298,1597,0079D1
2023-03-31T07:11:09Z,M0GKK-IO91qf,7346714,2433,98A95D111D79D3ECD034F0780448
2023-03-31T07:08:14Z,M0GKK-IO91qf,7346714,2433,8077A32F9C
2023-03-31T05:27:37Z,M0GKK-IO91qf,7346711,2433,FE3F9661881F8043
2023-03-31T05:23:42Z,M0GKK-IO91qf,7346711,2433,94A3364E77
2023-03-30T22:35:56Z,YB8XM-PI46ch,7349631,1597,00
2023-03-30T18:13:39Z,M0GKK-IO91qf,7346685,2433,40F00908A746
2023-03-30T18:07:44Z,PE0SAT-11-JO21mr,7348772,431,88320020E8C46232A162
2023-03-30T18:07:44Z,PE0SAT-JO21mr,,,88320020E8C46232A162
2023-03-30T16:30:19Z,M0GKK-IO91qf,7346682,2433,D03E1ABD
2023-03-30T06:08:15Z,PE0SAT-12-JO21mr,7346371,1466,D845CA
2023-03-30T06:08:15Z,PE0SAT-JO21mr,,,D845CA
2023-03-30T06:07:30Z,PE0SAT-12-JO21mr,7346371,1466,94521632CE69FF6CD93581216390C49E24D53D15F254AA365DDC680FA3E49024D9D5B52BEA
2023-03-30T06:07:30Z,PE0SAT-JO21mr,,,94521632CE69FF6CD93581216390C49E24D53D15F254AA365DDC680FA3E49024D9D5B52BEA
2023-03-30T04:25:53Z,PE0SAT-21-JO21mr,7346172,2173,80D89CECD7224B36E20C5C87A6CE08858FC94531D525A7428B479D1D411567
2023-03-30T04:25:53Z,PE0SAT-JO21mr,,,80D89CECD7224B36E20C5C87A6CE08858FC94531D525A7428B479D1D411567
2023-03-30T04:19:34Z,SP7THR-UHF-KO10an,7343598,2012,9CF441E88936BA93C17C16DE83560CEE1521EDF209
2023-03-30T01:29:05Z,MAUSyagi-DN70ja,7345867,2051,C000E250836B25300A
2023-03-29T18:40:23Z,FHAB GS1-JO66kt,7344721,1272,80B4EC3891B8F257
2023-03-29T05:02:03Z,PE0SAT-11-JO21mr,7341291,431,CCE4650DD7CD2A5D8CD1E20EB4301943257BBAAB20C79E147C37398058829EB6E68EF0
2023-03-29T05:02:03Z,PE0SAT-JO21mr,,,CCE4650DD7CD2A5D8CD1E20EB4301943257BBAAB20C79E147C37398058829EB6E68EF0
2023-03-29T05:01:24Z,Mogielnica - UHF-KN09wx,7341206,2608,80
2023-03-29T05:01:18Z,FHAB GS1-JO66kt,7341607,1272,A0
2023-03-29T04:55:27Z,GAO UHF-JN87hg,7341545,2410,78B6D3BD0C4E59E0DE779B
2023-03-28T03:59:28Z,SA2KNG Experimental-KP03cu,7337142,1888,6017
2023-03-28T03:58:46Z,SA2KNG Omni UHF/VHF-KP03cu,7337213,1864,00DBDAF01C3949127E150E4909A4EE4A5FC9624F53A22409181D051C2F0677528BBA4C9C51D3C563F2A69636D06DBC4C4C04BBDE8CB727B97244205962733935A76C5CD12080DC
2023-03-26T18:45:41Z,PE0SAT-21-JO21mr,7330128,2173,3493A42734
2023-03-26T18:45:41Z,PE0SAT-JO21mr,,,3493A42734
2023-03-26T05:00:56Z,PE0SAT-11-JO21mr,7327266,431,D0883A5A08BE40075B74D6135D22E060FD
2023-03-26T05:00:56Z,PE0SAT-JO21mr,,,D0883A5A08BE40075B74D6135D22E060FD
2023-03-25T22:37:52Z,M0GKK-IO91qf,7323964,2433,6E4AD22FEF87035F3348D5376272BAC279C95286299FD338AE47593E0AAADC194FA02D60656B359C31
2023-03-25T20:59:08Z,M0GKK-IO91qf,7323960,2433,00C1C8BE10D09EEBE64C1047ADE434F2D869B9
2023-03-25T20:54:28Z,M0GKK-IO91qf,7323960,2433,240CF01F28722DD300D457
2023-03-25T17:47:07Z,GAO UHF-JN87hg,7325424,2410,F8E1561B33CF9DDF9FEE9E6AB402886938A4
2023-03-25T17:40:24Z,Mogielnica - UHF-KN09wx,7325275,2608,206C3E282D9CC8DCE2D11E484136
2023-03-25T05:43:49Z,M0GKK-IO91qf,7319975,2433,40F827C79265114108
2023-03-25T04:00:26Z,SA2KNG Omni UHF/VHF-KP03cu,7323032,1864,015BD0C23B4A678F935648
2023-03-25T04:00:25Z,SA2KNG Experimental-KP03cu,7322983,1888,803BDCE372
2023-03-25T03:53:09Z,Mogielnica - UHF-KN09wx,7322823,2608,408CEE1C38DEE55F35B9BB50131F9E44098C1E
2023-03-24T07:53:16Z,M0GKK-IO91qf,7316041,2433,13EAB0325162DCEF3C12FE1A4E2779AC7C773B31EA
2023-03-24T07:52:16Z,M0GKK-IO91qf,7316041,2433,C0A2F2022DCBB0B642CEFC824D84A8C21CC91C6F0B60A46A6DBB
2023-03-24T06:09:39Z,PE0SAT-21-JO21mr,7319087,2173,0015A337
2023-03-24T06:09:39Z,PE0SAT-JO21mr,,,0015A337
2023-03-24T04:31:20Z,SA2KNG Omni UHF/VHF-KP03cu,7318928,1864,204FACCA48A7
2023-03-24T04:27:37Z,Mogielnica - UHF-KN09wx,7318827,2608,00
2023-03-24T04:27:08Z,GAO UHF-JN87hg,7318969,2410,00266A7A8C006F923B5622E1A40802A8
2023-03-23T18:49:40Z,Drachten-JO33bc,7317332,2015,0CD0E42B0D66DE281E2B1B8F
2023-03-23T17:16:34Z,Mogielnica - UHF-KN09wx,7316574,2608,70984D0524
2023-03-23T17:10:23Z,Mogielnica - UHF-KN09wx,7316574,2608,E48964EF9C751D
2023-03-23T05:07:40Z,PF_DE_PL_ UHF_CROSS_DIPOLE-JN48iv,7314329,812,B083D6D0
2023-03-23T01:46:50Z,M7RED-KO96ce,,,22595ABD82BA8000FA524AB4393C11A79E71
2023-03-22T17:46:28Z,PE0SAT-21-JO21mr,7312480,2173,8058
2023-03-22T17:46:28Z,PE0SAT-JO21mr,,,8058
2023-03-22T17:45:13Z,PE0SAT-21-JO21mr,7312480,2173,66B4D89B6249299D995DF38095BF693B00ACCC6C82D408A03B029E743323C6034CED34DB497366404B
2023-03-22T17:45:13Z,PE0SAT-JO21mr,,,66B4D89B6249299D995DF38095BF693B00ACCC6C82D408A03B029E743323C6034CED34DB497366404B
2023-03-21T18:24:12Z,GAO UHF-JN87hg,7308341,2410,408DD1600A8843AE
2023-03-21T06:17:13Z,PE0SAT-11-JO21mr,7305510,431,8089A8F96C1110CBE564098907
2023-03-21T06:17:13Z,PE0SAT-JO21mr,,,8089A8F96C1110CBE564098907
2023-03-21T06:13:10Z,Drachten-JO33bc,7305501,2015,C01F903DD81356934E125D58C25C7514256B205C370AEDADB666B35E89C1855D5E934F13
2023-03-21T04:37:37Z,PE0SAT-21-JO21mr,7305175,2173,54DD7657A52C419DF9792CB8
2023-03-21T04:37:37Z,PE0SAT-JO21mr,,,54DD7657A52C419DF9792CB8
2023-03-20T19:02:15Z,PF_DE_PL_ UHF_CROSS_DIPOLE-JN48iv,7303557,812,0053453923839C26D3F62486CE0815
2023-03-20T18:59:49Z,PF_DE_PL_ UHF_CROSS_DIPOLE-JN48iv,7303557,812,80A8D51D8A
2023-03-20T18:55:05Z,PF_DE_PL_ UHF_CROSS_DIPOLE-JN48iv,7303557,812,60ED220E52CF70893651B284E39DF7
2023-03-20T18:54:08Z,Drachten-JO33bc,7303605,2015,A0E908523B37A4FA00CCBD746A2CDF2131AF8A7917288D20185E05644DF15ADA134E50B8
2023-03-20T18:53:29Z,Drachten-JO33bc,7303605,2015,A0D50BBA47AE317CBC01CB22AA9817F077
2023-03-20T05:16:22Z,GAO UHF-JN87hg,7301135,2410,E05F6B
2023-03-20T05:13:30Z,PE0SAT-11-JO21mr,7301014,431,694D382B662FEEDF66ABAC1F18CFEBABC1A33C3E3672013253BCFB2D39F39695BB133ACD6C
2023-03-20T05:13:30Z,PE0SAT-JO21mr,,,694D382B662FEEDF66ABAC1F18CFEBABC1A33C3E3672013253BCFB2D39F39695BB133ACD6C
2023-03-20T05:12:54Z,PE0SAT-11-JO21mr,7301014,431,00CACD1E668501D7
2023-03-20T05:12:54Z,PE0SAT-JO21mr,,,00CACD1E668501D7
2023-03-20T05:10:57Z,PE0SAT-11-JO21mr,7301014,431,AE1B21EEDD3886BD0D6287FA3EDBAAA31ED75D0F62B46C65BAD21372CC5629C574AE
2023-03-20T05:10:57Z,PE0SAT-JO21mr,,,AE1B21EEDD3886BD0D6287FA3EDBAAA31ED75D0F62B46C65BAD21372CC5629C574AE
2023-03-20T05:07:34Z,PF_DE_PL_ UHF_CROSS_DIPOLE-JN48iv,7301155,812,807B01DEFAD6423BEC811C945696
2023-03-19T23:58:53Z,9V1KG-OJ11xi,7298494,2650,C02F090637F6B94D6F33FE69E3BA6747292C91D4ED16E2D6CEC835759946B1B43CA5FA1B26D1E7726689
2023-03-19T23:50:02Z,9V1KG-OJ11xi,7298494,2650,504E9BB1A1503C
2023-03-19T17:45:27Z,GAO UHF-JN87hg,7299014,2410,80
2023-03-19T04:09:15Z,Mogielnica - UHF-KN09wx,7296175,2608,0CE179F38E1727
2023-03-19T04:09:02Z,PE0SAT-11-JO21mr,7296213,431,0C22279EB35C06F5D4B6C454E78B1E5A47
2023-03-19T04:09:02Z,PE0SAT-JO21mr,,,0C22279EB35C06F5D4B6C454E78B1E5A47
2023-03-19T04:08:52Z,Mogielnica - UHF-KN09wx,7296175,2608,48
2023-03-19T04:03:13Z,Mogielnica - UHF-KN09wx,7296175,2608,806BB0D22C1C3C8E86ED5F8C
2023-03-19T02:33:42Z,M7RED-KO96ce,,,90F02C000A8F768FBC41612AF754219957DC9D655C15
2023-03-18T18:29:51Z,PF_DE_PL_ UHF_CROSS_DIPOLE-JN48iv,7294821,812,C06B7A80DB0E2E98BE66E6930E03510D9C
2023-03-18T18:27:17Z,Mogielnica - UHF-KN09wx,7294738,2608,DCB85D63433B6DFE027AB93504A12002D8CAA41DCCD31E442B8183
2023-03-18T18:26:25Z,YO2CIP-KN05ot,,,7ECBBC4448CCEC882C8B264ECC470FC7
2023-03-18T01:41:51Z,MAUSyagi-DN70ja,7291813,2051,3B3825
2023-03-17T15:37:26Z,M7RED-KO96ce,,,CD9B2089D149DE92C1850CC2AA62C73EDEB6DC18E532E92B10E7A11BDE1B514FC5
2023-03-17T06:53:01Z,M0GKK-IO91qf,7285073,2433,80AB83E8EA40D5BB8B60132DA3
2023-03-17T05:13:39Z,PF_DE_PL_ UHF_CROSS_DIPOLE-JN48iv,7287610,812,C45ECD0C367BBA1746B73553158DB3392B718EA5934EB154CB903CD6CEAD2339
2023-03-17T05:08:42Z,M0GKK-IO91qf,7285069,2433,CC5E24F12EB484C0A01E8734D6C45E7AC26BA66AEDBBB24309CCC9C62E49CE9C496BAF08C8221E
2023-03-17T03:34:10Z,M0GKK-IO91qf,7285066,2433,00447FB68BE358E17FB30EC41DC85A
2023-03-17T00:03:42Z,9V1KG-OJ11xi,7286738,2650,59086C15
2023-03-16T19:30:50Z,M0GKK-IO91qf,7285047,2433,E0762B
2023-03-16T19:29:43Z,M0GKK-IO91qf,7285047,2433,604274BDD2A04B72
2023-03-16T19:28:07Z,M0GKK-IO91qf,7285047,2433,287A3835C328BA1B6D662A5B75
2023-03-16T08:15:56Z,VK5KJP-UHF-PF95gd,7284059,331,8022
2023-03-16T05:53:18Z,PE0SAT-21-JO21mr,7283685,2173,90E56528B560B636A9B092AD19CD75C5E884ADE60D0B891E5D3AF2034E24E3E9464AA676291A04477928EDCCA3B3B9F57B51B48D279763D4BB0EDA0FAB0358
2023-03-16T05:53:18Z,PE0SAT-JO21mr,,,90E56528B560B636A9B092AD19CD75C5E884ADE60D0B891E5D3AF2034E24E3E9464AA676291A04477928EDCCA3B3B9F57B51B48D279763D4BB0EDA0FAB0358
2023-03-16T05:52:31Z,PE0SAT-11-JO21mr,7283682,431,C0
2023-03-16T05:52:31Z,PE0SAT-JO21mr,,,C0
2023-03-16T04:13:54Z,SA2KNG Experimental-KP03cu,7283554,1888,0096F226576A
2023-03-16T01:10:17Z,MAUSyagi-DN70ja,7283216,1675,7C
2023-03-15T21:48:56Z,M0GKK-IO91qf,7280921,2433,075B6D165CB90C6854C803E586
2023-03-15T06:29:33Z,M0GKK-IO91qf,7276404,2433,10160C6024C224131E43CE6AB7DDB862562A62282BD7E73BB003CB3243FD16
2023-03-15T06:20:25Z,M0GKK-IO91qf,7276404,2433,18508FD2
2023-03-15T04:47:25Z,M0GKK-IO91qf,7276401,2433,E0
2023-03-15T04:47:06Z,GAO UHF-JN87hg,7279420,2410,C4A3A7B0B2B6C5500D72D3B62A407C8EF118D6BB8841123687F41479A4A02B300E14B3B5118D87C7BB3FC9F0A1946E274A0D5B117F84B3941342429209CEE1ED8ED8A6C1
2023-03-15T04:44:15Z,FHAB GS1-JO66kt,7279506,1272,1E9B0AF7D914B9276AB71405E35633E3
2023-03-15T01:46:51Z,MAUSyagi-DN70ja,7278853,1675,C008592736319483161181AEB83BA72DC93D2D74454A819050AEFD7A9814567B92813B67CF4FDD25
2023-03-14T19:02:49Z,Drachten-JO33bc,7277500,2015,50B003
2023-03-14T17:19:24Z,SV1LJJ-KM18wa,,,3AFC28F3105FD970E6
2023-03-14T03:38:19Z,geoscan-KP50ea,7270736,2802,30C46287
2023-03-14T00:44:53Z,MAUSyagi-DN70ja,7274486,2051,5D6182C5D365C351B2690DE84117D288D1F567A145
2023-03-14T00:06:29Z,9V1KG-OJ11xi,7272053,2650,285C8A4A30A6DB062467635B2BC7336B1E79
2023-03-13T17:57:27Z,GAO UHF-JN87hg,7273122,2410,18
2023-03-13T05:55:55Z,GAO UHF-JN87hg,7270409,2410,8049A1
2023-03-13T05:52:37Z,M0EYT / 2E0NOG-IO80xs,7268527,91,1ECD83384FDD56E6CC79D068D2AD4906E002644ABCA91920E8C87C34AB0C05215EA10E6E1B
2023-03-12T18:35:52Z,PE0SAT-11-JO21mr,7268139,431,80D2AE0FB60BC8502C5639403F9654
2023-03-12T18:35:52Z,PE0SAT-JO21mr,,,80D2AE0FB60BC8502C5639403F9654
2023-03-12T18:32:50Z,FHAB GS1-JO66kt,7268339,1272,6014CF82
2023-03-12T18:30:37Z,PE0SAT-21-JO21mr,7268148,2173,90743CE52AA48BBC1B
2023-03-12T18:30:37Z,PE0SAT-JO21mr,,,90743CE52AA48BBC1B
2023-03-12T18:30:29Z,PE0SAT-11-JO21mr,7268139,431,10D636C899BADB1277130AADD9412702F0789C0531012513
2023-03-12T18:30:29Z,PE0SAT-JO21mr,,,10D636C899BADB1277130AADD9412702F0789C0531012513
2023-03-12T18:29:01Z,PF_DE_PL_ UHF_CROSS_DIPOLE-JN48iv,7268275,812,86986008660EAC216F84AE76DAA174A5D952310DA80BDB4E3D5AABF17817CAFB1E06
2023-03-12T16:50:17Z,GAO UHF-JN87hg,7267929,2410,F87E6672FC54960E0031BC97840668191A77C46B7E32A562A2B3163C0B5247A6DE6948D158D2BD838B876276DC4327D410099511AB3B4F4436E8
2023-03-12T03:03:50Z,M7RED-KO96ce,,,E2E24E2BC9431B5A98D281C0951753E3BC167A
2023-03-11T03:46:36Z,SA2KNG Experimental-KP03cu,7261585,1888,21CA04
2023-03-10T19:42:59Z,Drachten-JO33bc,7260125,2015,18153826BB2E7245969D6872479FBB
2023-03-10T06:01:18Z,PE0SAT-21-JO21mr,7257543,2173,80
2023-03-10T06:01:18Z,PE0SAT-JO21mr,,,80
2023-03-10T05:59:46Z,PE0SAT-21-JO21mr,7257543,2173,C0355D5933
2023-03-10T05:59:46Z,PE0SAT-JO21mr,,,C0355D5933
2023-03-10T04:22:53Z,GAO UHF-JN87hg,7257387,2410,80BA381B436D456A63FAC60B6E1E611A7F8CD83112C07A4AC04CCB
2023-03-09T18:39:38Z,M0GKK-IO91qf,7252621,2433,344080D347A725338161DBB82E452E80D8236DA584826E8312A7748645CB54DCEE1499133710
2023-03-09T18:29:55Z,M0GKK-IO91qf,7252621,2433,8E5C00C018CF1B558720955DDAD0D3B3A84536
2023-03-09T17:00:22Z,M0GKK-IO91qf,7252618,2433,60645AE9A8DFAA4934F1BC3A794716BD0AA5254061DCD83EC8B68F25F9B32B32A5C3
2023-03-09T16:54:22Z,M0GKK-IO91qf,7252618,2433,4070
2023-03-09T04:54:09Z,GAO UHF-JN87hg,7252704,2410,70
2023-03-09T04:54:07Z,FHAB GS1-JO66kt,7252797,1272,40A808
2023-03-08T17:38:04Z,M0GKK-IO91qf,7248655,2433,30
2023-03-08T17:36:00Z,M0GKK-IO91qf,7248655,2433,C03605DA5199256AA24A39341393EA0CDA00C511A69AF56C796F78
2023-03-08T17:35:01Z,M0GKK-IO91qf,7248655,2433,406DBB8BD75A854377DD2170
2023-03-08T07:04:57Z,M0GKK-IO91qf,7248631,2433,8072173CC1BE11F8CDA498
2023-03-08T05:33:07Z,SP7THR-UHF-KO10an,,,8EE0721C859B5224BC3A945675B4C44D7D0A06F5EF2CF877899C342C4EFD7F70E0D2A1631F705E64B8E88C364BC26325B08714E63541E95C38
2023-03-08T05:30:41Z,PE0SAT-11-JO21mr,7248770,431,40613D21
2023-03-08T05:30:41Z,PE0SAT-JO21mr,,,40613D21
2023-03-08T05:28:58Z,PF_DE_PL_ UHF_CROSS_DIPOLE-JN48iv,7248851,812,F07A19279B578D47
2023-03-08T05:25:21Z,GAO UHF-JN87hg,7248863,2410,C0644B
2023-03-07T19:45:18Z,PE0SAT-11-JO21mr,7247206,431,DEF769C7651D604AED0EF422DD
2023-03-07T19:45:18Z,PE0SAT-JO21mr,,,DEF769C7651D604AED0EF422DD
2023-03-07T19:43:04Z,PE0SAT-11-JO21mr,7247206,431,6028AD7D3D878DAC5F20
2023-03-07T19:43:04Z,PE0SAT-JO21mr,,,6028AD7D3D878DAC5F20
2023-03-07T19:00:05Z,SV1LJJ-KM18wa,,,4854CD60B9DD
2023-03-07T18:58:17Z,SV1LJJ-KM18wa,,,9425F91C44FF2FA056C2803A1A2A265C48D2324B8DC11916B6DFCE8C69583BA8C7BC95DAD8DA71CCAE3758FC64A8E6
2023-03-07T18:56:31Z,SV1LJJ-KM18wa,,,34FD10504C
2023-03-07T18:43:32Z,SV1LJJ-KM18wa,,,30D10277C7A6
2023-03-07T18:24:44Z,SV1LJJ-KM18wa,,,8087826A2254
2023-03-07T18:06:20Z,SV1LJJ-KM18wa,,,C036426C0DB6C26C2A11
2023-03-07T07:36:15Z,M0GKK-IO91qf,7244627,2433,3C9F0A357465EC3277118B8FE89E
2023-03-07T06:00:26Z,M0GKK-IO91qf,7244623,2433,39BA
2023-03-07T05:55:03Z,M0GKK-IO91qf,7244623,2433,24E518D5EB6F70D05C4D1DAAFB92AA5DD854
2023-03-07T04:20:41Z,PE0SAT-11-JO21mr,7244605,431,805A090E11A63136C63C68C1965602B5708818BC5F65619A10A7ABA01567CB
2023-03-07T04:20:41Z,PE0SAT-JO21mr,,,805A090E11A63136C63C68C1965602B5708818BC5F65619A10A7ABA01567CB
2023-03-06T18:43:49Z,PF_DE_PL_ UHF_CROSS_DIPOLE-JN48iv,7243121,812,8088E8D2BAABA5F5C7A737538D4E43327C942DB384372CCD978E507331B04690BD46A6229EC5D0CADA9DFE
2023-03-06T16:56:57Z,M0GKK-IO91qf,7239737,2433,4052F752E908C50C9723E8D1BB7CB5DC6F766B01
2023-03-06T06:43:14Z,M0GKK-IO91qf,7239714,2433,405E3979F206D023F816EEBAF3B4AB40D3A5F3106CC46C4D1AE2
2023-03-06T06:38:01Z,PE0SAT-21-JO21mr,7239999,2173,03F742CF1E08B7FA065E8818
2023-03-06T06:38:01Z,PE0SAT-JO21mr,,,03F742CF1E08B7FA065E8818
2023-03-06T06:36:52Z,PE0SAT-21-JO21mr,7239999,2173,80772FA02A1592D64494166277A87337DAB9
2023-03-06T06:36:52Z,PE0SAT-JO21mr,,,80772FA02A1592D64494166277A87337DAB9
2023-03-06T04:58:44Z,FHAB GS1-JO66kt,7239917,1272,246FA4605D
2023-03-06T04:57:33Z,PE0SAT-11-JO21mr,7239801,431,78C43F4A9DE75FE0BAA9D1
2023-03-06T04:57:33Z,PE0SAT-JO21mr,,,78C43F4A9DE75FE0BAA9D1
2023-03-06T04:54:06Z,PE0SAT-11-JO21mr,7239801,431,001C36CC975F3C7EF845A3229BE2
2023-03-06T04:54:06Z,PE0SAT-JO21mr,,,001C36CC975F3C7EF845A3229BE2
2023-03-05T19:18:30Z,PE0SAT-21-JO21mr,7238275,2173,E086F366AB
2023-03-05T19:18:30Z,PE0SAT-JO21mr,,,E086F366AB
2023-03-05T19:15:49Z,PE0SAT-11-JO21mr,7238265,431,00954ABD9891B62ECD
2023-03-05T19:15:49Z,PE0SAT-JO21mr,,,00954ABD9891B62ECD
2023-03-05T19:12:59Z,PE0SAT-11-JO21mr,7238265,431,F0961AA205
2023-03-05T19:12:59Z,PE0SAT-JO21mr,,,F0961AA205
2023-03-05T19:12:28Z,PE0SAT-11-JO21mr,7238265,431,45E28F1E5A103C5D5F30C54F8E3B64CD63BB98
2023-03-05T19:12:28Z,PE0SAT-JO21mr,,,45E28F1E5A103C5D5F30C54F8E3B64CD63BB98
2023-03-05T05:31:27Z,M0GKK-IO91qf,7235951,2433,046FA1D6EC2511A9
2023-03-05T05:27:56Z,DL1JHR-JN58tb,,,8628B3791EEC1310B5550809D77BE247902B23F2C4C16DC4FE833A2AAA457AD85F36E2D2EBC0896B3322924DDC7462C07090086DA769156FD324EE44
2023-03-05T03:58:05Z,SA2KNG Experimental-KP03cu,7235895,1888,4CF0
2023-03-05T03:54:39Z,SA2KNG Omni UHF/VHF-KP03cu,7235910,1864,E0
2023-03-04T18:09:17Z,SA2KNG Experimental-KP03cu,7234112,1888,019BB029
2023-03-04T18:07:42Z,SA2KNG Experimental-KP03cu,7234112,1888,2845C38B2DB2EC1C306A33A3
2023-03-04T18:06:49Z,SA2KNG Omni UHF/VHF-KP03cu,7234251,1864,691BEE11C177E4D646969D045B5179CBC2F55EB1BC9ED3011C4BCA2DECA8371903F4148B918358D1ED0E41B1C0
2023-03-04T07:50:25Z,M0GKK-IO91qf,7231955,2433,0091A6B350
2023-03-04T07:44:49Z,M0GKK-IO91qf,7231955,2433,80DA7AEA49E0B0FB
2023-03-04T06:07:39Z,PE0SAT-12-JO21mr,7232130,1466,C0CC08E0152F710C61D5EC82C9FBDE36268CC59641D2D59BBB9BE2EC
2023-03-04T06:07:39Z,PE0SAT-JO21mr,,,C0CC08E0152F710C61D5EC82C9FBDE36268CC59641D2D59BBB9BE2EC
2023-03-04T04:27:13Z,PE0SAT-11-JO21mr,7231933,431,00B30EB6B8
2023-03-04T04:27:13Z,PE0SAT-JO21mr,,,00B30EB6B8
2023-03-03T23:48:34Z,K2PI-FM18cq,7231185,2617,00ECC191ABEC9E9FDC48F5DF17FFAC
2023-03-03T18:46:21Z,PE0SAT-11-JO21mr,7230198,431,E0D5CA1A62E839B5E1
2023-03-03T18:46:21Z,PE0SAT-JO21mr,,,E0D5CA1A62E839B5E1
2023-03-03T18:44:23Z,M0GKK-IO91qf,7227351,2433,8C2910
2023-03-03T18:42:32Z,PE0SAT-11-JO21mr,7230198,431,1031BD1CB432F3
2023-03-03T18:42:32Z,PE0SAT-JO21mr,,,1031BD1CB432F3
2023-03-03T18:41:59Z,M0GKK-IO91qf,7227351,2433,7011501A12B788A4
2023-03-03T18:40:52Z,M0GKK-IO91qf,7227351,2433,0056BA50
2023-03-03T06:46:07Z,M0GKK-IO91qf,7227325,2433,4081E62A1B952C308BB8210FE085
2023-03-03T06:45:54Z,M0GKK-IO91qf,7227325,2433,20EA300C3925E8AC274918AE31B96B6532B9A8AC56458C977B17C3BCC5F873AB179C61EC8CD4C574BB3F33935790341068B8F3F823EB
2023-03-03T05:05:32Z,M0GKK-IO91qf,7223441,2433,1ABF424C240998E5E51179272FD6B942A4FAEA241A60C410
2023-03-03T05:04:00Z,GAO UHF-JN87hg,7227464,2410,BDBAEBBFB7284F8FBA
2023-03-03T05:00:28Z,PF_DE_PL_ UHF_CROSS_DIPOLE-JN48iv,7227453,812,DFB0D7E176992EB36FB8EAD165DBE5AB73168F8D51369F41BC
2023-03-03T04:55:15Z,PF_DE_PL_ UHF_CROSS_DIPOLE-JN48iv,7227453,812,8065C0100BCE
2023-03-03T03:22:53Z,M0GKK-IO91qf,7223437,2433,B0A9
2023-03-03T03:22:02Z,M0GKK-IO91qf,7223437,2433,CAE1D4DD8D2C6E6B6BCD9764E0E4D8913A38B762
2023-03-03T03:15:10Z,M7RED-KO96ce,,,86E3470A4A53D4C003DAAAC8AA4F6C9E6502EC1DE1EE11CEC1F9A6CB9AC5991C21322551
2023-03-02T22:06:50Z,YB8XM-PI46ch,7226563,1597,A8235DEC3BA4B18332A6CE63F1
2023-03-02T22:05:32Z,YB8XM-PI46ch,7226563,1597,0D705A6D9E93DA16AD3D70EA8E69A19903
2023-03-02T21:59:02Z,YB8XM-PI46ch,7226563,1597,80
2023-03-02T21:02:49Z,M0GKK-IO91qf,7223424,2433,404799241BA5DE6E0146941746
2023-03-02T21:01:46Z,M0GKK-BB-IO91qf,7225701,2760,138C7E788DAEAA08930DE7A8633E2483C5
2023-03-02T20:17:48Z,VK4JBE-UHF-QG62mm,7226271,1936,1CA912C9E864208B86BF98ADB02B
2023-03-02T19:22:07Z,M0GKK-IO91qf,7223420,2433,88789EE6D0780500
2023-03-02T17:45:42Z,M0GKK-IO91qf,7223414,2433,606B0652
2023-03-02T17:39:28Z,PE0SAT-21-JO21mr,7225422,2173,20160FBB9D24882BE3D81240998C6316FC64190BB637E11AB078CAC765
2023-03-02T17:39:28Z,PE0SAT-JO21mr,,,20160FBB9D24882BE3D81240998C6316FC64190BB637E11AB078CAC765
2023-03-02T05:38:01Z,PE0SAT-21-JO21mr,7223556,2173,E020AA46F6
2023-03-02T05:38:01Z,PE0SAT-JO21mr,,,E020AA46F6
2023-03-02T05:35:11Z,Drachten-JO33bc,7223691,2015,00D99E9AEDD5DAB58A7FD4E0126C51AF501AF21DD9631D43BEFF4FB22BAFF2D0DC6D8B53E4BD638345
2023-03-02T05:33:01Z,PE0SAT-11-JO21mr,7223550,431,E0C80297BF30AF6EAA5317BB79D28CF01B64
2023-03-02T05:33:01Z,PE0SAT-JO21mr,,,E0C80297BF30AF6EAA5317BB79D28CF01B64
2023-03-02T04:02:15Z,SA2KNG Experimental-KP03cu,7223458,1888,58
2023-03-02T00:22:01Z,9V1KG-OJ11xi,7222766,2650,DEF6FECD958DA83BD6B5F791EBC6901C0C23F3811BD7B110
2023-03-01T21:28:21Z,M0GKK-IO91qf,7219367,2433,E81EBA3102AB44F3E672A71ED5C96E0E4244945C
2023-03-01T20:00:46Z,M0GKK-IO91qf,7219362,2433,606F3DD5E53A9C834AB0D70A54B4F4D16B992B5E9BDB58424EF21859AAD6B0B20639E002915FAAF53AF6B7CD40
2023-03-01T18:17:35Z,PF_DE_PL_ UHF_CROSS_DIPOLE-JN48iv,7221879,812,A039BA8CFECF0C6E
2023-03-01T18:17:11Z,PF_DE_PL_ UHF_CROSS_DIPOLE-JN48iv,7221879,812,84C1740834DF30754A514C
2023-03-01T18:10:39Z,GAO UHF-JN87hg,7221853,2410,5D86A7A5D62DAA82A588AD046364
2023-03-01T18:07:19Z,M0GKK-IO91qf,7219358,2433,408A
2023-03-01T16:38:11Z,SV1LJJ-KM18wa,,,E05D06D1ADE944
2023-03-01T16:35:59Z,M0GKK-IO91qf,7219355,2433,70041D
2023-03-01T16:31:14Z,SV1LJJ-KM18wa,,,222271D16A9799
2023-03-01T06:10:41Z,PE0SAT-21-JO21mr,7219581,2173,415172028AD02310D31AEFE534B18618AAA1760BE94A029E1C6D33C27A2A
2023-03-01T06:10:41Z,PE0SAT-JO21mr,,,415172028AD02310D31AEFE534B18618AAA1760BE94A029E1C6D33C27A2A
2023-03-01T04:33:06Z,PE0SAT-21-JO21mr,7219327,2173,309C
2023-03-01T04:33:06Z,PE0SAT-JO21mr,,,309C
2023-03-01T04:32:02Z,FHAB GS1-JO66kt,7219496,1272,D0ED3E8466
2023-03-01T04:31:35Z,DL1JHR-JN58tb,,,CD698AE8C469B4F5EC44835685A5557AB426DB940B19A08F54936A989DE896
2023-03-01T04:23:11Z,GAO UHF-JN87hg,7219390,2410,933F1D378D18C0105CE1B5E71FF214
2023-02-28T18:49:05Z,FHAB GS1-JO66kt,7217986,1272,0B5133E5
2023-02-28T18:46:38Z,PE0SAT-21-JO21mr,7217870,2173,108C
2023-02-28T18:46:38Z,PE0SAT-JO21mr,,,108C
2023-02-28T17:42:03Z,SV1LJJ-KM18wa,,,803D
2023-02-28T17:17:13Z,SV1LJJ-KM18wa,,,E071841E1E517D315037E8D97A345DC6EE7C71433638694B9F209B78292DAD33AED8AA5BCD0C41A753
2023-02-28T06:43:09Z,PE0SAT-21-JO21mr,7215422,2173,4840
2023-02-28T06:43:09Z,PE0SAT-JO21mr,,,4840
2023-02-28T05:09:07Z,M0GKK-IO91qf,7211440,2433,50372D335137DDD45418
2023-02-28T05:07:41Z,Drachten-JO33bc,7215172,2015,00236D728E24C2F01E2F10DC64A6DA
2023-02-28T05:06:14Z,Drachten-JO33bc,7215172,2015,800B86669E308F1E6E241BD592187800C308F4B64CA5C219F125EC1E6764490E50CE8B0FE31863
2023-02-27T19:22:37Z,PE0SAT-21-JO21mr,7213647,2173,808C3C8187046991372D566228BCA7B39F6CB16DE085A03B15B9AEE44A2B98A324AF2A9126F8A48737B82495907C086077B5794015490BE2483A438104D755
2023-02-27T19:22:37Z,PE0SAT-JO21mr,,,808C3C8187046991372D566228BCA7B39F6CB16DE085A03B15B9AEE44A2B98A324AF2A9126F8A48737B82495907C086077B5794015490BE2483A438104D755
2023-02-27T17:45:23Z,PE0SAT-11-JO21mr,7213585,431,6081
2023-02-27T17:45:23Z,PE0SAT-JO21mr,,,6081
2023-02-27T17:43:58Z,PE0SAT-21-JO21mr,7213587,2173,A0CA7EA462EA18227EE90A102AD97A9ECA4613019B569532C4191A03B5F38A35B6978B
2023-02-27T17:43:58Z,PE0SAT-JO21mr,,,A0CA7EA462EA18227EE90A102AD97A9ECA4613019B569532C4191A03B5F38A35B6978B
2023-02-27T17:42:51Z,PE0SAT-11-JO21mr,7213585,431,3A7D00A330
2023-02-27T17:42:51Z,PE0SAT-JO21mr,,,3A7D00A330
2023-02-27T05:42:42Z,Drachten-JO33bc,7211638,2015,006C582C410B384AE004322AF9115BA60837C0
2023-02-27T05:36:58Z,Drachten-JO33bc,7211638,2015,807B37CB343E0A8859065B91674F9B2BE88D49D7008453
2023-02-27T04:02:34Z,DL1JHR-JN58tb,,,840176777AEB33DACC23BBD0931BC148
2023-02-26T18:19:54Z,FHAB GS1-JO66kt,7209952,1272,8091E616C5F951F26E2736DC4C16
2023-02-26T16:30:19Z,M7RED-KO96ce,,,D59496E310E808FD71C0C394F941694EBBBB2581F9190D5244C8413E610ED032258D67
2023-02-26T06:14:33Z,PE0SAT-11-JO21mr,7207988,431,A0ED
2023-02-26T06:14:33Z,PE0SAT-JO21mr,,,A0ED
2023-02-26T04:38:04Z,FHAB GS1-JO66kt,7207910,1272,0032C3075D
2023-02-26T04:35:18Z,FHAB GS1-JO66kt,7207910,1272,EB560243EF4D6C8F806887
2023-02-26T04:33:12Z,GAO UHF-JN87hg,7207766,2410,00508DD2283E3ADA8285ED2AD4BBAE3BE38F4AA522
2023-02-26T04:32:39Z,FHAB GS1-JO66kt,7207910,1272,9782374DE2BA1D1A3CBBC754
2023-02-26T04:32:34Z,FHAB GS1-JO66kt,7207910,1272,68E24C070A76BD01ED37AAC202F8C6E6506066BAE734F42F0E6572C10DC50479
2023-02-26T01:10:02Z,M7RED-LO33sr,,,659BA542C738AB48A53790C0026A96DC
2023-02-25T18:53:36Z,PF_DE_PL_ UHF_CROSS_DIPOLE-JN48iv,7206198,812,20BB1260
2023-02-25T18:52:29Z,Drachten-JO33bc,7206274,2015,40FB704169A8C2F23A3A724EBBB391E2BA36F5C586
2023-02-25T18:49:54Z,Drachten-JO33bc,7206274,2015,C8D10F8E0F75399F39CB0DE9BEF02B11D0D53078E3254B618F48D18A7301EE8992925B3D6565
2023-02-25T05:10:58Z,PF_DE_PL_ UHF_CROSS_DIPOLE-JN48iv,7204084,812,B003EAB94951725D16A8
2023-02-25T05:02:36Z,M0GKK-IO91qf,7198897,2433,48
2023-02-24T22:16:32Z,YB8XM-PI46ch,7202986,1597,54C36E158943792F4D476A0D4E53434500AB5B0EE5FA91E20B5B
2023-02-24T19:34:05Z,M0GKK-IO91qf,7198877,2433,70B42EB44A98981E6A8AE2ED571E69F70FB92774E6F5EA0BA3627158CF48E4D46C80
2023-02-24T19:28:36Z,M0GKK-IO91qf,7198877,2433,40
2023-02-24T19:25:43Z,PE0SAT-21-JO21mr,7202524,2173,04A41262C1F46AEAEE4C2246DCF9EB9D2230213755
2023-02-24T19:25:43Z,PE0SAT-JO21mr,,,04A41262C1F46AEAEE4C2246DCF9EB9D2230213755
2023-02-24T19:21:48Z,M0GKK-IO91qf,7198877,2433,181D975CCE5393A5D10997485DD070AE7DB90698A912A9EE
2023-02-24T04:04:31Z,PE0SAT-11-JO21mr,7198796,431,28AC851D70404DBBD171B2C33887DCC72538CE8D4C752B375E4F28AA58A4140240
2023-02-24T04:04:31Z,PE0SAT-JO21mr,,,28AC851D70404DBBD171B2C33887DCC72538CE8D4C752B375E4F28AA58A4140240
2023-02-23T19:59:02Z,M0GKK-IO91qf,7195225,2433,20
2023-02-23T16:43:59Z,M0GKK-IO91qf,7195218,2433,40680063385E6F5DFFEF
2023-02-23T10:17:17Z,YB8XM-PI46ch,7196132,1597,C6BA8AD825EC63657B674A7A2D03FE61D9DB74
2023-02-23T04:44:27Z,M0GKK-BB-IO91qf,7193933,2760,7A162F49297B53A79A8582337A99F238
2023-02-23T04:39:35Z,M0GKK-IO91qf,7191462,2433,3C
2023-02-23T04:38:43Z,M0GKK-IO91qf,7191462,2433,0075A8DAB1966F3C69BDE5245ACC9BC8F3
2023-02-23T04:35:48Z,PE0SAT-11-JO21mr,7195178,431,802C0E854C8B36CEDB70B3F949A8F4A001
2023-02-23T04:35:48Z,PE0SAT-JO21mr,,,802C0E854C8B36CEDB70B3F949A8F4A001
2023-02-22T18:59:25Z,PF_DE_PL_ UHF_CROSS_DIPOLE-JN48iv,7194053,812,8041B0
2023-02-22T18:58:14Z,PE0SAT-21-JO21mr,7194048,2173,C81D136A9FB3DABD
2023-02-22T18:58:14Z,PE0SAT-JO21mr,,,C81D136A9FB3DABD
2023-02-22T18:53:55Z,PF_DE_PL_ UHF_CROSS_DIPOLE-JN48iv,7194053,812,0014D4
2023-02-22T18:52:29Z,PF_DE_PL_ UHF_CROSS_DIPOLE-JN48iv,7194053,812,E0
2023-02-22T18:49:38Z,PF_DE_PL_ UHF_CROSS_DIPOLE-JN48iv,7194053,812,CCEA
2023-02-22T18:49:36Z,PF_DE_PL_ UHF_CROSS_DIPOLE-JN48iv,7194053,812,803919013DD658EE3DEC92454F3551A517B61A4054247155BDB6353878
2023-02-22T06:57:10Z,M0GKK-IO91qf,7191419,2433,C4D413E8E90EE38C68962E31DE7D4B8D9C9C80DB9DEDEA85BCCE
2023-02-22T06:53:01Z,M0GKK-IO91qf,7191419,2433,002B8CEA42142E84A3DC05E858D4507883AF
2023-02-21T23:52:22Z,9V1KG-OJ11xi,7190653,2650,30D58C641BCE3B6883D160BF8E74091CB41A4B58E4B691D178FFDEED38DE86A82B796708BFD7DF75A681
2023-02-21T19:27:47Z,PE0SAT-11-JO21mr,7190156,431,A8A66FB55DD785E900A60B3A54A1660B763B0631A63547F8ED65A217B38BCC7CA9968BA1B8
2023-02-21T19:27:47Z,PE0SAT-JO21mr,,,A8A66FB55DD785E900A60B3A54A1660B763B0631A63547F8ED65A217B38BCC7CA9968BA1B8
2023-02-21T17:59:13Z,GAO UHF-JN87hg,7189704,2410,E8B1194027C611540F0DB1EBCA6AB44A802C3DB9F60E119A6E6F78ACE424A51BC0128FE67ADEDBEF98B59C20AB7D1D6253F4930E
2023-02-21T17:57:03Z,GAO UHF-JN87hg,7189704,2410,00E5A2E68C468275D12B32A8753A448D039E7B
2023-02-21T17:55:38Z,SV1LJJ-KM18wa,,,A0AE6E84D0997809CB7B
2023-02-21T07:28:32Z,M0GKK-IO91qf,7187539,2433,DBD5E085ABDD8AEEDC464756
2023-02-21T05:49:10Z,M0GKK-IO91qf,7187536,2433,C8E1FDB23746767AFB9F4240959A67D4B9B3362F4D3A44E8D7062B7822DC
2023-02-21T05:47:15Z,PE0SAT-11-JO21mr,7187804,431,80427A992BF9DE6E3415B88A27ECF9B0C7EF734C1CCBC158333DD1A52D
2023-02-21T05:47:15Z,PE0SAT-JO21mr,,,80427A992BF9DE6E3415B88A27ECF9B0C7EF734C1CCBC158333DD1A52D
2023-02-21T04:07:43Z,PE0SAT-21-JO21mr,7187489,2173,A8FA85BF95231B4617EB142D0624D716D28D1EB759A0A0CD7F6B63F2FD7C2E03251DDD5B88C866FA9672F8C0A6FA264FF9704F
2023-02-21T04:07:43Z,PE0SAT-JO21mr,,,A8FA85BF95231B4617EB142D0624D716D28D1EB759A0A0CD7F6B63F2FD7C2E03251DDD5B88C866FA9672F8C0A6FA264FF9704F
2023-02-21T04:07:17Z,PE0SAT-11-JO21mr,7187488,431,34CF0A57B740
2023-02-21T04:07:17Z,PE0SAT-JO21mr,,,34CF0A57B740
2023-02-21T02:32:55Z,M0GKK-IO91qf,7183921,2433,A0B5CBA3BBCC3F7A2D73B80B2A01A22D9EA3D22542848C2598DE9F56D8376AB731984316FC4E78BB5C78
2023-02-21T02:29:08Z,M0GKK-IO91qf,7183921,2433,C8BA2725E143AC6F43D6CCE0B48AC91EB48C4004B9B0
2023-02-20T18:29:02Z,PF_DE_PL_ UHF_CROSS_DIPOLE-JN48iv,7186157,812,18D6503FE279A7B843
2023-02-20T18:28:17Z,PF_DE_PL_ UHF_CROSS_DIPOLE-JN48iv,7186157,812,C048
2023-02-20T18:24:22Z,FHAB GS1-JO66kt,7186199,1272,9ADA53DC22
2023-02-20T18:23:03Z,PE0SAT-21-JO21mr,7186094,2173,00BF
2023-02-20T18:23:03Z,PE0SAT-JO21mr,,,00BF
2023-02-20T04:45:19Z,M0GKK-IO91qf,7179952,2433,340E0810823831
2023-02-20T04:44:52Z,SA2KNG Omni UHF/VHF-KP03cu,7184081,1864,C0E154481E
2023-02-19T19:02:56Z,GAO UHF-JN87hg,7182741,2410,C0BA5780
2023-02-19T19:00:09Z,GAO UHF-JN87hg,7182741,2410,80CA39EA58C1C3E0B141CF027FFCF96DBE733C8B42971BAE168BB0D079F1C68A42750B7A
2023-02-19T18:58:17Z,PF_DE_PL_ UHF_CROSS_DIPOLE-JN48iv,7182709,812,6089573642
2023-02-19T17:25:26Z,M0GKK-IO91qf,7179930,2433,E754C5
2023-02-19T06:58:41Z,M0GKK-IO91qf,7179912,2433,48FD02634BEB1AA36DB95F915DA5B1CA
2023-02-19T06:49:50Z,M0GKK-IO91qf,7179912,2433,20B3BA53116E659AF2C68355DB66BC703E09A5EF2AF94E2F9CCB084EEAB092609AE8E015AFC5B922D07BC9DA241F85396F
2023-02-19T05:22:20Z,M0GKK-IO91qf,7179910,2433,B4ECE08F94
2023-02-19T05:16:49Z,Drachten-JO33bc,7180028,2015,202EF1E0689011E4E258FB7F2F102BB15730DE27F8AB7DAD6833
2023-02-19T05:15:14Z,M0GKK-IO91qf,7179910,2433,B075BD26
2023-02-19T05:13:56Z,PE0SAT-11-JO21mr,7180038,431,7951FA758E0A
2023-02-19T05:13:56Z,PE0SAT-JO21mr,,,7951FA758E0A
2023-02-19T03:29:53Z,M7RED-LO33sr,,,1CECF12BF2F41002A3D0D2987EA906F625798FB8616BCDF36D493B54ECEBD4A00B758B3D04B9BC
2023-02-19T00:03:42Z,9V1KG-OJ11xi,7177885,2650,805FF7048C9DE4AFBC409CC7B5
2023-02-18T05:56:48Z,M0GKK-IO91qf,7176175,2433,20E3C1A0E9C9E61EAA
2023-02-18T04:14:27Z,M0GKK-IO91qf,7172719,2433,80010773B3BACCB2C673C1B1
2023-02-18T02:25:01Z,M7RED-LO33sr,,,64220D32353E99EA0FCE8D1323D36B099E32C85354FB212FA0315050E08406FDE90DD5AD9394A2A92B196C089A58BDB576C33239194DCAB79E0E88041A182339
2023-02-17T21:03:15Z,VK5KJP-UHF-PF95gd,7175435,331,D0CBEC10914E0EED7AF46090BCDEC282297F6E20305E444D9774CC7D946975A0681446CAC4DA9A
2023-02-17T18:34:04Z,GAO UHF-JN87hg,7175046,2410,28CDFBC5187581
2023-02-17T18:24:48Z,GAO UHF-JN87hg,7175046,2410,C0
2023-02-17T04:49:24Z,Drachten-JO33bc,7172806,2015,A0D11AA5F218BB9567
2023-02-17T04:45:08Z,SA2KNG Omni UHF/VHF-KP03cu,7172886,1864,EC495600E4C84E6A6E17A9151BD25CE8B1D1A2543D9567CC3ACBF1F778515B1439E229C44FAB153B
2023-02-16T05:25:25Z,Drachten-JO33bc,7167556,2015,94198E4B98C13F461DAA59AD62F43A218E8E5F45B490A786621205A9D0DC54C16377998D2BD0D8378B67334E1BE24A8D0A58E7AF47B8AC7221DDEA0D
2023-02-15T21:12:12Z,M0GKK-IO91qf,7163392,2433,8E2E47570B2A4A06
2023-02-15T19:37:56Z,PE0SAT-11-JO21mr,7165877,431,20C98BBD8E0E9E16CCAC8B403C5E
2023-02-15T19:37:56Z,PE0SAT-JO21mr,,,20C98BBD8E0E9E16CCAC8B403C5E
2023-02-15T19:36:29Z,PE0SAT-11-JO21mr,7165877,431,18
2023-02-15T19:36:29Z,PE0SAT-JO21mr,,,18
2023-02-15T04:18:44Z,SA2KNG Omni UHF/VHF-KP03cu,7163482,1864,00531B8BDA98A5A6E146FE28AAE8D0105EAD33F6E876A5D07B7297A1703F78
2023-02-15T04:16:56Z,SA2KNG Omni UHF/VHF-KP03cu,7163482,1864,504835BD41
2023-02-14T18:37:13Z,M0GKK-IO91qf,7159006,2433,7585
2023-02-14T18:37:10Z,PE0SAT-21-JO21mr,7162006,2173,8004
2023-02-14T18:37:10Z,PE0SAT-JO21mr,,,8004
2023-02-14T18:36:06Z,M0GKK-IO91qf,7159006,2433,60DC6EE2D9ED9B17B8785148E3203EBD90B7AA96280FA3CC2D29E15089A28DD5
2023-02-14T18:30:14Z,PE0SAT-11-JO21mr,7161999,431,108D9D66B1A77208836BCF4153A9C1E4EE
2023-02-14T18:30:14Z,PE0SAT-JO21mr,,,108D9D66B1A77208836BCF4153A9C1E4EE
2023-02-14T18:29:39Z,PF_DE_PL_ UHF_CROSS_DIPOLE-JN48iv,7162087,812,D0695D6983180B9C7FACD77BB9964594567B1D5D5092
2023-02-14T18:29:08Z,M0GKK-IO91qf,7159006,2433,A0042B432184842C1825FF88E3D6F7
2023-02-14T18:29:00Z,M0GKK-IO91qf,7159006,2433,009E78055F4B55A57B47E9
2023-02-14T16:51:44Z,M0GKK-IO91qf,7159002,2433,4007237146442B10196081B4957AC788472F36D5B9346FE2FE9084BC0D21
2023-02-14T06:26:18Z,M0GKK-IO91qf,7158985,2433,80EAF1C065B32AFBB0
2023-02-14T04:51:23Z,PE0SAT-21-JO21mr,7159088,2173,33D2412434
2023-02-14T04:51:23Z,PE0SAT-JO21mr,,,33D2412434
2023-02-14T04:51:15Z,Drachten-JO33bc,7159122,2015,AE73DB7B924B2BB2447218BBDA4E2EA08DE55DCDAA0153682B476E60C88C8A422EE2493AAD2DE00C241871C0858E
2023-02-14T04:40:52Z,GAO UHF-JN87hg,7159095,2410,40580D45A8100E849D1C
2023-02-13T21:53:26Z,YB8XM-PI46ch,7158223,1597,8006A8AE0C
2023-02-13T19:07:50Z,PE0SAT-11-JO21mr,7157168,431,AE
2023-02-13T19:07:50Z,PE0SAT-JO21mr,,,AE
2023-02-13T19:07:18Z,PE0SAT-21-JO21mr,7157170,2173,6803E5A54E0717DD0CF1C803D3C0C2BD54FE8000
2023-02-13T19:07:18Z,PE0SAT-JO21mr,,,6803E5A54E0717DD0CF1C803D3C0C2BD54FE8000
2023-02-13T19:06:01Z,PE0SAT-21-JO21mr,7157170,2173,876BECE72036DCEC
2023-02-13T19:06:01Z,PE0SAT-JO21mr,,,876BECE72036DCEC
2023-02-13T05:27:39Z,PE0SAT-21-JO21mr,7155050,2173,FA8D5C
2023-02-13T05:27:39Z,PE0SAT-JO21mr,,,FA8D5C
2023-02-13T05:24:50Z,M0GKK-IO91qf,7154901,2433,6066DB632062B6A3C00C
2023-02-13T05:24:15Z,PF_DE_PL_ UHF_CROSS_DIPOLE-JN48iv,7155143,812,30FB17DE261DAD591C11
2023-02-13T05:22:30Z,M0GKK-IO91qf,7154901,2433,4071C018D806B5ED25EF8D77050E04
2023-02-13T05:22:24Z,M0GKK-IO91qf,7154901,2433,D78702D0332F2952FD52EEBA
2023-02-13T05:21:04Z,PE0SAT-21-JO21mr,7155050,2173,E0B2
2023-02-13T05:21:04Z,PE0SAT-JO21mr,,,E0B2
2023-02-13T05:20:53Z,PE0SAT-11-JO21mr,7155045,431,43AD
2023-02-13T05:20:53Z,PE0SAT-JO21mr,,,43AD
2023-02-13T02:06:57Z,EU1XX-KO33ru,,,34689B1066E25B228D6E
2023-02-12T18:07:49Z,GAO UHF-JN87hg,7153214,2410,807A7637CA38AFA998A599C9
2023-02-12T18:07:09Z,M0GKK-IO91qf,7150862,2433,8CD4DE9FBDCC7EDE8C68DBBD892BC860BC0A
2023-02-12T17:58:34Z,SA2KNG Omni UHF/VHF-KP03cu,7153166,1864,00FAF76A4886B22AF1BA0CC0A7E4
2023-02-12T17:57:31Z,SA2KNG Omni UHF/VHF-KP03cu,7153166,1864,10CE1B56
2023-02-12T16:23:13Z,EU1XX-KO33ru,,,DFCAF6E0AA36151541C0BBBC339075B7
2023-02-12T16:22:59Z,EU1XX-KO33ru,,,E23A9FEC35F90B07919988F84D75
2023-02-12T11:29:39Z,9V1KG-OJ11xi,7150993,2650,6DEB49E69024A986D945139564
2023-02-12T09:56:31Z,YB8XM-PI46ch,7150352,1597,532883BAB6D0BB9DC86D3A66
2023-02-12T05:52:25Z,M0GKK-IO91qf,7150840,2433,6801D7782746D98DBC491D61D45E435AAD9D5C85A84C255964280809FBDB35AA26541FC593054506DED28BA9134106211596
2023-02-12T04:21:35Z,SA2KNG Omni UHF/VHF-KP03cu,7150999,1864,A05084465024676B2D1EB1652DB5D96228CF96C4BBC0A223BA2B6DDC09272438A94228
2023-02-12T04:20:32Z,PE0SAT-21-JO21mr,7150900,2173,15200FE636
2023-02-12T04:20:32Z,PE0SAT-JO21mr,,,15200FE636
2023-02-12T02:44:45Z,M0GKK-IO91qf,7146518,2433,AC0127
2023-02-11T18:33:05Z,FHAB GS1-JO66kt,7149627,1272,8099F0B021AF36C9641C6602
2023-02-11T17:02:12Z,Apomahon-KM18ub,7144209,6,94A7163341160DC54ACFA01B71262281CAEDED95E495962E6768EC805423790BEE154812146913B03D2910180F67F46C7BEF19D508AE
2023-02-11T17:01:32Z,M0GKK-IO91qf,7146496,2433,150D2CA6670F320F58E875120E9AD8F8E176000F
2023-02-11T16:55:10Z,M0GKK-IO91qf,7146496,2433,00
2023-02-11T16:49:13Z,M7RED-LO33sr,,,A5B1528D5E112613B51CE5144B9BC1EAFD7962DF961D187A1F7B5BA7D19483BC
2023-02-11T08:14:36Z,M0GKK-IO91qf,7146479,2433,40
2023-02-11T06:34:48Z,M0GKK-IO91qf,7146476,2433,42CC5CAC9F
2023-02-11T06:31:59Z,M0GKK-IO91qf,7146476,2433,802C608579A2F7
2023-02-11T06:31:41Z,PE0SAT-11-JO21mr,7146803,431,26811394
2023-02-11T06:31:41Z,PE0SAT-JO21mr,,,26811394
2023-02-11T06:30:16Z,M0GKK-IO91qf,7146476,2433,E0698D58672B65E7542E01D159414ED701510D062C4490
2023-02-11T04:57:14Z,PE0SAT-11-JO21mr,7146624,431,408B462E
2023-02-11T04:57:14Z,PE0SAT-JO21mr,,,408B462E
2023-02-11T03:21:04Z,M0GKK-IO91qf,7141845,2433,F0581E46B1C037796D0178D197D4EE264872F1753385E15D
2023-02-11T03:13:01Z,M0GKK-IO91qf,7141845,2433,00DA8A0AD876B4C13CBA5B75D900AEF1926CB249072B1D1E49B8E4757D1000591486C4
2023-02-11T00:17:01Z,MAUSyagi-FN32ig,7146007,2134,00F6E22DB18257A3FB
2023-02-10T19:11:05Z,PE0SAT-11-JO21mr,7144295,431,0074ABDE627C760B5990711612
2023-02-10T19:11:05Z,PE0SAT-JO21mr,,,0074ABDE627C760B5990711612
2023-02-10T10:26:43Z,MAUSyagi-FN32ig,7142876,2134,A039BFB5F0
2023-02-09T18:02:22Z,GAO UHF-JN87hg,7140302,2410,80FFBEBC24AC3906BF37F496
2023-02-09T18:00:57Z,GAO UHF-JN87hg,7140302,2410,C484FCA6
2023-02-09T04:26:07Z,SA2KNG Omni UHF/VHF-KP03cu,7138111,1864,30030C1241C867277AC6B0779579CE4DD56DB6AB00A48AB234A9330B5B1044
2023-02-09T04:24:37Z,SA2KNG Omni UHF/VHF-KP03cu,7138111,1864,A091
2023-02-09T04:19:28Z,M0GKK-IO91qf,7133238,2433,A831EB
2023-02-08T23:30:46Z,SA2KNG Omni UHF/VHF-KP03cu,7137479,1864,600E7F8BB647
2023-02-08T18:42:40Z,PE0SAT-11-JO21mr,7135671,431,76
2023-02-08T18:42:40Z,PE0SAT-JO21mr,,,76
2023-02-08T18:40:15Z,SA2KNG Experimental-KP03cu,7136465,1888,806B487B6531C58207BC1DC121330065A8457F36BF39766C698947
2023-02-08T18:39:47Z,PE0SAT-11-JO21mr,7135671,431,4CD3A01A1CE45A2513125C4B66
2023-02-08T18:39:47Z,PE0SAT-JO21mr,,,4CD3A01A1CE45A2513125C4B66
2023-02-08T05:03:22Z,PF_DE_PL_ UHF_CROSS_DIPOLE-JN48iv,7133337,812,00549EF69A91284FACE2025E08FC163A972CA63696B2
2023-02-08T05:02:48Z,PF_DE_PL_ UHF_CROSS_DIPOLE-JN48iv,7133337,812,00DBF8FD
2023-02-08T05:02:09Z,M0GKK-IO91qf,7128591,2433,00DD8186505DABDC0F89C376C3E942A03B565C01477A7C37B55E5B292F05272FF8DA6BDBF15488AE
2023-02-08T05:02:03Z,M0GKK-IO91qf,7128591,2433,80221174361C80919CEC5EDAF813C99C63
2023-02-08T04:59:33Z,GAO UHF-JN87hg,7133341,2410,700DDC8E27E3ABA2518092C72A4A762973E630B37E68C6AB256BF586A10E5182E3EE22
2023-02-08T04:50:14Z,GAO UHF-JN87hg,7133341,2410,0EB4F2BE04068BA3F6
2023-02-08T03:12:34Z,M7RED-LO33sr,,,A2182A8FD495352EE33003B2BA293467E3
2023-02-08T00:21:54Z,MAUSyagi-FN32ig,7132651,2134,28
2023-02-08T00:20:17Z,MAUSyagi-FN32ig,7132651,2134,238F78875D6B7CF4C1283295
2023-02-07T17:31:23Z,M0GKK-IO91qf,7128569,2433,B84E95309B5CA9D3311ED417D246504F50A345E12E812431DBBE
2023-02-07T10:31:24Z,MAUSyagi-FN32ig,7129573,2134,6C03CC
2023-02-07T07:06:25Z,M0GKK-IO91qf,7128553,2433,80F6D6653413D003115D33
2023-02-07T05:35:05Z,M0GKK-IO91qf,7128550,2433,90AD379A
2023-02-07T05:34:49Z,PE0SAT-21-JO21mr,7128707,2173,A9D147B9CF556B1476E85E3963673FC562E93AD391EA
2023-02-07T05:34:49Z,PE0SAT-JO21mr,,,A9D147B9CF556B1476E85E3963673FC562E93AD391EA
2023-02-07T05:32:16Z,PE0SAT-11-JO21mr,7128700,431,401EE055C21A6E6D24D46DA8B238B07B77286B4874AAE5AA6D509B8D96
2023-02-07T05:32:16Z,PE0SAT-JO21mr,,,401EE055C21A6E6D24D46DA8B238B07B77286B4874AAE5AA6D509B8D96
2023-02-07T05:30:03Z,M0GKK-IO91qf,7128550,2433,80F36D
2023-02-07T05:29:43Z,M0GKK-IO91qf,7128550,2433,004F60F749F75010
2023-02-07T05:28:13Z,M0GKK-IO91qf,7128550,2433,50D52211A7BD60CA1B92D951DEE05E207649987225
2023-02-07T03:59:23Z,M0GKK-IO91qf,7124672,2433,C853C3CE23618D24AA6511E2E6F2F076DEE2134C0DAFACE43CDDD0E14885589ADE
2023-02-07T03:55:43Z,SA2KNG Experimental-KP03cu,7128623,1888,39E66AE93AB184F4E5
2023-02-07T03:52:12Z,M0GKK-IO91qf,7124672,2433,DA19A919C130A8108AADE4
2023-02-07T00:54:30Z,MAUSyagi-FN32ig,7128033,1675,C0110B1C737937D6
2023-02-06T23:14:37Z,MAUSyagi-FN32ig,7127552,1675,00
2023-02-06T23:12:54Z,MAUSyagi-FN32ig,7127539,2134,58655A9795A6A93A57890413BA5D20EBB6A21A56B4
2023-02-06T18:15:40Z,M0GKK-IO91qf,7124652,2433,80A32D50A0F9748AB83B
2023-02-06T11:08:04Z,MAUSyagi-FN32ig,7125586,1675,A07D2EC86041BC06AFC65D316B3D5CA92B113D
2023-02-06T04:29:44Z,PE0SAT-11-JO21mr,7124684,431,A02047F19C014CD7AB04
2023-02-06T04:29:44Z,PE0SAT-JO21mr,,,A02047F19C014CD7AB04
2023-02-06T04:28:31Z,PE0SAT-21-JO21mr,7124690,2173,886CCD52
2023-02-06T04:28:31Z,PE0SAT-JO21mr,,,886CCD52
2023-02-06T04:25:19Z,GAO UHF-JN87hg,7124708,2410,0DF398BA21CAEE
2023-02-05T23:33:13Z,SA2KNG Omni UHF/VHF-KP03cu,7124179,1864,B490889B5E31B4C9A2D3DD3BBF181E37A305DA1EA6876B6F8BEBDA64
2023-02-05T18:43:35Z,FHAB GS1-JO66kt,7123533,1272,745D
2023-02-05T18:42:56Z,PF_DE_PL_ UHF_CROSS_DIPOLE-JN48iv,7123286,812,80F496C9CE903E84F3C9F0055BD5949B2C7123FA3AAFB9
2023-02-05T17:10:16Z,M0GKK-IO91qf,7120656,2433,40F56072894CBCB18C
2023-02-05T06:42:44Z,PE0SAT-11-JO21mr,7120953,431,80D9D4E0F38EABD9BA12282DA9613844
2023-02-05T06:42:44Z,PE0SAT-JO21mr,,,80D9D4E0F38EABD9BA12282DA9613844
2023-02-05T06:41:30Z,PE0SAT-11-JO21mr,7120953,431,4075
2023-02-05T06:41:30Z,PE0SAT-JO21mr,,,4075
2023-02-05T06:40:32Z,PE0SAT-21-JO21mr,7120963,2173,AAAA6BA2B181DD32395B344F48F580C907C8
2023-02-05T06:40:32Z,PE0SAT-JO21mr,,,AAAA6BA2B181DD32395B344F48F580C907C8
2023-02-05T03:25:11Z,SA2KNG Experimental-KP03cu,7120713,1888,3034BE032F2558F43CD9
2023-02-05T03:23:24Z,SA2KNG Experimental-KP03cu,7120713,1888,94F94C88C4
2023-02-03T19:58:05Z,M0GKK-IO91qf,7112806,2433,80BEBE04
2023-02-03T19:54:45Z,M0GKK-IO91qf,7112806,2433,7382
2023-02-03T18:13:45Z,M0GKK-IO91qf,7112803,2433,A08800C757
2023-02-03T18:10:34Z,SA2KNG Experimental-KP03cu,7115186,1888,616E2C77D5C6DB48D8881C2BCA3AE04BB113E0EFA99D51220DB97D0E0E3E892DCBBC396642384572D2C3D3721C1F
2023-02-03T16:34:24Z,M0GKK-IO91qf,7112800,2433,19E231847271
2023-02-03T06:13:29Z,M0GKK-IO91qf,7112782,2433,081BA9B2A69C79318BD1
2023-02-03T04:32:15Z,PE0SAT-21-JO21mr,7112836,2173,A01A00CF11DF
2023-02-03T04:32:15Z,PE0SAT-JO21mr,,,A01A00CF11DF
2023-02-03T04:28:29Z,FHAB GS1-JO66kt,7113045,1272,C0290BAD0429C903590843CC2850E3
2023-02-03T01:11:23Z,EU1XX-KO33ru,,,46879C6AF6A51B964C586D2CD4816C3101
2023-02-02T18:50:34Z,PE0SAT-21-JO21mr,7111281,2173,F02694231098E774
2023-02-02T18:50:34Z,PE0SAT-JO21mr,,,F02694231098E774
2023-02-02T18:45:39Z,FHAB GS1-JO66kt,7111433,1272,201CBCDC7789C1D828944646E7A84EAA58
2023-02-02T18:45:19Z,FHAB GS1-JO66kt,7111433,1272,CA89CCA02B6AB79C54E33D118E0919AFEC35AFAC
2023-02-02T17:07:27Z,M0GKK-IO91qf,7108970,2433,52D239D4430814D9EBD761F1F2303B1A561DD992A0CB1409
2023-02-02T10:04:35Z,MAUSyagi-FN32ig,7110023,2051,C0BCB483D98491E5F0DCE8C872831C4B8B38D72A63
2023-02-02T00:27:02Z,MAUSyagi-FN32ig,7108463,2134,A4E4
2023-02-01T17:43:27Z,PE0SAT-21-JO21mr,7107247,2173,E0485A496D0613
2023-02-01T17:43:27Z,PE0SAT-JO21mr,,,E0485A496D0613
2023-02-01T17:39:22Z,SA2KNG Experimental-KP03cu,7107430,1888,CCB1218669D460D7D59C11EAA8051DFCD8D4507623BF
2023-02-01T10:41:11Z,MAUSyagi-FN32ig,7106093,1675,009A93C9DC3A5E19C1874ADECCF960F6D7DCE859CE
2023-02-01T07:25:43Z,M0GKK-IO91qf,7105243,2433,AE9064B0A09A609C6EA6968640E103F05000000000010042454157483258504D16C4E554B14014C708D449000000000000000000000000000000000000009E83F22DF3B3F3FFF302F0B2F3EEF23FF3FFF312F303F0FFF321F3FFF368F1A8F002F048F368F1ACF010F314F3FFF346F3A8F3FFF394FFE4FF440050DA6DFD44FF37000000000000000305010601050200000000F0
2023-02-01T07:23:27Z,M0GKK-IO91qf,7105243,2433,AE9064B0A09A609C6EA6968640E103F05000000000010042454157483258504D16C4E554A924049ED3D349000000000000000000000000000000000000009EFFF378F3ADF3FFF303F0B8F311F334F3C9F301F303F082F258F3FFF366F1AFF0FFF34DF367F1B1F00FF314F302F049F3D9F3FFF398FF88FF140080DBBEFC83FF7E000000000000000305010601050200000000F0
2023-02-01T07:22:19Z,M0GKK-IO91qf,7105243,2433,AE9064B0A09A609C6EA6968640E103F05000000000010042454157483258504D16C4E554A816030DB9D349000000000000000000000000000000000000009EFFF381F3FFF3FFF303F0FFF3FFF356F3FFF3FFF302F0FFF381F3FFF365F1BFF0FFF347F366F1C1F00FF317F3FFF33FF3D3F3FFF3D0FFB8FF74FF30DCA3FDDFFF1F000000000000000305010601050200000000F0
2023-02-01T05:45:55Z,M0GKK-BB-IO91qf,7103692,2760,AE9064B0A09A609C6EA6968640E103F05000000000010042454157483258504D16C4E552D15213DAE5CA49000000000000000000000000000000000000009EFFF384F3FFF3F9F202F0BDF3FFF358F37BF3FFF303F0FFF360F3FFF367F1BBF0FFF353F367F1BBF00EF317F3FFF349F3C9F3DFF20C009CFF0C0070DB1CFD2BFF42000000000000000305010601050200000000F0
2023-02-01T05:44:47Z,M0GKK-BB-IO91qf,7103692,2760,AE9064B0A09A609C6EA6968640E103F05000000000010042454157483258504D16C4E552D0441047CBCA49000000000000000000000000000000000000009E34F380F3FFF3FFF302F0FFF3FFF356F3FFF3FFF303F02EF380F3FFF366F1C1F0FFF347F366F1C2F00FF316F3FFF33FF3CDF3FFF364FFC0FF9CFF10DCACFD32000E000000000000000305010601050200000000F0
2023-02-01T05:44:47Z,M0GKK-IO91qf,7105241,2433,AE9064B0A09A609C6EA6968640E103F05000000000010042454157483258504D16C4E552D0441047CBCA49000000000000000000000000000000000000009E34F380F3FFF3FFF302F0FFF3FFF356F3FFF3FFF303F02EF380F3FFF366F1C1F0FFF347F366F1C2F00FF316F3FFF33FF3CDF3FFF364FFC0FF9CFF10DCACFD32000E000000000000000305010601050200000000F0
2023-02-01T05:44:41Z,M0GKK-BB-IO91qf,7103692,2760,AE9064B0A09A609C6EA6968640E103F000
2023-01-31T23:24:37Z,MAUSyagi-FN32ig,7104283,2051,E0F13CAE44D98F1E8B400D648B
2023-01-31T23:19:59Z,MAUSyagi-FN32ig,7104267,1675,C0F1662C41DFCC4590E4
2023-01-31T21:40:03Z,M0GKK-IO91qf,7101317,2433,C019189CB64779769A
2023-01-31T18:17:36Z,PF_DE_PL_ UHF_CROSS_DIPOLE-JN48iv,7103760,812,24D49675E76A82A3A103048D46
2023-01-31T18:17:25Z,PE0SAT-11-JO21mr,7103777,431,34B73993EF0C97777663D5D1D93276381D75
2023-01-31T18:17:25Z,PE0SAT-JO21mr,,,34B73993EF0C97777663D5D1D93276381D75
2023-01-31T18:15:50Z,SA2KNG Omni UHF/VHF-KP03cu,7103838,1864,9D6AA4C47B60470F0FA8C1A30B
2023-01-31T11:12:59Z,MAUSyagi-FN32ig,7101584,2134,006C09EE8D849B573BD9ED483D3C1D
2023-01-31T11:10:34Z,MAUSyagi-FN32ig,7101607,1675,009AB926
2023-01-31T10:13:28Z,YB8XM-PI46ch,7102377,1597,00
2023-01-31T07:57:56Z,M0GKK-IO91qf,7099542,2433,80DE89C6F4C94499D72EDE79BD435D2AA55CD2B44293B6C25B
2023-01-31T06:10:59Z,PE0SAT-11-JO21mr,7101679,431,80
2023-01-31T06:10:59Z,PE0SAT-JO21mr,,,80
2023-01-31T04:36:37Z,SA2KNG Experimental-KP03cu,7101425,1888,00BC68D82040388EDD63425D85C0B9B19003889B3428BF
2023-01-31T02:57:40Z,SA2KNG Omni UHF/VHF-KP03cu,7101236,1864,4081884E84DF7A82C18A0A19D75BE4A92A7056E272762074BC43
2023-01-31T02:55:55Z,EU1XX-KO33ru,,,AE7FA666DE5100A2A58AF46CCB202419B8D26F4A8E121817E9CC139869F6AFEE6FF5CADB0DA10BDD46EC36DD41B8A595A2A5633ABCE9342B990B5193C5193B3D1C81D340196538
2023-01-31T00:05:02Z,AB3ZW-FM19ul,7100825,2302,C869BA560BB9503E017B495C071D1A727669EFB9326449F182A30C99730718501D
2023-01-30T23:53:29Z,MAUSyagi-FN32ig,7100875,2051,0040AE518BADBCD3ABB0
2023-01-30T18:47:40Z,SA2KNG Experimental-KP03cu,7099964,1888,C052170C67DB97478869C0D6C16C
2023-01-30T18:47:02Z,PF_DE_PL_ UHF_CROSS_DIPOLE-JN48iv,7099974,812,AA0D801ACC40526B5738F364CD08BCD6782F438B60EEAD076D4C6A5334CE479D
2023-01-30T15:26:47Z,M7RED-LO33sr,,,821885509CA1B3E7EF43663CC143E3E2F3C3949644BD280B9DE33595
2023-01-30T11:47:28Z,MAUSyagi-FN32ig,7098462,1675,C4C9
2023-01-29T17:49:26Z,PE0SAT-21-JO21mr,7095461,2173,00436D3B53310D00
2023-01-29T17:49:26Z,PE0SAT-JO21mr,,,00436D3B53310D00
2023-01-29T05:45:21Z,PE0SAT-21-JO21mr,7093564,2173,00936906042C44AC2D415BDB541BE848225EF8BD
2023-01-29T05:45:21Z,PE0SAT-JO21mr,,,00936906042C44AC2D415BDB541BE848225EF8BD
2023-01-29T05:41:44Z,M0GKK-IO91qf,7091392,2433,E0EA52
2023-01-29T05:40:32Z,PE0SAT-21-JO21mr,7093564,2173,205753716899CC09
2023-01-29T05:40:32Z,PE0SAT-JO21mr,,,205753716899CC09
2023-01-29T04:04:00Z,GAO UHF-JN87hg,7093472,2410,C080010C02800C080200000000000000
2023-01-29T04:03:54Z,GAO UHF-JN87hg,7093472,2410,C080010C02800C080200000000000000
2023-01-29T04:03:09Z,GAO UHF-JN87hg,7093472,2410,C080010C02800C080200000000000000
2023-01-29T03:56:16Z,GAO UHF-JN87hg,7093472,2410,C0F87F
2023-01-28T18:28:55Z,M0GKK-IO91qf,7091366,2433,C072360DE4
2023-01-28T02:58:36Z,UX5UL-KO50ei,,,C0800206022C03020000
2023-01-27T18:57:34Z,PE0SAT-11-JO21mr,7087460,431,C0AE81C0A82BED07965FCB218F38DD4D97BAE24EB0968B60C4383483806F3A0D0837414F8657
2023-01-27T18:57:34Z,PE0SAT-JO21mr,,,C0AE81C0A82BED07965FCB218F38DD4D97BAE24EB0968B60C4383483806F3A0D0837414F8657
2023-01-27T10:12:51Z,MAUSyagi-FN32ig,7085880,1675,0FCE81A4241597A7662FADB36A666B
2023-01-27T10:11:48Z,MAUSyagi-FN32ig,7085884,2051,80
2023-01-27T05:13:41Z,PE0SAT-11-JO21mr,7085104,431,F0B069D1F6186DEB91216EE406DA618CDF3C15DCFBE614038EC2CC48A2891F971F3C
2023-01-27T05:13:41Z,PE0SAT-JO21mr,,,F0B069D1F6186DEB91216EE406DA618CDF3C15DCFBE614038EC2CC48A2891F971F3C
2023-01-27T05:11:00Z,IU0JIW-JN61hl,,,FCA39AB6BC3A16DA48DA20236941943D253215CE6D0F0D561E1D24C65529F898A5D86B2E492603AC4B2F637C811151276A94A70858D385743585299B1C7B02FF
2023-01-27T05:09:52Z,IU0JIW-JN61hl,,,C21DE2FA4F1AE3767097B18AC879AE114514BD36C5ABD2BD1A5F273428DDB2
2023-01-27T03:36:52Z,SA2KNG Omni UHF/VHF-KP03cu,7084973,1864,C0CAB9823D0B099A6D50E3C4
2023-01-27T03:35:05Z,SA2KNG Omni UHF/VHF-KP03cu,7084973,1864,00B61FC3AC8087979555DBCA55260D
2023-01-26T17:57:27Z,M0GKK-IO91qf,7083140,2433,2846
2023-01-26T17:50:58Z,PE0SAT-21-JO21mr,7083595,2173,F8B1D46B
2023-01-26T17:50:58Z,PE0SAT-JO21mr,,,F8B1D46B
2023-01-26T17:50:36Z,PE0SAT-11-JO21mr,7083592,431,88004166EAB38EAD66EBFC6E211535
2023-01-26T17:50:36Z,PE0SAT-JO21mr,,,88004166EAB38EAD66EBFC6E211535
2023-01-26T10:46:46Z,MAUSyagi-FN32ig,7082273,1675,002A4D1D06ECAE1E305B58
2023-01-26T10:43:19Z,MAUSyagi-FN32ig,7082285,2051,50698EF1620D6AF15C11EC12
2023-01-26T05:46:15Z,PE0SAT-21-JO21mr,7081418,2173,807D1938B09C19750C
2023-01-26T05:46:15Z,PE0SAT-JO21mr,,,807D1938B09C19750C
2023-01-26T04:04:24Z,UX5UL-KO50ei,,,C080010C02800C080200000000000000
2023-01-26T04:04:07Z,UX5UL-KO50ei,,,C080010C02800C080200000000000000
2023-01-26T04:03:54Z,UX5UL-KO50ei,,,C080010C02800C0802000000D0070000
2023-01-26T04:03:42Z,UX5UL-KO50ei,,,C080010C02800C080200000000000000
2023-01-26T04:03:29Z,UX5UL-KO50ei,,,C080010C02800C0802000000D0070000
2023-01-26T04:01:38Z,UX5UL-KO50ei,,,C080010C02800C080200000000000000
2023-01-26T02:24:13Z,UX5UL-KO50ei,,,C080010C02800C080200000000000000
2023-01-25T18:29:18Z,PE0SAT-21-JO21mr,7079800,2173,4A27C2B9D9A3CF596355C944
2023-01-25T18:29:18Z,PE0SAT-JO21mr,,,4A27C2B9D9A3CF596355C944
2023-01-25T18:26:16Z,PE0SAT-11-JO21mr,7079788,431,7869A65379
2023-01-25T18:26:16Z,PE0SAT-JO21mr,,,7869A65379
2023-01-25T18:24:34Z,PE0SAT-21-JO21mr,7079800,2173,E252FB5E308C4E5E5381
2023-01-25T18:24:34Z,PE0SAT-JO21mr,,,E252FB5E308C4E5E5381
2023-01-25T18:23:42Z,PE0SAT-21-JO21mr,7079800,2173,04565721B9B79373B0EAA6A3DC87D7A5640D9B7970
2023-01-25T18:23:42Z,PE0SAT-JO21mr,,,04565721B9B79373B0EAA6A3DC87D7A5640D9B7970
2023-01-25T11:19:02Z,MAUSyagi-FN32ig,7078267,2134,E06CF979513B8FE1A6AC
2023-01-25T08:03:35Z,M0GKK-IO91qf,7074933,2433,C080010C02800C080200000000000000
2023-01-25T08:01:42Z,M0GKK-BB-IO91qf,7075334,2760,C080010C02800C0802000000E8030000
2023-01-25T08:01:39Z,M0GKK-IO91qf,7074933,2433,C080010C02800C0802000000E8030000
2023-01-25T06:23:35Z,PE0SAT-11-JO21mr,7077809,431,0072C4
2023-01-25T06:23:35Z,PE0SAT-JO21mr,,,0072C4
2023-01-25T06:19:28Z,PE0SAT-21-JO21mr,7077817,2173,008C22D4DBF12552F3AE465F9733A06C641EE00EE78C5C2E6D28BE03F8
2023-01-25T06:19:28Z,PE0SAT-JO21mr,,,008C22D4DBF12552F3AE465F9733A06C641EE00EE78C5C2E6D28BE03F8
2023-01-25T04:40:44Z,PE0SAT-11-JO21mr,7077601,431,80C9F4E6
2023-01-25T04:40:44Z,PE0SAT-JO21mr,,,80C9F4E6
2023-01-24T23:51:14Z,SA2KNG Omni UHF/VHF-KP03cu,7077070,1864,D0E1668AD27AB85574A117BEBA1EABB605EFB15C024A
2023-01-24T19:03:31Z,PE0SAT-11-JO21mr,7075481,431,10DAF3
2023-01-24T19:03:31Z,PE0SAT-JO21mr,,,10DAF3
2023-01-24T10:14:10Z,MAUSyagi-FN32ig,7073951,2051,BAE8264F1C69DAFA317233
2023-01-24T05:13:44Z,M0GKK-BB-IO91qf,7071410,2760,C080010C02800C0802000000D0070000
2023-01-24T05:13:25Z,IZ1VWE-JN44lj,,,C080010C02800C0802000000D0070000
2023-01-24T05:13:22Z,M0GKK-BB-IO91qf,7071410,2760,C080010C02800C0802000000D0070000
2023-01-24T05:13:08Z,M0GKK-BB-IO91qf,7071410,2760,C080010C02800C080200000000000000
2023-01-23T22:16:49Z,YB8XM-PI46ch,7072381,1597,8B1185D3CCC548E4893F9B1A8F
2023-01-23T17:51:31Z,M0GKK-IO91qf,7070814,2433,074E7AF3BF02BBD2CF6434ACCAA8FEB11ACD1201B1
2023-01-23T17:49:18Z,M0GKK-IO91qf,7070814,2433,10727A2F3898EFA4C87AE48C9C9CF2E23C
2023-01-23T04:16:30Z,SA2KNG Omni UHF/VHF-KP03cu,7069400,1864,88905249AE873C382F556AD71581A2246975D431645D4427C806CC1A75CD49BE965C7035ACBCD7F3266F1A10FD5E4561951023E63A1C67AD1B8C5B7587B3BD35DD13D22AECA57023C7B3D8AC76B1706E7F1CB5624A13
2023-01-23T04:16:05Z,M0GKK-IO91qf,7066242,2433,78E2723213B2AFDE
2023-01-23T04:14:36Z,SA2KNG Omni UHF/VHF-KP03cu,7069400,1864,68F22E0C
2023-01-23T04:10:57Z,SA2KNG Omni UHF/VHF-KP03cu,7069400,1864,805EDD
2023-01-23T02:38:11Z,M0GKK-IO91qf,7066239,2433,50146AF3CF46
2023-01-23T02:34:10Z,M0GKK-IO91qf,7066239,2433,580E45AF0133D3
2023-01-22T23:35:51Z,MAUSyagi-FN32ig,7068462,1675,C0800206022C03020000
2023-01-22T23:33:03Z,MAUSyagi-FN32ig,7068452,2134,C0F850F1D5D2628521A432AC4B260DA008768E4B7565
2023-01-22T23:32:41Z,MAUSyagi-FN32ig,7068466,2051,C0EB173E54ABE5683EAE447117A82EACCB96
2023-01-22T23:32:11Z,MAUSyagi-FN32ig,7068452,2134,ECA64ABA2C
2023-01-22T18:26:57Z,FHAB GS1-JO66kt,7067769,1272,0449
2023-01-22T18:26:50Z,FHAB GS1-JO66kt,7067769,1272,00922B47772D111E8292
2023-01-22T18:26:47Z,SA2KNG Experimental-KP03cu,7067933,1888,00F0C7520E07
2023-01-22T06:31:10Z,M0GKK-IO91qf,7062074,2433,E002E119C13B302301266F6FFE385B212AD562C9ADF509B2722FC8
2023-01-22T04:45:07Z,GAO UHF-JN87hg,7064641,2410,C080010C02800C080200000000000000
2023-01-22T04:45:00Z,SP7THR-UHF-KO10an,7061379,2012,C080010C02800C080200000000000000
2023-01-22T04:45:00Z,UX5UL-KO50ei,,,C080010C02800C080200000000000000
2023-01-22T04:44:59Z,M0GKK-BB-IO91qf,7062657,2760,C080010C02800C080200000000000000
2023-01-22T04:41:57Z,GAO UHF-JN87hg,7064641,2410,68C8AABBD8
2023-01-22T01:31:13Z,EU1XX-KO33ru,,,C080010C02800C080200000000000000
2023-01-22T01:30:48Z,EU1XX-KO33ru,,,C080010C02800C0802000000D0070000
2023-01-21T20:45:16Z,M0GKK-BB-IO91qf,7062641,2760,C080010C02800C080200000000000000
2023-01-21T20:45:04Z,M0GKK-BB-IO91qf,7062641,2760,C080010C02800C080200000000000000
2023-01-21T20:44:38Z,M0GKK-BB-IO91qf,7062641,2760,C080010C02800C080200000000000000
2023-01-21T19:08:09Z,M0GKK-IO91qf,7062050,2433,7065984F9729AB2EB839D6D137875BBFE2EE3BB3EA791A769B8A
2023-01-21T06:59:08Z,M0GKK-IO91qf,7057877,2433,C080010C02800C0802000000D0070000
2023-01-21T06:59:08Z,M0GKK-BB-IO91qf,7058321,2760,C080010C02800C0802000000D0070000
2023-01-21T06:58:55Z,M0GKK-BB-IO91qf,7058321,2760,C080010C02800C080200000000000000
2023-01-21T06:58:42Z,M0GKK-BB-IO91qf,7058321,2760,C080010C02800C0802000000E8030000
2023-01-21T06:58:17Z,M0GKK-BB-IO91qf,7058321,2760,C080010C02800C080200000000000000
2023-01-21T05:21:56Z,UX5UL-KO50ei,,,C080010C02800C080200000000000000
2023-01-21T05:21:55Z,M0GKK-IO91qf,7057874,2433,C080010C02800C080200000000000000
2023-01-21T05:21:44Z,UX5UL-KO50ei,,,C080010C02800C0802000000D0070000
2023-01-21T05:21:43Z,Drachten-JO33bc,7060506,2015,C080010C02800C0802000000D0070000
2023-01-21T05:21:43Z,M0GKK-IO91qf,7057874,2433,C080010C02800C0802000000D0070000
2023-01-21T05:21:31Z,Drachten-JO33bc,7060506,2015,C080010C02800C0802000000D0070000
2023-01-21T05:21:31Z,M0GKK-IO91qf,7057874,2433,C080010C02800C0802000000D0070000
2023-01-21T05:21:31Z,UX5UL-KO50ei,,,C080010C02800C0802000000D0070000
2023-01-21T05:21:22Z,Drachten-JO33bc,7060506,2015,C080010C02800C0802000000D0070000
2023-01-21T05:21:19Z,UX5UL-KO50ei,,,C080010C02800C080200000000000000
2023-01-21T05:21:18Z,M0GKK-BB-IO91qf,7058318,2760,C080010C02800C080200000000000000
2023-01-21T05:21:18Z,M0GKK-IO91qf,7057874,2433,C080010C02800C080200000000000000
2023-01-21T05:21:18Z,Drachten-JO33bc,7060506,2015,C080010C02800C080200000000000000
2023-01-21T05:21:10Z,Drachten-JO33bc,7060506,2015,C080010C02800C080200000000000000
2023-01-21T05:20:54Z,UX5UL-KO50ei,,,C080010C02800C0802000000D0070000
2023-01-21T05:20:53Z,M0GKK-BB-IO91qf,7058318,2760,C080010C02800C0802000000D0070000
2023-01-21T05:20:53Z,PE0SAT-21-JO21mr,7060520,2173,C080010C02800C0802000000D0070000
2023-01-21T05:20:53Z,PE0SAT-11-JO21mr,7060510,431,C080010C02800C0802000000D0070000
2023-01-21T05:20:53Z,M0GKK-IO91qf,7057874,2433,C080010C02800C0802000000D0070000
2023-01-21T05:20:53Z,Drachten-JO33bc,7060506,2015,C080010C02800C0802000000D0070000
2023-01-21T05:20:52Z,PE0SAT-21-JO21mr,7060520,2173,C080010C02800C0802000000D0070000
2023-01-21T05:20:52Z,PE0SAT-JO21mr,,,C080010C02800C0802000000D0070000
2023-01-21T05:20:49Z,PE0SAT-11-JO21mr,7060510,431,C080010C02800C0802000000D0070000
2023-01-21T05:20:49Z,PE0SAT-JO21mr,,,C080010C02800C0802000000D0070000
2023-01-21T05:20:45Z,Drachten-JO33bc,7060506,2015,C080010C02800C0802000000D0070000
2023-01-21T05:20:41Z,M0GKK-BB-IO91qf,7058318,2760,C080010C02800C0802000000D0070000
2023-01-21T05:20:41Z,PE0SAT-21-JO21mr,7060520,2173,C080010C02800C0802000000D0070000
2023-01-21T05:20:41Z,PE0SAT-11-JO21mr,7060510,431,C080010C02800C0802000000D0070000
2023-01-21T05:20:41Z,M0GKK-IO91qf,7057874,2433,C080010C02800C0802000000D0070000
2023-01-21T05:20:41Z,Drachten-JO33bc,7060506,2015,C080010C02800C0802000000D0070000
2023-01-21T05:20:41Z,UX5UL-KO50ei,,,C080010C02800C0802000000D0070000
2023-01-21T05:20:39Z,PE0SAT-21-JO21mr,7060520,2173,C080010C02800C0802000000D0070000
2023-01-21T05:20:39Z,PE0SAT-JO21mr,,,C080010C02800C0802000000D0070000
2023-01-21T05:20:36Z,PE0SAT-11-JO21mr,7060510,431,C080010C02800C0802000000D0070000
2023-01-21T05:20:36Z,PE0SAT-JO21mr,,,C080010C02800C0802000000D0070000
2023-01-21T05:20:33Z,Drachten-JO33bc,7060506,2015,C080010C02800C0802000000D0070000
2023-01-21T05:20:29Z,UX5UL-KO50ei,,,C080010C02800C080200000000000000
2023-01-21T05:20:28Z,PE0SAT-21-JO21mr,7060520,2173,C080010C02800C080200000000000000
2023-01-21T05:20:28Z,PE0SAT-11-JO21mr,7060510,431,C080010C02800C080200000000000000
2023-01-21T05:20:28Z,M0GKK-IO91qf,7057874,2433,C080010C02800C080200000000000000
2023-01-21T05:20:28Z,Drachten-JO33bc,7060506,2015,C080010C02800C080200000000000000
2023-01-21T05:20:28Z,M0GKK-BB-IO91qf,7058318,2760,C080010C02800C080200000000000000
2023-01-21T05:20:27Z,PE0SAT-21-JO21mr,7060520,2173,C080010C02800C080200000000000000
2023-01-21T05:20:27Z,PE0SAT-JO21mr,,,C080010C02800C080200000000000000
2023-01-21T05:20:24Z,PE0SAT-11-JO21mr,7060510,431,C080010C02800C080200000000000000
2023-01-21T05:20:24Z,PE0SAT-JO21mr,,,C080010C02800C080200000000000000
2023-01-21T05:20:20Z,Drachten-JO33bc,7060506,2015,C080010C02800C080200000000000000
2023-01-21T05:20:17Z,UX5UL-KO50ei,,,C080010C02800C0802000000D0070000
2023-01-21T05:20:16Z,PE0SAT-21-JO21mr,7060520,2173,C080010C02800C0802000000D0070000
2023-01-21T05:20:16Z,PE0SAT-11-JO21mr,7060510,431,C080010C02800C0802000000D0070000
2023-01-21T05:20:16Z,M0GKK-IO91qf,7057874,2433,C080010C02800C0802000000D0070000
2023-01-21T05:20:16Z,M0GKK-BB-IO91qf,7058318,2760,C080010C02800C0802000000D0070000
2023-01-21T05:20:15Z,PE0SAT-21-JO21mr,7060520,2173,C080010C02800C0802000000D0070000
2023-01-21T05:20:15Z,PE0SAT-JO21mr,,,C080010C02800C0802000000D0070000
2023-01-21T05:20:11Z,PE0SAT-11-JO21mr,7060510,431,C080010C02800C0802000000D0070000
2023-01-21T05:20:11Z,PE0SAT-JO21mr,,,C080010C02800C0802000000D0070000
2023-01-21T05:20:08Z,Drachten-JO33bc,7060506,2015,C080010C02800C0802000000D0070000
2023-01-21T05:20:04Z,UX5UL-KO50ei,,,C080010C02800C080200000000000000
2023-01-21T05:20:03Z,PE0SAT-21-JO21mr,7060520,2173,C080010C02800C080200000000000000
2023-01-21T05:20:03Z,PE0SAT-11-JO21mr,7060510,431,C080010C02800C080200000000000000
2023-01-21T05:20:03Z,M0GKK-IO91qf,7057874,2433,C080010C02800C080200000000000000
2023-01-21T05:20:03Z,M0GKK-BB-IO91qf,7058318,2760,C080010C02800C080200000000000000
2023-01-21T05:20:03Z,Drachten-JO33bc,7060506,2015,C080010C02800C080200000000000000
2023-01-21T05:20:02Z,PE0SAT-21-JO21mr,7060520,2173,C080010C02800C080200000000000000
2023-01-21T05:20:02Z,PE0SAT-JO21mr,,,C080010C02800C080200000000000000
2023-01-21T05:19:59Z,PE0SAT-11-JO21mr,7060510,431,C080010C02800C080200000000000000
2023-01-21T05:19:59Z,PE0SAT-JO21mr,,,C080010C02800C080200000000000000
2023-01-21T05:19:55Z,Drachten-JO33bc,7060506,2015,C080010C02800C080200000000000000
2023-01-21T05:19:52Z,UX5UL-KO50ei,,,C080010C02800C080200000000000000
2023-01-21T05:19:51Z,PE0SAT-21-JO21mr,7060520,2173,C080010C02800C080200000000000000
2023-01-21T05:19:51Z,PE0SAT-11-JO21mr,7060510,431,C080010C02800C080200000000000000
2023-01-21T05:19:51Z,M0GKK-IO91qf,7057874,2433,C080010C02800C080200000000000000
2023-01-21T05:19:51Z,M0GKK-BB-IO91qf,7058318,2760,C080010C02800C080200000000000000
2023-01-21T05:19:50Z,PE0SAT-21-JO21mr,7060520,2173,C080010C02800C080200000000000000
2023-01-21T05:19:50Z,PE0SAT-JO21mr,,,C080010C02800C080200000000000000
2023-01-21T05:19:46Z,PE0SAT-11-JO21mr,7060510,431,C080010C02800C080200000000000000
2023-01-21T05:19:46Z,PE0SAT-JO21mr,,,C080010C02800C080200000000000000
2023-01-21T05:19:39Z,UX5UL-KO50ei,,,C080010C02800C080200000000000000
2023-01-21T05:19:38Z,PE0SAT-21-JO21mr,7060520,2173,C080010C02800C080200000000000000
2023-01-21T05:19:38Z,M0GKK-IO91qf,7057874,2433,C080010C02800C080200000000000000
2023-01-21T05:19:38Z,M0GKK-BB-IO91qf,7058318,2760,C080010C02800C080200000000000000
2023-01-21T05:19:38Z,Drachten-JO33bc,7060506,2015,C080010C02800C080200000000000000
2023-01-21T05:19:37Z,PE0SAT-21-JO21mr,7060520,2173,C080010C02800C080200000000000000
2023-01-21T05:19:37Z,PE0SAT-JO21mr,,,C080010C02800C080200000000000000
2023-01-21T05:19:34Z,PE0SAT-11-JO21mr,7060510,431,C080010C02800C080200000000000000
2023-01-21T05:19:34Z,PE0SAT-JO21mr,,,C080010C02800C080200000000000000
2023-01-21T05:19:30Z,Drachten-JO33bc,7060506,2015,C080010C02800C080200000000000000
2023-01-21T05:19:14Z,UX5UL-KO50ei,,,C080010C02800C080200000000000000
2023-01-21T05:19:13Z,M0GKK-IO91qf,7057874,2433,C080010C02800C080200000000000000
2023-01-21T05:19:13Z,M0GKK-BB-IO91qf,7058318,2760,C080010C02800C080200000000000000
2023-01-21T03:43:01Z,UX5UL-KO50ei,,,C080010C02800C080200000000000000
2023-01-21T03:43:00Z,SA2KNG Alt/Az-KP03cu,7060167,2822,C080010C02800C080200000000000000
2023-01-21T03:43:00Z,SA2KNG Omni UHF/VHF-KP03cu,7060262,1864,C080010C02800C080200000000000000
2023-01-21T03:42:58Z,SA2KNG Alt/Az-KP03cu,7060167,2822,C080010C02800C080200000000000000
2023-01-21T03:42:57Z,M0GKK-IO91qf,7057871,2433,C080010C02800C080200000000000000
2023-01-21T03:42:51Z,SA2KNG Omni UHF/VHF-KP03cu,7060262,1864,C080010C02800C080200000000000000
2023-01-21T03:38:15Z,M0GKK-IO91qf,7057871,2433,28EE
2023-01-21T02:04:35Z,EU1XX-KO33ru,,,1CFB614F0F651A91E15C
2023-01-21T00:40:44Z,MAUSyagi-FN32ig,7059770,2051,F01111
2023-01-21T00:40:14Z,MAUSyagi-FN32ig,7059754,2134,78F023D00557BC3512
2023-01-20T23:01:16Z,MAUSyagi-FN32ig,7059228,2134,78
2023-01-20T19:39:52Z,PE0SAT-21-JO21mr,7058664,2173,8AAC08
2023-01-20T19:39:52Z,PE0SAT-JO21mr,,,8AAC08
2023-01-20T19:38:06Z,PE0SAT-11-JO21mr,7058650,431,E0DAE676D46D
2023-01-20T19:38:06Z,PE0SAT-JO21mr,,,E0DAE676D46D
2023-01-20T19:35:57Z,PE0SAT-11-JO21mr,7058650,431,6C7006
2023-01-20T19:35:57Z,PE0SAT-JO21mr,,,6C7006
2023-01-20T19:34:45Z,SA2KNG Alt/Az-KP03cu,7058728,2822,008C1D0B7A3C5864AA
2023-01-20T18:01:14Z,UX5UL-KO50ei,,,C0800206022C03020000
2023-01-20T18:00:59Z,UX5UL-KO50ei,,,C080010C02800C080200000000000000
2023-01-20T17:53:53Z,SA2KNG Experimental-KP03cu,7058470,1888,85A13894D25ECB121CA266D7B01D412C11ACAAA8F3421D1D
2023-01-20T10:54:35Z,MAUSyagi-FN32ig,7056195,2134,58736B3B3D003725930D8CDE34
2023-01-20T10:50:34Z,MAUSyagi-FN32ig,7056205,2051,9C139C
2023-01-20T07:32:00Z,M0GKK-IO91qf,7053288,2433,568C2849A73815D028E9E5E0BA544D7200E57D74
2023-01-20T05:59:22Z,M0GKK-IO91qf,7053285,2433,C080010C02800C080200000000000000
2023-01-20T05:59:22Z,M0GKK-BB-IO91qf,7053810,2760,C080010C02800C080200000000000000
2023-01-20T05:59:22Z,EU1XX-KO33ru,,,C080010C02800C080200000000000000
2023-01-20T05:58:57Z,EU1XX-KO33ru,,,C0800206022C03020000
2023-01-20T05:58:56Z,M0GKK-IO91qf,7053285,2433,C080010C02800C080200000000000000
2023-01-20T05:58:56Z,M0GKK-BB-IO91qf,7053810,2760,C080010C02800C080200000000000000
2023-01-20T05:58:56Z,EU1XX-KO33ru,,,C080010C02800C080200000000000000
2023-01-20T05:58:48Z,Drachten-JO33bc,7055714,2015,C0800206022C03020000
2023-01-20T05:58:43Z,M0GKK-IO91qf,7053285,2433,C080010C02800C080200000000000000
2023-01-20T05:58:43Z,M0GKK-BB-IO91qf,7053810,2760,C080010C02800C080200000000000000
2023-01-20T05:58:43Z,Drachten-JO33bc,7055714,2015,C080010C02800C080200000000000000
2023-01-20T05:58:43Z,EU1XX-KO33ru,,,C080010C02800C080200000000000000
2023-01-20T05:58:34Z,Drachten-JO33bc,7055714,2015,C080010C02800C080200000000000000
2023-01-20T05:58:31Z,EU1XX-KO33ru,,,C080010C02800C080200000000000000
2023-01-20T05:58:30Z,M0GKK-IO91qf,7053285,2433,C080010C02800C080200000000000000
2023-01-20T05:58:30Z,Drachten-JO33bc,7055714,2015,C080010C02800C080200000000000000
2023-01-20T05:58:28Z,Drachten-JO33bc,7055714,2015,C0390A6A04DE
2023-01-20T05:57:28Z,EU1XX-KO33ru,,,C080010C02800C080200000000000000
2023-01-20T05:57:27Z,M0GKK-BB-IO91qf,7053810,2760,C080010C02800C080200000000000000
2023-01-20T05:57:27Z,M0GKK-IO91qf,7053285,2433,C080010C02800C080200000000000000
2023-01-20T05:52:21Z,PE0SAT-11-JO21mr,7055605,431,E0C8DC5B2B8066
2023-01-20T05:52:21Z,PE0SAT-JO21mr,,,E0C8DC5B2B8066
2023-01-20T04:20:36Z,EU1XX-KO33ru,,,C080010C02800C0802000000D0070000
2023-01-20T04:20:25Z,SA2KNG Omni UHF/VHF-KP03cu,7055396,1864,C080010C02800C0802000000D0070000
2023-01-20T04:20:10Z,EU1XX-KO33ru,,,C080010C02800C080200000000000000
2023-01-20T04:19:57Z,EU1XX-KO33ru,,,C080010C02800C0802000000D0070000
2023-01-20T04:19:44Z,SA2KNG Omni UHF/VHF-KP03cu,7055396,1864,C080010C02800C080200000000000000
2023-01-20T04:19:44Z,EU1XX-KO33ru,,,C080010C02800C080200000000000000
2023-01-20T04:19:07Z,EU1XX-KO33ru,,,C080010C02800C0802000000D0070000
2023-01-20T04:19:06Z,SA2KNG Omni UHF/VHF-KP03cu,7055396,1864,C080010C02800C0802000000D0070000
2023-01-20T04:19:06Z,SA2KNG Alt/Az-KP03cu,7055359,2822,C080010C02800C0802000000D0070000
2023-01-20T04:19:05Z,SA2KNG Alt/Az-KP03cu,7055359,2822,C080010C02800C0802000000D0070000
2023-01-20T04:18:56Z,SA2KNG Omni UHF/VHF-KP03cu,7055396,1864,C080010C02800C0802000000D0070000
2023-01-20T04:18:54Z,EU1XX-KO33ru,,,C080010C02800C080200000000000000
2023-01-20T04:18:53Z,SA2KNG Alt/Az-KP03cu,7055359,2822,C080010C02800C080200000000000000
2023-01-20T04:18:53Z,SA2KNG Omni UHF/VHF-KP03cu,7055396,1864,C080010C02800C080200000000000000
2023-01-20T04:18:52Z,SA2KNG Alt/Az-KP03cu,7055359,2822,C080010C02800C080200000000000000
2023-01-20T04:18:43Z,SA2KNG Omni UHF/VHF-KP03cu,7055396,1864,C080010C02800C080200000000000000
2023-01-20T04:18:40Z,SA2KNG Alt/Az-KP03cu,7055359,2822,C080010C02800C0802000000E8030000
2023-01-20T04:18:40Z,SA2KNG Experimental-KP03cu,7055374,1888,C080010C02800C0802000000E8030000
2023-01-20T04:18:40Z,SA2KNG Omni UHF/VHF-KP03cu,7055396,1864,C080010C02800C0802000000E8030000
2023-01-20T04:18:40Z,EU1XX-KO33ru,,,C080010C02800C0802000000E8030000
2023-01-20T04:18:38Z,SA2KNG Alt/Az-KP03cu,7055359,2822,C080010C02800C0802000000E8030000
2023-01-20T04:18:30Z,SA2KNG Omni UHF/VHF-KP03cu,7055396,1864,C080010C02800C0802000000E8030000
2023-01-20T04:18:30Z,SA2KNG Experimental-KP03cu,7055374,1888,C080010C02800C0802000000E8030000
2023-01-20T04:18:15Z,SA2KNG Omni UHF/VHF-KP03cu,7055396,1864,C080010C02800C080200000000000000
2023-01-20T04:18:15Z,SA2KNG Experimental-KP03cu,7055374,1888,C080010C02800C080200000000000000
2023-01-20T04:18:15Z,SA2KNG Alt/Az-KP03cu,7055359,2822,C080010C02800C080200000000000000
2023-01-20T04:18:15Z,EU1XX-KO33ru,,,C080010C02800C080200000000000000
2023-01-20T04:18:13Z,SA2KNG Alt/Az-KP03cu,7055359,2822,C080010C02800C080200000000000000
2023-01-20T04:18:05Z,SA2KNG Omni UHF/VHF-KP03cu,7055396,1864,C080010C02800C080200000000000000
2023-01-20T04:18:05Z,SA2KNG Experimental-KP03cu,7055374,1888,C080010C02800C080200000000000000
2023-01-20T04:17:11Z,SA2KNG Alt/Az-KP03cu,7055359,2822,0CA1C074
2023-01-20T04:16:05Z,SA2KNG Omni UHF/VHF-KP03cu,7055396,1864,60E759F6D23DD28D9F7B5FFE3092675EB7202DDB03BDD0CDFA8244816E3461B211
2023-01-20T04:12:50Z,M0GKK-BB-IO91qf,7053807,2760,50B4706AA26690B6C28D330A781DFE21652D2083AE67
2023-01-19T23:38:36Z,MAUSyagi-FN32ig,7054395,2134,780CD3D32D27750D86D6D358E42F7A15428B60266D65798CD6D281241EA5D569CB0910C05EDC13C7
2023-01-19T23:37:47Z,MAUSyagi-FN32ig,7054403,1675,A0DDD9C8575BA3428354608C1D1B151EC23DB48B2FBAD4
2023-01-19T18:35:27Z,FHAB GS1-JO66kt,7054059,1272,33B02D79
2023-01-19T18:35:18Z,M0GKK-BB-IO91qf,7049493,2760,C080010C02800C0802000000D0070000
2023-01-19T18:34:15Z,SP7THR-UHF-KO10an,7049209,2012,C080010C02800C080200000000000000
2023-01-19T18:33:49Z,SP7THR-UHF-KO10an,7049209,2012,C080010C02800C0802000000D0070000
2023-01-19T18:33:49Z,M0GKK-BB-IO91qf,7049493,2760,C080010C02800C0802000000D0070000
2023-01-19T18:33:10Z,SP7THR-UHF-KO10an,7049209,2012,C080010C02800C0802000000D0070000
2023-01-19T18:29:42Z,SA2KNG Experimental-KP03cu,7054132,1888,A05A42E4B3C589697C9BB5193D2C3386BD41FF880722FA0F
2023-01-19T08:14:08Z,M0GKK-IO91qf,7049056,2433,AE9064B0A09A609C6EA6968640E103F05000000000010042454157483258504D16C4D2559958448BB02643000000000000000000000000000000000000009E15F32AF3C6F3FFF302F0AAF3ACF251F3C3F3E7F202F0FFF35AF3FFF370F1B0F0FFF350F36FF1B2F00FF318F3FFF351F3B4F3FFF38CFF0400E0FFF0D7B3FD230050000000000000000305010601050200000000F0
2023-01-19T06:35:28Z,M0GKK-IO91qf,7049051,2433,AE9064B0A09A609C6EA6968640E103F05000000000010042454157483258504D16C4D253C1185034A81D43000000000000000000000000000000000000009EFFF375F3B0F3FFF303F0B0F3F9F248F3C5F3E8F202F0ADF271F3FFF36CF1B3F0FFF34CF36CF1B4F00EF318F3FFF34AF3DDF3FFF38CFFF4FF78FF80D946FD500067000000000000000305010601050200000000F0
2023-01-19T06:34:20Z,M0GKK-IO91qf,7049051,2433,AE9064B0A09A609C6EA6968640E103F05000000000010042454157483258504D16C4D253C01046A18D1D43000000000000000000000000000000000000009E30F381F3FFF3FFF303F0FFF3FFF35CF3FFF3FFF302F02AF384F3FFF36BF1C3F0FFF349F36BF1C4F010F317F3FFF33FF3D5F3FFF390FFB8FF280000DAF3FDF7FF04000000000000000305010601050200000000F0
2023-01-19T06:34:20Z,M0GKK-BB-IO91qf,7049474,2760,AE9064B0A09A609C6EA6968640E103F05000000000010042454157483258504D16C4D253C01046A18D1D43000000000000000000000000000000000000009E30F381F3FFF3FFF303F0FFF3FFF35CF3FFF3FFF302F02AF384F3FFF36BF1C3F0FFF349F36BF1C4F010F317F3FFF33FF3D5F3FFF390FFB8FF280000DAF3FDF7FF04000000000000000305010601050200000000F0
2023-01-19T06:33:12Z,M0GKK-BB-IO91qf,7049474,2760,AE9064B0A09A609C6EA6968640E103F05000000000010042454157483258504D16C4D253B902400B731D43000000000000000000000000000000000000009EFFF37DF3FFF3FFF303F0FFF3FFF358F3FFF3FFF303F0FFF380F3FFF36AF1C2F0FFF348F369F1C3F00FF317F3FFF33FF3CFF3FFF3C4FFC4FF2400B0DA9EFD71003F000000000000000305010601050200000000F0
2023-01-19T06:33:12Z,M0GKK-IO91qf,7049051,2433,AE9064B0A09A609C6EA6968640E103F05000000000010042454157483258504D16C4D253B902400B731D43000000000000000000000000000000000000009EFFF37DF3FFF3FFF303F0FFF3FFF358F3FFF3FFF303F0FFF380F3FFF36AF1C2F0FFF348F369F1C3F00FF317F3FFF33FF3CFF3FFF3C4FFC4FF2400B0DA9EFD71003F000000000000000305010601050200000000F0
2023-01-19T00:13:27Z,MAUSyagi-FN32ig,7050779,2134,5021C1946EF0265AA4A4623EEF30
2023-01-19T00:09:41Z,MAUSyagi-FN32ig,7050841,2051,ECE64C91818D8F10B717D00C9BD4F03653
2023-01-18T22:25:04Z,M0GKK-IO91qf,7049034,2433,50D52C127666F2393BD521D6F4C4A47990E956E89F997E
2023-01-18T22:22:18Z,M0GKK-IO91qf,7049034,2433,98
2023-01-18T20:51:02Z,M0GKK-IO91qf,7049030,2433,221A20B32C4D66E101314231AF92225AD1B3A1F62C6C0D73EF5D29B7E732D7C3E370B3CDB325
2023-01-18T20:41:37Z,M0GKK-IO91qf,7049030,2433,00100B1B7C8D548D2705ECE09E3E5A9AC388AD3F77B05B260FA8CE9A151E8FBB
2023-01-18T17:31:43Z,M0GKK-IO91qf,7049022,2433,C080010C02800C080200000000000000
2023-01-18T10:21:27Z,MAUSyagi-FN32ig,7048355,2134,2F
2023-01-18T10:20:24Z,MAUSyagi-FN32ig,7048355,2134,C080010C02800C080200000000000000
2023-01-18T10:20:23Z,MAUSyagi-FN32ig,7048355,2134,C080010C02800C080200000000000000
2023-01-18T05:27:01Z,Drachten-JO33bc,7047485,2015,80C68EA22C
2023-01-18T05:24:42Z,M0GKK-IO91qf,7044350,2433,40FA
2023-01-18T05:24:37Z,PE0SAT-21-JO21mr,7047500,2173,2493B5BE5FC16AEF4E845A30D1D58EBC8AF4361FC3F40A85D8185E30CD2B1C7AA64A18750B096ADACC0DBC3BBAB9
2023-01-18T05:24:37Z,PE0SAT-JO21mr,,,2493B5BE5FC16AEF4E845A30D1D58EBC8AF4361FC3F40A85D8185E30CD2B1C7AA64A18750B096ADACC0DBC3BBAB9
2023-01-18T05:22:42Z,M0GKK-IO91qf,7044350,2433,2AA91B35C3990E2950DB0DB2100233ED3018DAC042DD21
2023-01-18T05:20:43Z,Drachten-JO33bc,7047485,2015,E0
2023-01-17T19:48:50Z,M0GKK-IO91qf,7044330,2433,8071
2023-01-17T19:39:22Z,PE0SAT-11-JO21mr,7045461,431,00E24FE9A0ED923CC52E165182972A561EFA1A72C9880A959B411CE1B59D3F
2023-01-17T19:39:22Z,PE0SAT-JO21mr,,,00E24FE9A0ED923CC52E165182972A561EFA1A72C9880A959B411CE1B59D3F
2023-01-17T18:06:52Z,M0GKK-IO91qf,7044327,2433,9057D41B575122F30869B0142A302D7B6C64
2023-01-17T18:05:58Z,M0GKK-BB-IO91qf,7040554,2760,C080010C02800C080200000000000000
2023-01-17T18:04:01Z,IZ1VWE-JN44lj,,,7B00F937EABEF18685A16344A276390F2303
2023-01-17T17:59:59Z,M0GKK-IO91qf,7044327,2433,A8283B2929855432E525E8178C45EE15CC0125D8358C74AA0EFFEA077AC6370E3A9BBB4845BDB4180641A86628B9CCBAF5B859FF17B7200A2894A7764659CB6AAD87122EFE773D
2023-01-17T17:59:48Z,SA2KNG Alt/Az-KP03cu,7045034,2822,805F1CA09E453397BB45F760815A8ECAE8
2023-01-17T06:01:00Z,PE0SAT-21-JO21mr,7042858,2173,98DB668E2B0FDBCD15D425EB31C73794F9
2023-01-17T06:01:00Z,PE0SAT-JO21mr,,,98DB668E2B0FDBCD15D425EB31C73794F9
2023-01-17T05:56:55Z,PE0SAT-21-JO21mr,7042858,2173,0095E8AD19B718F6B8ED6030F7403C
2023-01-17T05:56:55Z,PE0SAT-JO21mr,,,0095E8AD19B718F6B8ED6030F7403C
2023-01-17T04:23:36Z,SA2KNG Alt/Az-KP03cu,7042724,2822,EECF6567C209B752AFE69A4A0475C14C07DA7A71AEB777908ED6
2023-01-17T04:23:01Z,SA2KNG Experimental-KP03cu,7042721,1888,8C1C69F1894064F029EE
2023-01-17T04:21:55Z,OE6EUR15-JN77pa,7032773,2859,804C438260
2023-01-17T04:21:25Z,PE0SAT-11-JO21mr,7042645,431,B83609FA6782407A14BF60B7A784F9A5
2023-01-17T04:21:25Z,PE0SAT-JO21mr,,,B83609FA6782407A14BF60B7A784F9A5
2023-01-17T04:17:59Z,OE6ISP_LimeSDR-JN77pa,7032762,2694,6F36BDB1383A5446018B112B87F53C95DC1A
2023-01-16T20:16:07Z,OE6EUR15-JN77pa,7032772,2859,CC5CA77122D4ED810F87
2023-01-16T20:15:48Z,OE6ISP_LimeSDR-JN77pa,7032761,2694,0019C444DE034D6B65A00A752072
2023-01-16T18:38:12Z,OE6ISP_LimeSDR-JN77pa,7032760,2694,0081B5505D19F9082DA0620EA374F12326DC0B07301D3257728A55
2023-01-16T18:34:15Z,Drachten-JO33bc,7040935,2015,60292D55BCD8D156B4ECC7530D3B41A90470D40661D6
2023-01-16T18:34:11Z,PE0SAT-21-JO21mr,7040697,2173,F04016DFDE626CAFB3610B0BF8B0FC439EBAD9C21664466E927438B7
2023-01-16T18:34:11Z,PE0SAT-JO21mr,,,F04016DFDE626CAFB3610B0BF8B0FC439EBAD9C21664466E927438B7
2023-01-16T18:33:16Z,Drachten-JO33bc,7040935,2015,802A9C319A72A8A0609401004E60B54E564172E354F034557996BB
2023-01-16T18:32:56Z,Drachten-JO33bc,7040935,2015,58120592DA2A
2023-01-16T16:58:05Z,OE6ISP_LimeSDR-JN77pa,7032759,2694,80
2023-01-16T16:57:13Z,M0GKK-IO91qf,7039872,2433,B0861EEC1A64A0
2023-01-16T16:53:12Z,M0GKK-IO91qf,7039872,2433,8000
2023-01-16T11:30:20Z,MAUSyagi-FN32ig,7039064,2051,00782029066159
2023-01-16T06:32:04Z,OE6ISP_LimeSDR-JN77pa,7032758,2694,6157D71CC453503DE42510546B2F4F73F59F69
2023-01-16T06:25:54Z,DB1VQ-JN39md,,,2B928E705B00243C
2023-01-16T04:58:06Z,OE6EUR15-JN77pa,7032768,2859,C0AE0371885940B09F2C0E975B5B74487218305C97DED5
2023-01-16T04:55:23Z,PE0SAT-11-JO21mr,7037985,431,28DDFD800BEF9F89
2023-01-16T04:55:23Z,PE0SAT-JO21mr,,,28DDFD800BEF9F89
2023-01-16T04:52:47Z,OE6EUR15-JN77pa,7032768,2859,EE035939424C70E0A7A40BBDC2F5A1CC8436A40C2213E546746A
2023-01-16T04:52:47Z,OE6ISP_LimeSDR-JN77pa,7032757,2694,BF6E6C4F01EA831C99145888E2D66A05AA89C506750FA5346DB1C7CD91B7C073E0
2023-01-16T04:52:31Z,PE0SAT-21-JO21mr,7037986,2173,E001DC048B6C28
2023-01-16T04:52:31Z,PE0SAT-JO21mr,,,E001DC048B6C28
2023-01-16T04:51:57Z,Mogielnica - UHF-KN09wx,7037988,2608,DC5E0C31970542BFB9DEEF10
2023-01-16T04:48:59Z,OE6ISP_LimeSDR-JN77pa,7032757,2694,E0A92C80F431BFFBAD13C2
2023-01-16T03:17:33Z,SA2KNG Alt/Az-KP03cu,7037906,2822,80
2023-01-16T03:10:14Z,OE6EUR15-JN77pa,7032767,2859,0008F27F0B23ACD1EE673CD60B18356DCA2402A91676724637658F86629230B99B
2023-01-16T03:09:26Z,OE6ISP_LimeSDR-JN77pa,7032756,2694,40F0FCA17A80647921680230133B09
2023-01-15T21:55:18Z,YB8XM-PI46ch,7036573,1597,8032E8AD38920C74C570B9C8E5F450FB934C053D636A629B3467DDAB5A60F27A657C17047480302D850EA77B66
2023-01-15T21:53:53Z,YB8XM-PI46ch,7036573,1597,80C8AEDBA6B2
2023-01-15T20:49:47Z,DB1VQ-JN39md,,,01C5974AD2BC94AF809A6A197BD1B8E529A228DA00F2
2023-01-15T20:44:55Z,DB1VQ-JN39md,,,A34F70E424EBC453C56AEB9C34052F3554ED39C59341
2023-01-15T19:15:48Z,OE6EUR15-JN77pa,7032765,2859,AE
2023-01-15T19:10:25Z,OE6EUR15-JN77pa,7032765,2859,8ED506
2023-01-15T07:07:45Z,OE6ISP_LimeSDR-JN77pa,7032752,2694,C0783C819AC887199AC6CE474A
2023-01-15T07:03:51Z,OE6ISP_LimeSDR-JN77pa,7032752,2694,4EB1E6EB51
2023-01-15T00:47:55Z,MAUSyagi-FN32ig,7031953,2134,C0197B12DD8D53B2EC
2023-01-14T23:10:32Z,MAUSyagi-FN32ig,7031418,2051,006DE6178B2247B89371C60385D64D2D53BA403132E128E55224D3A2029F5668E875AAB4D9C19FAE3B286D25E654432727B5
2023-01-14T23:10:05Z,MAUSyagi-FN32ig,7031408,2134,40FDC52B6DB2806779D11CC3043CB04A51
2023-01-14T22:30:22Z,YB8XM-PI46ch,7031794,1597,80E680F73FCEEA0E2432D1526E77C5FF51C89F6A981D8728D17462
2023-01-14T18:06:16Z,PE0SAT-11-JO21mr,7030375,431,C053588CFF793578
2023-01-14T18:06:16Z,PE0SAT-JO21mr,,,C053588CFF793578
2023-01-14T18:02:23Z,SA2KNG Experimental-KP03cu,7030477,1888,2A56DD
2023-01-14T18:01:34Z,SA2KNG Experimental-KP03cu,7030477,1888,1CA19F328BA03376D68C
2023-01-14T11:02:48Z,MAUSyagi-FN32ig,7029242,1675,C080010C02800C080200000000000000
2023-01-14T11:02:47Z,MAUSyagi-FN32ig,7029236,2134,C080010C02800C080200000000000000
2023-01-14T11:02:44Z,MAUSyagi-FN32ig,7029242,1675,C080010C02800C080200000000000000
2023-01-14T11:01:32Z,MAUSyagi-FN32ig,7029242,1675,0069B12CBCA83B37B11F42DD7B603CE204ABBC2B76
2023-01-14T11:00:48Z,MAUSyagi-FN32ig,7029242,1675,E01CD7E1872957064161BF22
2023-01-14T06:04:20Z,M0GKK-IO91qf,7025330,2433,C080010C02800C080200000000000000
2023-01-14T06:03:43Z,PE0SAT-11-JO21mr,7028672,431,C080010C02800C080200000000000000
2023-01-14T06:03:43Z,PE0SAT-JO21mr,,,C080010C02800C080200000000000000
2023-01-14T06:03:42Z,M0GKK-IO91qf,7025330,2433,C080010C02800C080200000000000000
2023-01-14T06:03:09Z,PE0SAT-11-JO21mr,7028672,431,28E591E16EA45C6659C45E55
2023-01-14T06:03:09Z,PE0SAT-JO21mr,,,28E591E16EA45C6659C45E55
2023-01-14T06:01:45Z,PE0SAT-21-JO21mr,7028675,2173,B26D56290D4F3C96E115574DAFEB0E80E297605BA158630F198C86DD54641B
2023-01-14T06:01:45Z,PE0SAT-JO21mr,,,B26D56290D4F3C96E115574DAFEB0E80E297605BA158630F198C86DD54641B
2023-01-14T06:01:26Z,PE0SAT-21-JO21mr,7028675,2173,80095967950D65
2023-01-14T06:01:26Z,PE0SAT-JO21mr,,,80095967950D65
2023-01-14T06:00:13Z,M0GKK-IO91qf,7025330,2433,6044A5099083B08E
2023-01-14T04:25:37Z,SA2KNG Alt/Az-KP03cu,7028566,2822,569390392D0659272FB532793C02EF30BCEBD031EAD0FA8AA82D0EE28C60BA62D1C57A5293C549A1C970872096EC796D912619B968
2023-01-13T16:58:53Z,geoscan-KP50ea,7025711,2802,00BA6983F25408958C3ABC833BC68030
2023-01-13T15:21:48Z,EU1XX-KO33ru,,,C080010C02800C0802000000D0070000
2023-01-13T08:12:55Z,M0GKK-IO91qf,7020549,2433,00A6A4A26122514C8A7092EC9F71AAD0C8
2023-01-13T06:39:00Z,PE0SAT-11-JO21mr,7023346,431,ACE2AB
2023-01-13T06:39:00Z,PE0SAT-JO21mr,,,ACE2AB
2023-01-13T06:35:41Z,PE0SAT-11-JO21mr,7023346,431,007B
2023-01-13T06:35:41Z,PE0SAT-JO21mr,,,007B
2023-01-13T06:35:16Z,PE0SAT-11-JO21mr,7023346,431,801210FC88
2023-01-13T06:35:16Z,PE0SAT-JO21mr,,,801210FC88
2023-01-13T04:54:47Z,PE0SAT-21-JO21mr,7023102,2173,D00BE764DC3F220829A76942F83562807770567BC98A674F88
2023-01-13T04:54:47Z,PE0SAT-JO21mr,,,D00BE764DC3F220829A76942F83562807770567BC98A674F88
2023-01-13T03:18:12Z,M0GKK-IO91qf,7020539,2433,40203E6F91410ADDC58FE881AD35E11CC4F1A30CC6A1D082315F1346445F9A26
2023-01-13T00:18:51Z,MAUSyagi-FN32ig,7022561,2051,8016697C824B464310BC22
2023-01-12T19:16:44Z,PE0SAT-11-JO21mr,7021349,431,C4F1501EAAF444B760174460D590C2D2B48EF18E82C8
2023-01-12T19:16:44Z,PE0SAT-JO21mr,,,C4F1501EAAF444B760174460D590C2D2B48EF18E82C8
2023-01-12T19:13:24Z,PE0SAT-21-JO21mr,7021361,2173,98C1B3CB5DE5448EC6ABB84590E6DCAC3C0E9D3EF702
2023-01-12T19:13:24Z,PE0SAT-JO21mr,,,98C1B3CB5DE5448EC6ABB84590E6DCAC3C0E9D3EF702
2023-01-12T16:00:45Z,EU1XX-KO33ru,,,C080010C02800C0802000000D0070000
2023-01-12T16:00:22Z,EU1XX-KO33ru,,,0E47B5A5919736B384AE0C2471992E661ED3
2023-01-12T15:51:33Z,EU1XX-KO33ru,,,3F4634EE99CE97CAC8
2023-01-12T10:29:43Z,MAUSyagi-FN32ig,7019711,2051,8028B1C10818014BDE55489E6F8A62C35543F7C828022F59C6F9ECEB2D0F3D0603671FCC6A73
2023-01-12T07:16:51Z,M0GKK-IO91qf,7015283,2433,600D5AF9B0404C1B7059FB253CB48DEF6E27E196B02C94817BDB020F463C2F817065B6CBF67917
2023-01-12T07:13:06Z,M0GKK-IO91qf,7015283,2433,001DD644FAD451E450F7F0E83C7310BD331750EF3DD9D45C7B41ED0CE0CD65D40F25D2323564B2A2D99A92F850
2023-01-12T05:33:36Z,Drachten-JO33bc,7019089,2015,9C2C1AAD6A
2023-01-12T05:30:34Z,PE0SAT-11-JO21mr,7018958,431,D8B59C379D3D4CF3EB
2023-01-12T05:30:34Z,PE0SAT-JO21mr,,,D8B59C379D3D4CF3EB
2023-01-12T05:28:43Z,PE0SAT-21-JO21mr,7018964,2173,C030B52E98AADB
2023-01-12T05:28:43Z,PE0SAT-JO21mr,,,C030B52E98AADB
2023-01-12T03:53:16Z,M0GKK-IO91qf,7015275,2433,C080010C02800C0802000000D0070000
2023-01-12T03:52:50Z,M0GKK-IO91qf,7015275,2433,C080010C02800C080200000000000000
2023-01-12T03:52:38Z,M0GKK-IO91qf,7015275,2433,C080010C02800C0802000000D0070000
2023-01-12T03:52:11Z,M0GKK-IO91qf,7015275,2433,C080010C02800C0802000000D0070000
2023-01-12T03:51:08Z,M0GKK-IO91qf,7015275,2433,C080010C02800C080200000000000000
2023-01-12T03:50:24Z,M0GKK-IO91qf,7015275,2433,C080010C02800C080200000000000000
2023-01-12T03:50:10Z,M0GKK-IO91qf,7015275,2433,C080010C02800C080200000000000000
2023-01-12T03:49:57Z,M0GKK-IO91qf,7015275,2433,C080010C02800C0802000000D0070000
2023-01-12T03:49:44Z,M0GKK-IO91qf,7015275,2433,C080010C02800C0802000000D0070000
2023-01-12T03:49:31Z,M0GKK-IO91qf,7015275,2433,C080010C02800C0802000000D0070000
2023-01-11T23:12:58Z,MAUSyagi-FN32ig,7017798,2134,846135836902C5ED6A975333D2DFA8BE57B44853E67CBA8F209C5D379186685C432CAF3977A8F0777FD281CCACF036EC9EC7
2023-01-11T22:36:42Z,YB8XM-PI46ch,7018035,1597,8028
2023-01-11T21:30:21Z,M0GKK-IO91qf,7015264,2433,7A
2023-01-11T18:08:53Z,SA2KNG Omni UHF/VHF-KP03cu,7016898,1864,08E07A3C88D6D8
2023-01-11T18:08:41Z,Mogielnica - UHF-KN09wx,7015832,2608,90
2023-01-11T07:47:49Z,M0GKK-IO91qf,7010429,2433,0079
2023-01-11T06:08:19Z,M0GKK-IO91qf,7010425,2433,6C9D7EC949E694334239AD
2023-01-11T06:08:07Z,PE0SAT-12-JO21mr,7013276,1466,80A80C215B91AA1E5D0F23223C434334125EB2B0F6E6C302136AD86EB7C371D2CCEABFB9BAEB1CD362
2023-01-11T06:08:07Z,PE0SAT-JO21mr,,,80A80C215B91AA1E5D0F23223C434334125EB2B0F6E6C302136AD86EB7C371D2CCEABFB9BAEB1CD362
2023-01-11T06:01:14Z,M0GKK-IO91qf,7010425,2433,801D905F56AAECFA6B21A6
2023-01-11T04:30:56Z,SA2KNG Alt/Az-KP03cu,7013090,2822,C080010C02800C0802000000D0070000
2023-01-11T04:30:54Z,SA2KNG Alt/Az-KP03cu,7013090,2822,C080010C02800C0802000000D0070000
2023-01-11T04:30:43Z,M0GKK-IO91qf,7010422,2433,C080010C02800C080200000000000000
2023-01-11T04:30:30Z,M0GKK-IO91qf,7010422,2433,C080010C02800C0802000000D0070000
2023-01-11T04:30:17Z,M0GKK-IO91qf,7010422,2433,C080010C02800C080200000000000000
2023-01-11T04:30:17Z,SA2KNG Alt/Az-KP03cu,7013090,2822,C080010C02800C080200000000000000
2023-01-11T04:30:15Z,SA2KNG Alt/Az-KP03cu,7013090,2822,C080010C02800C080200000000000000
2023-01-11T04:30:04Z,M0GKK-BB-IO91qf,7010958,2760,C080010C02800C080200000000000000
2023-01-11T04:30:04Z,M0GKK-IO91qf,7010422,2433,C080010C02800C080200000000000000
2023-01-11T04:30:04Z,SA2KNG Alt/Az-KP03cu,7013090,2822,C080010C02800C080200000000000000
2023-01-11T04:30:02Z,SA2KNG Alt/Az-KP03cu,7013090,2822,C080010C02800C080200000000000000
2023-01-11T04:22:40Z,M0GKK-IO91qf,7010422,2433,C080010C02800C080200000000000000
2023-01-11T04:22:27Z,M0GKK-IO91qf,7010422,2433,C080010C02800C0802000000D0070000
2023-01-11T04:22:15Z,M0GKK-IO91qf,7010422,2433,C080010C02800C080200000000000000
2023-01-11T04:22:15Z,Apomahon-KM18ub,7011472,6,C080010C02800C080200000000000000
2023-01-11T04:22:01Z,Apomahon-KM18ub,7011472,6,C080010C02800C0802000000D0070000
2023-01-11T04:21:48Z,Apomahon-KM18ub,7011472,6,C080010C02800C080200000000000000
2023-01-11T04:21:34Z,M0GKK-IO91qf,7010422,2433,C080010C02800C080200000000000000
2023-01-11T02:56:15Z,EU1XX-KO33ru,,,0D1D46FF5C1CCCFD31
