timestamp,observation_id,estacion,bytes,hex,adc10_pz_array_current,adc13_px_array_current,adc1_py_array_current,adc31_mz_array_current,adc4_my_array_current,adc7_mx_array_current,battery_0_voltage_v,battery_1_voltage_v,i2c_node_address,length,magnetometer_set_1,magnetometer_set_2,packet_type,seq_no,switch_0_ppt_power_supply_status,switch_1_ppt_1_2_status,switch_2_phone_5v_webcam,switch_3_warp_valve_status,switch_4_warp_heater_status,switch_5_digi_wi9c_status,switch_6_sgr05_status,switch_7_reaction_wheels,switch_8_solar_panel_deploy_arm,switch_9_solar_panel_deploy_fire,unix_time_little_endian
2022-12-06T05:06:01+00:00,6838569,M0KSF,16,C080010C02800C080200000000000000,,,,,,,,,12,12,,,2,1,,,,,,,,,,,8
2022-12-06T05:06:34+00:00,6836615,OE6EUR15,16,C080010C02800C080200000000000000,,,,,,,,,12,12,,,2,1,,,,,,,,,,,8
2022-12-06T05:06:49+00:00,6836615,OE6EUR15,16,C080010C02800C080200000000000000,,,,,,,,,12,12,,,2,1,,,,,,,,,,,8
2022-12-06T05:06:51+00:00,6836615,OE6EUR15,16,C080010C02800C080200000000000000,,,,,,,,,12,12,,,2,1,,,,,,,,,,,8
2022-12-06T05:06:53+00:00,6836615,OE6EUR15,10,C0800206022C03020000,,,,,,,2,,3,6,,,2,2,,,,,,,,,,,
2022-12-06T05:06:54+00:00,6836615,OE6EUR15,10,C0800306022C08020000,,,,,,,,2,8,6,,,2,3,,,,,,,,,,,
2022-12-06T05:06:56+00:00,6836615,OE6EUR15,10,C0800406022D0D020000,,2,,,,,,,13,6,,,2,4,,,,,,,,,,,
2022-12-06T05:07:06+00:00,6836615,OE6EUR15,16,C080010C02800C080200000000000000,,,,,,,,,12,12,,,2,1,,,,,,,,,,,8
2022-12-06T05:07:08+00:00,6836615,OE6EUR15,16,C080010C02800C080200000000000000,,,,,,,,,12,12,,,2,1,,,,,,,,,,,8
2022-12-06T05:07:10+00:00,6836615,OE6EUR15,10,C0800206022C03020000,,,,,,,2,,3,6,,,2,2,,,,,,,,,,,
2022-12-06T05:07:11+00:00,6836615,OE6EUR15,10,C0800306022C08020000,,,,,,,,2,8,6,,,2,3,,,,,,,,,,,
2022-12-06T05:07:13+00:00,6836615,OE6EUR15,10,C0800406022D0D020000,,2,,,,,,,13,6,,,2,4,,,,,,,,,,,
2022-12-06T05:07:23+00:00,6836202,SP7THR-UHF,16,C080010C02800C080200000000000000,,,,,,,,,12,12,,,2,1,,,,,,,,,,,8
2022-12-06T05:07:23+00:00,6836615,OE6EUR15,16,C080010C02800C080200000000000000,,,,,,,,,12,12,,,2,1,,,,,,,,,,,8
2022-12-06T05:07:25+00:00,6836615,OE6EUR15,16,C080010C02800C080200000000000000,,,,,,,,,12,12,,,2,1,,,,,,,,,,,8
2022-12-06T05:07:27+00:00,6836615,OE6EUR15,10,C0800206022C03020000,,,,,,,2,,3,6,,,2,2,,,,,,,,,,,
2022-12-06T05:07:28+00:00,6836615,OE6EUR15,10,C0800306022C08020000,,,,,,,,2,8,6,,,2,3,,,,,,,,,,,
2022-12-06T05:07:30+00:00,6836615,OE6EUR15,10,C0800406022D0D020000,,2,,,,,,,13,6,,,2,4,,,,,,,,,,,
2022-12-06T05:07:40+00:00,6836202,SP7THR-UHF,16,C080010C02800C080200000000000000,,,,,,,,,12,12,,,2,1,,,,,,,,,,,8
2022-12-06T05:07:40+00:00,6836615,OE6EUR15,16,C080010C02800C080200000000000000,,,,,,,,,12,12,,,2,1,,,,,,,,,,,8
2022-12-06T05:07:42+00:00,6836615,OE6EUR15,16,C080010C02800C080200000000000000,,,,,,,,,12,12,,,2,1,,,,,,,,,,,8
2022-12-06T05:07:47+00:00,6836615,OE6EUR15,10,C0800406022D0D020000,,2,,,,,,,13,6,,,2,4,,,,,,,,,,,
2022-12-06T05:07:56+00:00,6840773,Mogielnica - UHF,16,C080010C02800C080200000000000000,,,,,,,,,12,12,,,2,1,,,,,,,,,,,8
2022-12-06T05:07:57+00:00,6840773,Mogielnica - UHF,16,C080010C02800C080200000000000000,,,,,,,,,12,12,,,2,1,,,,,,,,,,,8
2022-12-06T05:07:57+00:00,6840773,Mogielnica - UHF,10,C0800206022C03020000,,,,,,,2,,3,6,,,2,2,,,,,,,,,,,
2022-12-06T05:07:57+00:00,6838569,M0KSF,16,C080010C02800C080200000000000000,,,,,,,,,12,12,,,2,1,,,,,,,,,,,8
2022-12-06T05:07:57+00:00,6836615,OE6EUR15,16,C080010C02800C080200000000000000,,,,,,,,,12,12,,,2,1,,,,,,,,,,,8
2022-12-06T05:07:59+00:00,6840773,Mogielnica - UHF,10,C0800306022C08020000,,,,,,,,2,8,6,,,2,3,,,,,,,,,,,
2022-12-06T05:07:59+00:00,6836615,OE6EUR15,16,C080010C02800C080200000000000000,,,,,,,,,12,12,,,2,1,,,,,,,,,,,8
2022-12-06T05:08:00+00:00,6840773,Mogielnica - UHF,10,C0800406022D0D020000,,2,,,,,,,13,6,,,2,4,,,,,,,,,,,
2022-12-06T05:08:01+00:00,6836615,OE6EUR15,10,C0800206022C03020000,,,,,,,2,,3,6,,,2,2,,,,,,,,,,,
2022-12-06T05:08:02+00:00,6836615,OE6EUR15,10,C0800306022C08020000,,,,,,,,2,8,6,,,2,3,,,,,,,,,,,
2022-12-06T05:08:04+00:00,6836615,OE6EUR15,10,C0800406022D0D020000,,2,,,,,,,13,6,,,2,4,,,,,,,,,,,
2022-12-06T05:08:13+00:00,6840773,Mogielnica - UHF,16,C080010C02800C080200000000000000,,,,,,,,,12,12,,,2,1,,,,,,,,,,,8
2022-12-06T05:08:14+00:00,6840773,Mogielnica - UHF,16,C080010C02800C080200000000000000,,,,,,,,,12,12,,,2,1,,,,,,,,,,,8
2022-12-06T05:08:14+00:00,6840773,Mogielnica - UHF,10,C0800206022C03020000,,,,,,,2,,3,6,,,2,2,,,,,,,,,,,
2022-12-06T05:08:14+00:00,6838569,M0KSF,16,C080010C02800C080200000000000000,,,,,,,,,12,12,,,2,1,,,,,,,,,,,8
2022-12-06T05:08:14+00:00,6836615,OE6EUR15,16,C080010C02800C080200000000000000,,,,,,,,,12,12,,,2,1,,,,,,,,,,,8
2022-12-06T05:08:16+00:00,6840773,Mogielnica - UHF,10,C0800306022C08020000,,,,,,,,2,8,6,,,2,3,,,,,,,,,,,
2022-12-06T05:08:16+00:00,6836615,OE6EUR15,16,C080010C02800C0802000000D0070000,,,,,,,,,12,12,,,2,1,,,,,,,,,,,8
2022-12-06T05:08:17+00:00,6840773,Mogielnica - UHF,10,C0800406022D0D020000,,2,,,,,,,13,6,,,2,4,,,,,,,,,,,
2022-12-06T05:08:30+00:00,6840773,Mogielnica - UHF,16,C080010C02800C0802000000D0070000,,,,,,,,,12,12,,,2,1,,,,,,,,,,,8
2022-12-06T05:08:31+00:00,6840773,Mogielnica - UHF,10,C0800206022C03020000,,,,,,,2,,3,6,,,2,2,,,,,,,,,,,
2022-12-06T05:08:31+00:00,6836202,SP7THR-UHF,16,C080010C02800C0802000000D0070000,,,,,,,,,12,12,,,2,1,,,,,,,,,,,8
2022-12-06T05:08:31+00:00,6838569,M0KSF,16,C080010C02800C0802000000D0070000,,,,,,,,,12,12,,,2,1,,,,,,,,,,,8
2022-12-06T05:08:32+00:00,6840773,Mogielnica - UHF,16,C080010C02800C0802000000D0070000,,,,,,,,,12,12,,,2,1,,,,,,,,,,,8
2022-12-06T05:08:33+00:00,6840773,Mogielnica - UHF,10,C0800306022C08020000,,,,,,,,2,8,6,,,2,3,,,,,,,,,,,
2022-12-06T05:08:34+00:00,6840773,Mogielnica - UHF,10,C0800406022D0D020000,,2,,,,,,,13,6,,,2,4,,,,,,,,,,,
2022-12-06T05:08:48+00:00,6840773,Mogielnica - UHF,10,C0800206022C03020000,,,,,,,2,,3,6,,,2,2,,,,,,,,,,,
2022-12-06T05:08:48+00:00,6836202,SP7THR-UHF,16,C080010C02800C0802000000D0070000,,,,,,,,,12,12,,,2,1,,,,,,,,,,,8
2022-12-06T05:08:48+00:00,6838569,M0KSF,16,C080010C02800C0802000000D0070000,,,,,,,,,12,12,,,2,1,,,,,,,,,,,8
2022-12-06T05:08:50+00:00,6840773,Mogielnica - UHF,10,C0800306022C08020000,,,,,,,,2,8,6,,,2,3,,,,,,,,,,,
2022-12-06T05:08:51+00:00,6840773,Mogielnica - UHF,10,C0800406022D0D020000,,2,,,,,,,13,6,,,2,4,,,,,,,,,,,
2022-12-06T05:09:04+00:00,6840693,PE0SAT-11,10,C0800306022C08020000,,,,,,,,2,8,6,,,2,3,,,,,,,,,,,
2022-12-06T05:09:05+00:00,6840693,PE0SAT-11,16,C080010C02800C080200000000000000,,,,,,,,,12,12,,,2,1,,,,,,,,,,,8
2022-12-06T05:09:05+00:00,6836202,SP7THR-UHF,16,C080010C02800C080200000000000000,,,,,,,,,12,12,,,2,1,,,,,,,,,,,8
2022-12-06T05:09:05+00:00,6838569,M0KSF,16,C080010C02800C080200000000000000,,,,,,,,,12,12,,,2,1,,,,,,,,,,,8
2022-12-06T05:09:05+00:00,6836607,OE6ISP_High_Gain_LimeSDR,16,C080010C02800C080200000000000000,,,,,,,,,12,12,,,2,1,,,,,,,,,,,8
2022-12-06T05:09:05+00:00,6836615,OE6EUR15,16,C080010C02800C080200000000000000,,,,,,,,,12,12,,,2,1,,,,,,,,,,,8
2022-12-06T05:09:06+00:00,6840693,PE0SAT-11,10,C0800406022D0D020000,,2,,,,,,,13,6,,,2,4,,,,,,,,,,,
2022-12-06T05:09:08+00:00,6840773,Mogielnica - UHF,10,C0800406022D0D020000,,2,,,,,,,13,6,,,2,4,,,,,,,,,,,
2022-12-06T05:09:12+00:00,6836615,OE6EUR15,10,C0800406022D0D020000,,2,,,,,,,13,6,,,2,4,,,,,,,,,,,
2022-12-06T05:09:18+00:00,6840693,PE0SAT-11,16,C080010C02800C080200000000000000,,,,,,,,,12,12,,,2,1,,,,,,,,,,,8
2022-12-06T05:09:21+00:00,6840773,Mogielnica - UHF,16,C080010C02800C080200000000000000,,,,,,,,,12,12,,,2,1,,,,,,,,,,,8
2022-12-06T05:09:21+00:00,6840693,PE0SAT-11,10,C0800306022C08020000,,,,,,,,2,8,6,,,2,3,,,,,,,,,,,
2022-12-06T05:09:22+00:00,6840773,Mogielnica - UHF,10,C0800206022C03020000,,,,,,,2,,3,6,,,2,2,,,,,,,,,,,
2022-12-06T05:09:22+00:00,6840693,PE0SAT-11,16,C080010C02800C080200000000000000,,,,,,,,,12,12,,,2,1,,,,,,,,,,,8
2022-12-06T05:09:22+00:00,6836202,SP7THR-UHF,16,C080010C02800C080200000000000000,,,,,,,,,12,12,,,2,1,,,,,,,,,,,8
2022-12-06T05:09:22+00:00,6838569,M0KSF,16,C080010C02800C080200000000000000,,,,,,,,,12,12,,,2,1,,,,,,,,,,,8
2022-12-06T05:09:23+00:00,6840773,Mogielnica - UHF,16,C080010C02800C080200000000000000,,,,,,,,,12,12,,,2,1,,,,,,,,,,,8
2022-12-06T05:09:23+00:00,6840693,PE0SAT-11,10,C0800406022D0D020000,,2,,,,,,,13,6,,,2,4,,,,,,,,,,,
2022-12-06T05:09:24+00:00,6840773,Mogielnica - UHF,10,C0800306022C08020000,,,,,,,,2,8,6,,,2,3,,,,,,,,,,,
2022-12-06T05:09:26+00:00,6840773,Mogielnica - UHF,10,C0800406022D0D020000,,2,,,,,,,13,6,,,2,4,,,,,,,,,,,
2022-12-06T05:09:29+00:00,6836615,OE6EUR15,10,C0800406022D0D020000,,2,,,,,,,13,6,,,2,4,,,,,,,,,,,
2022-12-06T05:09:38+00:00,6840773,Mogielnica - UHF,16,C080010C02800C080200000000000000,,,,,,,,,12,12,,,2,1,,,,,,,,,,,8
2022-12-06T05:09:39+00:00,6840773,Mogielnica - UHF,10,C0800206022C03020000,,,,,,,2,,3,6,,,2,2,,,,,,,,,,,
2022-12-06T05:09:39+00:00,6839920,M0KSF-BB,16,C080010C02800C080200000000000000,,,,,,,,,12,12,,,2,1,,,,,,,,,,,8
2022-12-06T05:09:39+00:00,6836202,SP7THR-UHF,16,C080010C02800C080200000000000000,,,,,,,,,12,12,,,2,1,,,,,,,,,,,8
2022-12-06T05:09:39+00:00,6838569,M0KSF,16,C080010C02800C080200000000000000,,,,,,,,,12,12,,,2,1,,,,,,,,,,,8
2022-12-06T05:09:40+00:00,6840773,Mogielnica - UHF,16,C080010C02800C080200000000000000,,,,,,,,,12,12,,,2,1,,,,,,,,,,,8
2022-12-06T05:09:41+00:00,6840773,Mogielnica - UHF,10,C0800306022C08020000,,,,,,,,2,8,6,,,2,3,,,,,,,,,,,
2022-12-06T05:09:56+00:00,6840693,PE0SAT-11,10,C0800206022C03020000,,,,,,,2,,3,6,,,2,2,,,,,,,,,,,
2022-12-06T05:09:58+00:00,6840693,PE0SAT-11,10,C0800306022C08020000,,,,,,,,2,8,6,,,2,3,,,,,,,,,,,
2022-12-06T05:09:59+00:00,6840773,Mogielnica - UHF,16,C080010C02800C080200000000000000,,,,,,,,,12,12,,,2,1,,,,,,,,,,,8
2022-12-06T05:09:59+00:00,6840693,PE0SAT-11,10,C0800406022D0D020000,,2,,,,,,,13,6,,,2,4,,,,,,,,,,,
2022-12-06T05:09:59+00:00,6836202,SP7THR-UHF,16,C080010C02800C080200000000000000,,,,,,,,,12,12,,,2,1,,,,,,,,,,,8
2022-12-06T05:09:59+00:00,6838569,M0KSF,16,C080010C02800C080200000000000000,,,,,,,,,12,12,,,2,1,,,,,,,,,,,8
2022-12-06T05:10:01+00:00,6840693,PE0SAT-11,10,C0800506022D07020000,,,,,,2,,,7,6,,,2,5,,,,,,,,,,,
2022-12-06T05:10:14+00:00,6840693,PE0SAT-11,16,C080010C02800C080200000000000000,,,,,,,,,12,12,,,2,1,,,,,,,,,,,8
2022-12-06T05:10:15+00:00,6840693,PE0SAT-11,10,C0800206022C03020000,,,,,,,2,,3,6,,,2,2,,,,,,,,,,,
2022-12-06T05:10:17+00:00,6840693,PE0SAT-11,10,C0800306022C08020000,,,,,,,,2,8,6,,,2,3,,,,,,,,,,,
2022-12-06T05:10:18+00:00,6840693,PE0SAT-11,16,C080010C02800C080200000000000000,,,,,,,,,12,12,,,2,1,,,,,,,,,,,8
2022-12-06T05:10:18+00:00,6839920,M0KSF-BB,16,C080010C02800C080200000000000000,,,,,,,,,12,12,,,2,1,,,,,,,,,,,8
2022-12-06T05:10:18+00:00,6836202,SP7THR-UHF,16,C080010C02800C080200000000000000,,,,,,,,,12,12,,,2,1,,,,,,,,,,,8
2022-12-06T05:10:18+00:00,6838569,M0KSF,16,C080010C02800C080200000000000000,,,,,,,,,12,12,,,2,1,,,,,,,,,,,8
2022-12-06T05:10:18+00:00,6836615,OE6EUR15,16,C080010C02800C080200000000000000,,,,,,,,,12,12,,,2,1,,,,,,,,,,,8
2022-12-06T05:10:19+00:00,6840693,PE0SAT-11,10,C0800406022D0D020000,,2,,,,,,,13,6,,,2,4,,,,,,,,,,,
2022-12-06T05:10:20+00:00,6840693,PE0SAT-11,10,C0800506022D07020000,,,,,,2,,,7,6,,,2,5,,,,,,,,,,,
2022-12-06T05:10:24+00:00,6836615,OE6EUR15,10,C0800206022C03020000,,,,,,,2,,3,6,,,2,2,,,,,,,,,,,
2022-12-06T05:10:29+00:00,6836615,OE6EUR15,10,C0800506022D07020000,,,,,,2,,,7,6,,,2,5,,,,,,,,,,,
2022-12-06T05:10:30+00:00,6836615,OE6EUR15,10,C0800606022D01020000,,,2,,,,,,1,6,,,2,6,,,,,,,,,,,
2022-12-06T05:10:34+00:00,6840693,PE0SAT-11,16,C080010C02800C080200000000000000,,,,,,,,,12,12,,,2,1,,,,,,,,,,,8
2022-12-06T05:10:35+00:00,6840693,PE0SAT-11,10,C0800206022C03020000,,,,,,,2,,3,6,,,2,2,,,,,,,,,,,
2022-12-06T05:10:37+00:00,6840693,PE0SAT-11,10,C0800306022C08020000,,,,,,,,2,8,6,,,2,3,,,,,,,,,,,
2022-12-06T05:10:38+00:00,6840693,PE0SAT-11,16,C080010C02800C080200000000000000,,,,,,,,,12,12,,,2,1,,,,,,,,,,,8
2022-12-06T05:10:38+00:00,6840693,PE0SAT-11,10,C0800406022D0D020000,,2,,,,,,,13,6,,,2,4,,,,,,,,,,,
2022-12-06T05:10:38+00:00,6836202,SP7THR-UHF,16,C080010C02800C080200000000000000,,,,,,,,,12,12,,,2,1,,,,,,,,,,,8
2022-12-06T05:10:38+00:00,6838569,M0KSF,16,C080010C02800C080200000000000000,,,,,,,,,12,12,,,2,1,,,,,,,,,,,8
2022-12-06T05:10:38+00:00,6836615,OE6EUR15,16,C080010C02800C080200000000000000,,,,,,,,,12,12,,,2,1,,,,,,,,,,,8
2022-12-06T05:10:39+00:00,6836615,OE6EUR15,13,C080120902669F0500005A005A,,,,,,,,,159,9,,,2,18,,,,,,,5,,,,
2022-12-06T05:10:40+00:00,6840693,PE0SAT-11,10,C0800506022D07020000,,,,,,2,,,7,6,,,2,5,,,,,,,,,,,
2022-12-06T05:10:41+00:00,6840693,PE0SAT-11,10,C0800606022D01020000,,,2,,,,,,1,6,,,2,6,,,,,,,,,,,
2022-12-06T05:10:41+00:00,6836607,OE6ISP_High_Gain_LimeSDR,10,C0800506022D07020000,,,,,,2,,,7,6,,,2,5,,,,,,,,,,,
2022-12-06T05:10:43+00:00,6840693,PE0SAT-11,10,C0800706022D04020000,,,,,2,,,,4,6,,,2,7,,,,,,,,,,,
2022-12-06T05:10:44+00:00,6840693,PE0SAT-11,10,C0800806022D0A020000,2,,,,,,,,10,6,,,2,8,,,,,,,,,,,
2022-12-06T05:10:44+00:00,6836607,OE6ISP_High_Gain_LimeSDR,10,C0800706022D04020000,,,,,2,,,,4,6,,,2,7,,,,,,,,,,,
2022-12-06T05:10:45+00:00,6836615,OE6EUR15,10,C0801806022C08020000,,,,,,,,2,8,6,,,2,24,,,,,,,,,,,
2022-12-06T05:10:46+00:00,6840693,PE0SAT-11,16,C0800B0C02890508813B010006000000,,,,,,,,,5,12,,8,2,11,,,,,,,,,,,
2022-12-06T05:10:46+00:00,6840693,PE0SAT-11,16,C0800A0C02890308AB120400F067FDFF,,,,,,,,,3,12,8,,2,10,,,,,,,,,,,
2022-12-06T05:10:46+00:00,6840693,PE0SAT-11,10,C0800906022D1F020000,,,,2,,,,,31,6,,,2,9,,,,,,,,,,,
2022-12-06T05:10:47+00:00,6840693,PE0SAT-11,13,C0800D09026686050003C1025A,,,,,,,,,134,9,,,2,13,,5,,,,,,,,,
2022-12-06T05:10:47+00:00,6840693,PE0SAT-11,13,C0800C0902668105000059005C,,,,,,,,,129,9,,,2,12,5,,,,,,,,,,
2022-12-06T05:10:48+00:00,6840693,PE0SAT-11,13,C0800E0902668B0500005B005B,,,,,,,,,139,9,,,2,14,,,5,,,,,,,,
2022-12-06T05:10:49+00:00,6840693,PE0SAT-11,13,C08010090266950500005A0058,,,,,,,,,149,9,,,2,16,,,,,5,,,,,,
2022-12-06T05:10:49+00:00,6840693,PE0SAT-11,13,C0800F0902669005000059005A,,,,,,,,,144,9,,,2,15,,,,5,,,,,,,
2022-12-06T05:10:50+00:00,6840693,PE0SAT-11,16,C0800A0C02890308AB120400F067FDFF,,,,,,,,,3,12,8,,2,10,,,,,,,,,,,
2022-12-06T05:10:50+00:00,6840693,PE0SAT-11,13,C080120902669F0500005A005A,,,,,,,,,159,9,,,2,18,,,,,,,5,,,,
2022-12-06T05:10:50+00:00,6840693,PE0SAT-11,13,C080110902669A05000059005A,,,,,,,,,154,9,,,2,17,,,,,,5,,,,,
2022-12-06T05:10:50+00:00,6838569,M0KSF,16,C0800A0C02890308AB120400F067FDFF,,,,,,,,,3,12,8,,2,10,,,,,,,,,,,
2022-12-06T05:10:50+00:00,6836607,OE6ISP_High_Gain_LimeSDR,16,C0800A0C02890308AB120400F067FDFF,,,,,,,,,3,12,8,,2,10,,,,,,,,,,,
2022-12-06T05:10:50+00:00,6836615,OE6EUR15,16,C0800A0C02890308AB120400F067FDFF,,,,,,,,,3,12,8,,2,10,,,,,,,,,,,
2022-12-06T05:10:51+00:00,6840693,PE0SAT-11,16,C0800B0C02890508813B010006000000,,,,,,,,,5,12,,8,2,11,,,,,,,,,,,
2022-12-06T05:10:51+00:00,6840693,PE0SAT-11,13,C08014090266A9050000000000,,,,,,,,,169,9,,,2,20,,,,,,,,,5,,
2022-12-06T05:10:51+00:00,6840693,PE0SAT-11,13,C08013090266A405000058005B,,,,,,,,,164,9,,,2,19,,,,,,,,5,,,
2022-12-06T05:10:51+00:00,6838569,M0KSF,16,C0800B0C02890508813B010006000000,,,,,,,,,5,12,,8,2,11,,,,,,,,,,,
2022-12-06T05:10:51+00:00,6836607,OE6ISP_High_Gain_LimeSDR,16,C0800B0C02890508813B010006000000,,,,,,,,,5,12,,8,2,11,,,,,,,,,,,
2022-12-06T05:10:51+00:00,6836607,OE6ISP_High_Gain_LimeSDR,13,C080120902669F0500005A005A,,,,,,,,,159,9,,,2,18,,,,,,,5,,,,
2022-12-06T05:10:51+00:00,6836607,OE6ISP_High_Gain_LimeSDR,13,C080110902669A05000059005A,,,,,,,,,154,9,,,2,17,,,,,,5,,,,,
2022-12-06T05:10:51+00:00,6836615,OE6EUR15,16,C0800B0C02890508813B010006000000,,,,,,,,,5,12,,8,2,11,,,,,,,,,,,
2022-12-06T05:10:52+00:00,6840693,PE0SAT-11,16,C080160C02800C080C00000068000B00,,,,,,,,,12,12,,,2,22,,,,,,,,,,,8
2022-12-06T05:10:52+00:00,6840693,PE0SAT-11,13,C08015090266AC050000000000,,,,,,,,,172,9,,,2,21,,,,,,,,,,5,
2022-12-06T05:10:53+00:00,6836607,OE6ISP_High_Gain_LimeSDR,16,C080160C02800C080C00000068000B00,,,,,,,,,12,12,,,2,22,,,,,,,,,,,8
2022-12-06T05:10:54+00:00,6840693,PE0SAT-11,10,C0801706022C03020000,,,,,,,2,,3,6,,,2,23,,,,,,,,,,,
2022-12-06T05:10:55+00:00,6840693,PE0SAT-11,10,C0801806022C08020000,,,,,,,,2,8,6,,,2,24,,,,,,,,,,,
2022-12-06T05:10:56+00:00,6840693,PE0SAT-11,16,C080160C02800C080C00000068000B00,,,,,,,,,12,12,,,2,22,,,,,,,,,,,8
2022-12-06T05:10:56+00:00,6838569,M0KSF,16,C080160C02800C080C00000068000B00,,,,,,,,,12,12,,,2,22,,,,,,,,,,,8
2022-12-06T05:10:56+00:00,6836607,OE6ISP_High_Gain_LimeSDR,16,C080160C02800C080C00000068000B00,,,,,,,,,12,12,,,2,22,,,,,,,,,,,8
2022-12-06T05:10:56+00:00,6836607,OE6ISP_High_Gain_LimeSDR,10,C0801806022C08020000,,,,,,,,2,8,6,,,2,24,,,,,,,,,,,
2022-12-06T05:10:57+00:00,6840693,PE0SAT-11,10,C0801906022D0D020000,,2,,,,,,,13,6,,,2,25,,,,,,,,,,,
2022-12-06T05:10:58+00:00,6840693,PE0SAT-11,10,C0801A06022D07020000,,,,,,2,,,7,6,,,2,26,,,,,,,,,,,
2022-12-06T05:10:58+00:00,6836607,OE6ISP_High_Gain_LimeSDR,10,C0801906022D0D020000,,2,,,,,,,13,6,,,2,25,,,,,,,,,,,
2022-12-06T05:10:59+00:00,6836607,OE6ISP_High_Gain_LimeSDR,10,C0801A06022D07020000,,,,,,2,,,7,6,,,2,26,,,,,,,,,,,
2022-12-06T05:11:02+00:00,6840693,PE0SAT-11,10,C0801B06022D01020000,,,2,,,,,,1,6,,,2,27,,,,,,,,,,,
2022-12-06T05:11:05+00:00,6840693,PE0SAT-11,10,C0801C06022D04020000,,,,,2,,,,4,6,,,2,28,,,,,,,,,,,
2022-12-06T05:11:06+00:00,6840693,PE0SAT-11,10,C0801D06022D0A020000,2,,,,,,,,10,6,,,2,29,,,,,,,,,,,
2022-12-06T05:11:06+00:00,6836615,OE6EUR15,10,C0802D06022C08020000,,,,,,,,2,8,6,,,2,45,,,,,,,,,,,
2022-12-06T05:11:07+00:00,6840693,PE0SAT-11,10,C0801E06022D1F020000,,,,2,,,,,31,6,,,2,30,,,,,,,,,,,
2022-12-06T05:11:08+00:00,6840693,PE0SAT-11,16,C080200C028905087C2F010011000000,,,,,,,,,5,12,,8,2,32,,,,,,,,,,,
2022-12-06T05:11:08+00:00,6840693,PE0SAT-11,16,C0801F0C02890308BD3F04008D74FCFF,,,,,,,,,3,12,8,,2,31,,,,,,,,,,,
2022-12-06T05:11:09+00:00,6840693,PE0SAT-11,13,C0802209026686050003C1025B,,,,,,,,,134,9,,,2,34,,5,,,,,,,,,
2022-12-06T05:11:09+00:00,6840693,PE0SAT-11,13,C08021090266810500005A005B,,,,,,,,,129,9,,,2,33,5,,,,,,,,,,
2022-12-06T05:11:09+00:00,6836615,OE6EUR15,10,C0802F06022D07020000,,,,,,2,,,7,6,,,2,47,,,,,,,,,,,
2022-12-06T05:11:10+00:00,6840693,PE0SAT-11,13,C080240902669005000059005A,,,,,,,,,144,9,,,2,36,,,,5,,,,,,,
2022-12-06T05:11:10+00:00,6840693,PE0SAT-11,13,C080230902668B0500005B005B,,,,,,,,,139,9,,,2,35,,,5,,,,,,,,
2022-12-06T05:11:11+00:00,6840693,PE0SAT-11,13,C080260902669A050000590059,,,,,,,,,154,9,,,2,38,,,,,,5,,,,,
2022-12-06T05:11:11+00:00,6840693,PE0SAT-11,13,C08025090266950500005A0058,,,,,,,,,149,9,,,2,37,,,,,5,,,,,,
2022-12-06T05:11:12+00:00,6840693,PE0SAT-11,16,C0801F0C02890308BD3F04008D74FCFF,,,,,,,,,3,12,8,,2,31,,,,,,,,,,,
2022-12-06T05:11:12+00:00,6840693,PE0SAT-11,13,C08028090266A405000058005A,,,,,,,,,164,9,,,2,40,,,,,,,,5,,,
2022-12-06T05:11:12+00:00,6840693,PE0SAT-11,13,C080270902669F0500005A005B,,,,,,,,,159,9,,,2,39,,,,,,,5,,,,
2022-12-06T05:11:12+00:00,6836615,OE6EUR15,10,C0803106022D04020000,,,,,2,,,,4,6,,,2,49,,,,,,,,,,,
2022-12-06T05:11:13+00:00,6840693,PE0SAT-11,16,C080200C028905087C2F010011000000,,,,,,,,,5,12,,8,2,32,,,,,,,,,,,
2022-12-06T05:11:13+00:00,6840693,PE0SAT-11,13,C0802A090266AC050000000000,,,,,,,,,172,9,,,2,42,,,,,,,,,,5,
2022-12-06T05:11:13+00:00,6840693,PE0SAT-11,13,C08029090266A9050000000000,,,,,,,,,169,9,,,2,41,,,,,,,,,5,,
2022-12-06T05:11:14+00:00,6840693,PE0SAT-11,16,C0802B0C02800C0817000000D0E90400,,,,,,,,,12,12,,,2,43,,,,,,,,,,,8
2022-12-06T05:11:15+00:00,6840693,PE0SAT-11,10,C0802C06022C03020000,,,,,,,2,,3,6,,,2,44,,,,,,,,,,,
2022-12-06T05:11:17+00:00,6840693,PE0SAT-11,10,C0802D06022C08020000,,,,,,,,2,8,6,,,2,45,,,,,,,,,,,
2022-12-06T05:11:18+00:00,6840693,PE0SAT-11,16,C0802B0C02800C0817000000D0E90400,,,,,,,,,12,12,,,2,43,,,,,,,,,,,8
2022-12-06T05:11:18+00:00,6840693,PE0SAT-11,10,C0802E06022D0D020000,,2,,,,,,,13,6,,,2,46,,,,,,,,,,,
2022-12-06T05:11:18+00:00,6836607,OE6ISP_High_Gain_LimeSDR,16,C0802B0C02800C0817000000D0E90400,,,,,,,,,12,12,,,2,43,,,,,,,,,,,8
2022-12-06T05:11:21+00:00,6840693,PE0SAT-11,10,C0803006022D01020000,,,2,,,,,,1,6,,,2,48,,,,,,,,,,,
2022-12-06T05:11:23+00:00,6840693,PE0SAT-11,10,C0803106022D04020000,,,,,2,,,,4,6,,,2,49,,,,,,,,,,,
2022-12-06T05:11:26+00:00,6840693,PE0SAT-11,10,C0803306022D1F020000,,,,2,,,,,31,6,,,2,51,,,,,,,,,,,
2022-12-06T05:11:27+00:00,6840693,PE0SAT-11,13,C08036090266810500005A005C,,,,,,,,,129,9,,,2,54,5,,,,,,,,,,
2022-12-06T05:11:28+00:00,6840693,PE0SAT-11,13,C080380902668B0500005A005C,,,,,,,,,139,9,,,2,56,,,5,,,,,,,,
2022-12-06T05:11:31+00:00,6840693,PE0SAT-11,16,C080350C028905089BEB03001C000000,,,,,,,,,5,12,,8,2,53,,,,,,,,,,,
2022-12-06T05:11:31+00:00,6836202,SP7THR-UHF,16,C080350C028905089BEB03001C000000,,,,,,,,,5,12,,8,2,53,,,,,,,,,,,
2022-12-06T05:11:31+00:00,6838569,M0KSF,16,C080340C0289030801030000D728FDFF,,,,,,,,,3,12,8,,2,52,,,,,,,,,,,
2022-12-06T05:11:31+00:00,6838569,M0KSF,16,C080350C028905089BEB03001C000000,,,,,,,,,5,12,,8,2,53,,,,,,,,,,,
2022-12-06T05:11:31+00:00,6836615,OE6EUR15,16,C080350C028905089BEB03001C000000,,,,,,,,,5,12,,8,2,53,,,,,,,,,,,
2022-12-06T05:11:31+00:00,6836615,OE6EUR15,16,C080340C0289030801030000D728FDFF,,,,,,,,,3,12,8,,2,52,,,,,,,,,,,
2022-12-06T05:11:37+00:00,6836615,OE6EUR15,13,C0803F090266AC050000000000,,,,,,,,,172,9,,,2,63,,,,,,,,,,5,
2022-12-06T05:11:39+00:00,6836615,OE6EUR15,10,C0804106022C03020000,,,,,,,2,,3,6,,,2,65,,,,,,,,,,,
2022-12-06T05:11:44+00:00,6836615,OE6EUR15,10,C0804406022D07020000,,,,,,2,,,7,6,,,2,68,,,,,,,,,,,
2022-12-06T05:11:45+00:00,6836615,OE6EUR15,10,C0804506022D01020000,,,2,,,,,,1,6,,,2,69,,,,,,,,,,,
2022-12-06T05:11:48+00:00,6836615,OE6EUR15,10,C0804706022D0A020000,2,,,,,,,,10,6,,,2,71,,,,,,,,,,,
2022-12-06T05:11:50+00:00,6836615,OE6EUR15,16,C080490C02890308A30004008562FCFF,,,,,,,,,3,12,8,,2,73,,,,,,,,,,,
2022-12-06T05:11:50+00:00,6836615,OE6EUR15,10,C0804806022D1F020000,,,,2,,,,,31,6,,,2,72,,,,,,,,,,,
2022-12-06T05:11:51+00:00,6836615,OE6EUR15,13,C0804B0902668105000059005C,,,,,,,,,129,9,,,2,75,5,,,,,,,,,,
2022-12-06T05:11:51+00:00,6836615,OE6EUR15,16,C0804A0C02890508B4B9010026000000,,,,,,,,,5,12,,8,2,74,,,,,,,,,,,
2022-12-06T05:11:52+00:00,6836615,OE6EUR15,13,C0804D0902668B0500005A005B,,,,,,,,,139,9,,,2,77,,,5,,,,,,,,
2022-12-06T05:11:52+00:00,6836615,OE6EUR15,13,C0804C09026686050003BF0259,,,,,,,,,134,9,,,2,76,,5,,,,,,,,,
2022-12-06T05:11:53+00:00,6838569,M0KSF,16,C080400C02800C0822000000B0360000,,,,,,,,,12,12,,,2,64,,,,,,,,,,,8
2022-12-06T05:11:53+00:00,6836615,OE6EUR15,13,C0804E090266900500005A005C,,,,,,,,,144,9,,,2,78,,,,5,,,,,,,
2022-12-06T05:11:54+00:00,6836615,OE6EUR15,13,C0804F090266950500005B0059,,,,,,,,,149,9,,,2,79,,,,,5,,,,,,
2022-12-06T05:11:55+00:00,6836615,OE6EUR15,13,C08052090266A405000058005A,,,,,,,,,164,9,,,2,82,,,,,,,,5,,,
2022-12-06T05:11:56+00:00,6836615,OE6EUR15,13,C08054090266AC050000000000,,,,,,,,,172,9,,,2,84,,,,,,,,,,5,
2022-12-06T05:11:57+00:00,6836615,OE6EUR15,16,C080550C02800C082C00000098F80A00,,,,,,,,,12,12,,,2,85,,,,,,,,,,,8
2022-12-06T05:11:59+00:00,6836615,OE6EUR15,10,C0805706022C08020000,,,,,,,,2,8,6,,,2,87,,,,,,,,,,,
2022-12-06T05:12:05+00:00,6838569,M0KSF,16,C080490C02890308A30004008562FCFF,,,,,,,,,3,12,8,,2,73,,,,,,,,,,,
2022-12-06T05:12:05+00:00,6836615,OE6EUR15,16,C080490C02890308A30004008562FCFF,,,,,,,,,3,12,8,,2,73,,,,,,,,,,,
2022-12-06T05:12:06+00:00,6838569,M0KSF,16,C0804A0C02890508B4B9010026000000,,,,,,,,,5,12,,8,2,74,,,,,,,,,,,
2022-12-06T05:12:06+00:00,6836615,OE6EUR15,16,C0804A0C02890508B4B9010026000000,,,,,,,,,5,12,,8,2,74,,,,,,,,,,,
2022-12-06T05:12:08+00:00,6836615,OE6EUR15,10,C0805B06022D04020000,,,,,2,,,,4,6,,,2,91,,,,,,,,,,,
2022-12-06T05:12:12+00:00,6838569,M0KSF,16,C080550C02800C082C00000098F80A00,,,,,,,,,12,12,,,2,85,,,,,,,,,,,8
2022-12-06T05:12:12+00:00,6836615,OE6EUR15,16,C080550C02800C082C00000098F80A00,,,,,,,,,12,12,,,2,85,,,,,,,,,,,8
2022-12-06T05:14:55+00:00,6838569,M0KSF,16,C0805E0C02890308ECCCFFFFCBEF0100,,,,,,,,,3,12,8,,2,94,,,,,,,,,,,
2022-12-06T05:16:23+00:00,6838569,M0KSF,16,C0800A0C0289030819210500F9EDFFFF,,,,,,,,,3,12,8,,2,10,,,,,,,,,,,
2022-12-06T05:16:24+00:00,6838569,M0KSF,16,C0800B0C02890508F455020006000000,,,,,,,,,5,12,,8,2,11,,,,,,,,,,,
2022-12-06T05:16:30+00:00,6838569,M0KSF,16,C080160C02800C080C00000098F80A00,,,,,,,,,12,12,,,2,22,,,,,,,,,,,8
2022-12-06T05:16:52+00:00,6838569,M0KSF,16,C080010C02800C080200000000000000,,,,,,,,,12,12,,,2,1,,,,,,,,,,,8
2022-12-06T06:47:24+00:00,6838571,M0KSF,16,C080010C02800C080200000000000000,,,,,,,,,12,12,,,2,1,,,,,,,,,,,8
2022-12-06T06:47:37+00:00,6838571,M0KSF,16,C080010C02800C0802000000D0070000,,,,,,,,,12,12,,,2,1,,,,,,,,,,,8
2022-12-06T06:47:51+00:00,6838571,M0KSF,16,C080010C02800C0802000000D0070000,,,,,,,,,12,12,,,2,1,,,,,,,,,,,8
2022-12-06T06:48:05+00:00,6838571,M0KSF,16,C080010C02800C080200000000000000,,,,,,,,,12,12,,,2,1,,,,,,,,,,,8
2022-12-06T06:48:20+00:00,6838571,M0KSF,16,C080010C02800C0802000000D0070000,,,,,,,,,12,12,,,2,1,,,,,,,,,,,8
2022-12-06T06:48:49+00:00,6838571,M0KSF,16,C080010C02800C0802000000D0070000,,,,,,,,,12,12,,,2,1,,,,,,,,,,,8
2022-12-06T06:49:04+00:00,6838571,M0KSF,16,C080010C02800C080200000000000000,,,,,,,,,12,12,,,2,1,,,,,,,,,,,8
2022-12-06T06:49:18+00:00,6838571,M0KSF,16,C080010C02800C080200000000000000,,,,,,,,,12,12,,,2,1,,,,,,,,,,,8
2022-12-06T06:49:33+00:00,6838571,M0KSF,16,C080010C02800C0802000000D0070000,,,,,,,,,12,12,,,2,1,,,,,,,,,,,8
2022-12-06T06:49:48+00:00,6839922,M0KSF-BB,16,C080010C02800C080200000000000000,,,,,,,,,12,12,,,2,1,,,,,,,,,,,8
2022-12-06T06:49:48+00:00,6838571,M0KSF,16,C080010C02800C080200000000000000,,,,,,,,,12,12,,,2,1,,,,,,,,,,,8
2022-12-06T06:50:01+00:00,6839922,M0KSF-BB,16,C080010C02800C080200000000000000,,,,,,,,,12,12,,,2,1,,,,,,,,,,,8
2022-12-06T06:50:01+00:00,6838571,M0KSF,16,C080010C02800C080200000000000000,,,,,,,,,12,12,,,2,1,,,,,,,,,,,8
2022-12-06T06:55:26+00:00,6838571,M0KSF,16,C080010C02800C080200000000000000,,,,,,,,,12,12,,,2,1,,,,,,,,,,,8
2022-12-06T06:55:38+00:00,6838571,M0KSF,16,C080010C02800C0802000000D0070000,,,,,,,,,12,12,,,2,1,,,,,,,,,,,8
2022-12-06T06:55:52+00:00,6838571,M0KSF,16,C080010C02800C080200000000000000,,,,,,,,,12,12,,,2,1,,,,,,,,,,,8
2022-12-06T10:10:14+00:00,6840962,MAUSyagi,16,C080010C02800C080200000000000000,,,,,,,,,12,12,,,2,1,,,,,,,,,,,8
2022-12-06T10:10:18+00:00,6840962,MAUSyagi,16,C080010C02800C080200000000000000,,,,,,,,,12,12,,,2,1,,,,,,,,,,,8
2022-12-06T10:10:31+00:00,6840957,MAUSyagi,16,C080010C02800C0802000000D0070000,,,,,,,,,12,12,,,2,1,,,,,,,,,,,8
2022-12-06T10:10:41+00:00,6840962,MAUSyagi,16,C080010C02800C080200000000000000,,,,,,,,,12,12,,,2,1,,,,,,,,,,,8
2022-12-06T10:10:42+00:00,6840962,MAUSyagi,10,C0800206022C03020000,,,,,,,2,,3,6,,,2,2,,,,,,,,,,,
2022-12-06T10:10:44+00:00,6840957,MAUSyagi,16,C080010C02800C080200000000000000,,,,,,,,,12,12,,,2,1,,,,,,,,,,,8
2022-12-06T10:10:45+00:00,6840957,MAUSyagi,16,C080010C02800C080200000000000000,,,,,,,,,12,12,,,2,1,,,,,,,,,,,8
2022-12-06T10:10:45+00:00,6840957,MAUSyagi,10,C0800206022C03020000,,,,,,,2,,3,6,,,2,2,,,,,,,,,,,
2022-12-06T10:10:55+00:00,6840962,MAUSyagi,16,C080010C02800C080200000000000000,,,,,,,,,12,12,,,2,1,,,,,,,,,,,8
2022-12-06T10:10:58+00:00,6840957,MAUSyagi,16,C080010C02800C080200000000000000,,,,,,,,,12,12,,,2,1,,,,,,,,,,,8
2022-12-06T10:10:58+00:00,6840962,MAUSyagi,10,C0800306022C08020000,,,,,,,,2,8,6,,,2,3,,,,,,,,,,,
2022-12-06T10:11:00+00:00,6840957,MAUSyagi,16,C080010C02800C080200000000000000,,,,,,,,,12,12,,,2,1,,,,,,,,,,,8
2022-12-06T10:11:00+00:00,6840957,MAUSyagi,10,C0800206022C03020000,,,,,,,2,,3,6,,,2,2,,,,,,,,,,,
2022-12-06T10:11:01+00:00,6840957,MAUSyagi,10,C0800306022C08020000,,,,,,,,2,8,6,,,2,3,,,,,,,,,,,
2022-12-06T10:11:12+00:00,6840962,MAUSyagi,10,C0800206022C03020000,,,,,,,2,,3,6,,,2,2,,,,,,,,,,,
2022-12-06T10:11:14+00:00,6840957,MAUSyagi,16,C080010C02800C0802000000D0070000,,,,,,,,,12,12,,,2,1,,,,,,,,,,,8
2022-12-06T10:11:15+00:00,6840957,MAUSyagi,16,C080010C02800C0802000000D0070000,,,,,,,,,12,12,,,2,1,,,,,,,,,,,8
2022-12-06T10:11:15+00:00,6840957,MAUSyagi,10,C0800206022C03020000,,,,,,,2,,3,6,,,2,2,,,,,,,,,,,
2022-12-06T10:11:27+00:00,6840962,MAUSyagi,10,C0800206022C03020000,,,,,,,2,,3,6,,,2,2,,,,,,,,,,,
2022-12-06T10:11:48+00:00,6840957,MAUSyagi,10,C0800406022D0D020000,,2,,,,,,,13,6,,,2,4,,,,,,,,,,,
2022-12-07T04:28:33+00:00,6836611,OE6ISP_High_Gain_LimeSDR,16,C080010C02800C080200000000000000,,,,,,,,,12,12,,,2,1,,,,,,,,,,,8
2022-12-07T04:28:37+00:00,6836611,OE6ISP_High_Gain_LimeSDR,16,C080010C02800C080200000000000000,,,,,,,,,12,12,,,2,1,,,,,,,,,,,8
2022-12-07T04:31:08+00:00,6843048,M0KSF,16,C080010C02800C080200000000000000,,,,,,,,,12,12,,,2,1,,,,,,,,,,,8
2022-12-07T04:31:19+00:00,6836611,OE6ISP_High_Gain_LimeSDR,10,C0800206022C03020000,,,,,,,2,,3,6,,,2,2,,,,,,,,,,,
2022-12-07T04:31:19+00:00,6836619,OE6EUR15,10,C0800206022C03020000,,,,,,,2,,3,6,,,2,2,,,,,,,,,,,
2022-12-07T04:31:33+00:00,6836611,OE6ISP_High_Gain_LimeSDR,16,C080010C02800C0802000000E8030000,,,,,,,,,12,12,,,2,1,,,,,,,,,,,8
2022-12-07T04:31:34+00:00,6836611,OE6ISP_High_Gain_LimeSDR,10,C0800206022C03020000,,,,,,,2,,3,6,,,2,2,,,,,,,,,,,
2022-12-07T04:31:36+00:00,6843048,M0KSF,16,C080010C02800C0802000000E8030000,,,,,,,,,12,12,,,2,1,,,,,,,,,,,8
2022-12-07T04:31:36+00:00,6841505,Apomahon,16,C080010C02800C0802000000E8030000,,,,,,,,,12,12,,,2,1,,,,,,,,,,,8
2022-12-07T04:31:36+00:00,6836611,OE6ISP_High_Gain_LimeSDR,16,C080010C02800C0802000000E8030000,,,,,,,,,12,12,,,2,1,,,,,,,,,,,8
2022-12-07T04:31:36+00:00,6836611,OE6ISP_High_Gain_LimeSDR,10,C0800306022C08020000,,,,,,,,2,8,6,,,2,3,,,,,,,,,,,
2022-12-07T04:31:36+00:00,6836619,OE6EUR15,10,C0800306022C08020000,,,,,,,,2,8,6,,,2,3,,,,,,,,,,,
2022-12-07T04:31:37+00:00,6836611,OE6ISP_High_Gain_LimeSDR,10,C0800406022D0D020000,,2,,,,,,,13,6,,,2,4,,,,,,,,,,,
2022-12-07T04:31:38+00:00,6836619,OE6EUR15,10,C0800406022D0D020000,,2,,,,,,,13,6,,,2,4,,,,,,,,,,,
2022-12-07T04:31:50+00:00,6836611,OE6ISP_High_Gain_LimeSDR,16,C080010C02800C0802000000D0070000,,,,,,,,,12,12,,,2,1,,,,,,,,,,,8
2022-12-07T04:31:50+00:00,6836619,OE6EUR15,16,C080010C02800C0802000000D0070000,,,,,,,,,12,12,,,2,1,,,,,,,,,,,8
2022-12-07T04:31:51+00:00,6836611,OE6ISP_High_Gain_LimeSDR,10,C0800206022C03020000,,,,,,,2,,3,6,,,2,2,,,,,,,,,,,
2022-12-07T04:31:52+00:00,6836619,OE6EUR15,10,C0800206022C03020000,,,,,,,2,,3,6,,,2,2,,,,,,,,,,,
2022-12-07T04:31:53+00:00,6836619,OE6EUR15,10,C0800306022C08020000,,,,,,,,2,8,6,,,2,3,,,,,,,,,,,
2022-12-07T04:31:54+00:00,6836611,OE6ISP_High_Gain_LimeSDR,10,C0800406022D0D020000,,2,,,,,,,13,6,,,2,4,,,,,,,,,,,
2022-12-07T04:31:54+00:00,6836619,OE6EUR15,10,C0800406022D0D020000,,2,,,,,,,13,6,,,2,4,,,,,,,,,,,
2022-12-07T04:31:56+00:00,6836611,OE6ISP_High_Gain_LimeSDR,10,C0800506022D07020000,,,,,,2,,,7,6,,,2,5,,,,,,,,,,,
2022-12-07T04:31:56+00:00,6836619,OE6EUR15,10,C0800506022D07020000,,,,,,2,,,7,6,,,2,5,,,,,,,,,,,
2022-12-07T04:31:57+00:00,6836611,OE6ISP_High_Gain_LimeSDR,10,C0800606022D01020000,,,2,,,,,,1,6,,,2,6,,,,,,,,,,,
2022-12-07T04:31:58+00:00,6836619,OE6EUR15,10,C0800606022D01020000,,,2,,,,,,1,6,,,2,6,,,,,,,,,,,
2022-12-07T04:31:59+00:00,6836611,OE6ISP_High_Gain_LimeSDR,10,C0800706022D04020000,,,,,2,,,,4,6,,,2,7,,,,,,,,,,,
2022-12-07T04:31:59+00:00,6836619,OE6EUR15,10,C0800706022D04020000,,,,,2,,,,4,6,,,2,7,,,,,,,,,,,
2022-12-07T04:32:00+00:00,6836611,OE6ISP_High_Gain_LimeSDR,10,C0800806022D0A020000,2,,,,,,,,10,6,,,2,8,,,,,,,,,,,
2022-12-07T04:32:00+00:00,6836619,OE6EUR15,10,C0800806022D0A020000,2,,,,,,,,10,6,,,2,8,,,,,,,,,,,
2022-12-07T04:32:02+00:00,6836611,OE6ISP_High_Gain_LimeSDR,16,C0800A0C028903082BBC0700A7980100,,,,,,,,,3,12,8,,2,10,,,,,,,,,,,
2022-12-07T04:32:02+00:00,6836611,OE6ISP_High_Gain_LimeSDR,10,C0800906022D1F020000,,,,2,,,,,31,6,,,2,9,,,,,,,,,,,
2022-12-07T04:32:02+00:00,6836619,OE6EUR15,16,C0800A0C028903082BBC0700A7980100,,,,,,,,,3,12,8,,2,10,,,,,,,,,,,
2022-12-07T04:32:02+00:00,6836619,OE6EUR15,10,C0800906022D1F020000,,,,2,,,,,31,6,,,2,9,,,,,,,,,,,
2022-12-07T04:32:03+00:00,6836619,OE6EUR15,13,C0800C090266810500005A005B,,,,,,,,,129,9,,,2,12,5,,,,,,,,,,
2022-12-07T04:32:03+00:00,6836619,OE6EUR15,16,C0800B0C0289050874A9FEFF06000000,,,,,,,,,5,12,,8,2,11,,,,,,,,,,,
2022-12-07T04:32:04+00:00,6836619,OE6EUR15,13,C0800D09026686050003C6025C,,,,,,,,,134,9,,,2,13,,5,,,,,,,,,
2022-12-07T04:32:05+00:00,6836611,OE6ISP_High_Gain_LimeSDR,16,C0800A0C028903082BBC0700A7980100,,,,,,,,,3,12,8,,2,10,,,,,,,,,,,
2022-12-07T04:32:05+00:00,6836619,OE6EUR15,13,C08010090266950500005B0058,,,,,,,,,149,9,,,2,16,,,,,5,,,,,,
2022-12-07T04:32:05+00:00,6836619,OE6EUR15,13,C0800F0902669005000059005A,,,,,,,,,144,9,,,2,15,,,,5,,,,,,,
2022-12-07T04:32:05+00:00,6836619,OE6EUR15,13,C0800E0902668B0500005B005C,,,,,,,,,139,9,,,2,14,,,5,,,,,,,,
2022-12-07T04:32:06+00:00,6843048,M0KSF,16,C0800B0C0289050874A9FEFF06000000,,,,,,,,,5,12,,8,2,11,,,,,,,,,,,
2022-12-07T04:32:06+00:00,6843048,M0KSF,16,C0800A0C028903082BBC0700A7980100,,,,,,,,,3,12,8,,2,10,,,,,,,,,,,
2022-12-07T04:32:06+00:00,6841505,Apomahon,16,C0800B0C0289050874A9FEFF06000000,,,,,,,,,5,12,,8,2,11,,,,,,,,,,,
2022-12-07T04:32:06+00:00,6836611,OE6ISP_High_Gain_LimeSDR,13,C080120902669F0500005A005A,,,,,,,,,159,9,,,2,18,,,,,,,5,,,,
2022-12-07T04:32:06+00:00,6836611,OE6ISP_High_Gain_LimeSDR,13,C080110902669A05000059005B,,,,,,,,,154,9,,,2,17,,,,,,5,,,,,
2022-12-07T04:32:06+00:00,6836619,OE6EUR15,16,C0800B0C0289050874A9FEFF06000000,,,,,,,,,5,12,,8,2,11,,,,,,,,,,,
2022-12-07T04:32:06+00:00,6836619,OE6EUR15,16,C0800A0C028903082BBC0700A7980100,,,,,,,,,3,12,8,,2,10,,,,,,,,,,,
2022-12-07T04:32:06+00:00,6836619,OE6EUR15,13,C080110902669A05000059005B,,,,,,,,,154,9,,,2,17,,,,,,5,,,,,
2022-12-07T04:32:07+00:00,6836611,OE6ISP_High_Gain_LimeSDR,13,C08013090266A40500005A005B,,,,,,,,,164,9,,,2,19,,,,,,,,5,,,
2022-12-07T04:32:07+00:00,6836619,OE6EUR15,13,C08013090266A40500005A005B,,,,,,,,,164,9,,,2,19,,,,,,,,5,,,
2022-12-07T04:32:07+00:00,6836619,OE6EUR15,13,C080120902669F0500005A005A,,,,,,,,,159,9,,,2,18,,,,,,,5,,,,
2022-12-07T04:32:08+00:00,6836611,OE6ISP_High_Gain_LimeSDR,13,C08015090266AC050000000000,,,,,,,,,172,9,,,2,21,,,,,,,,,,5,
2022-12-07T04:32:08+00:00,6836611,OE6ISP_High_Gain_LimeSDR,13,C08014090266A9050000000000,,,,,,,,,169,9,,,2,20,,,,,,,,,5,,
2022-12-07T04:32:08+00:00,6836619,OE6EUR15,13,C08015090266AC050000000000,,,,,,,,,172,9,,,2,21,,,,,,,,,,5,
2022-12-07T04:32:08+00:00,6836619,OE6EUR15,13,C08014090266A9050000000000,,,,,,,,,169,9,,,2,20,,,,,,,,,5,,
2022-12-07T04:32:09+00:00,6836611,OE6ISP_High_Gain_LimeSDR,16,C080160C02800C080C00000010E50A00,,,,,,,,,12,12,,,2,22,,,,,,,,,,,8
2022-12-07T04:32:09+00:00,6836619,OE6EUR15,16,C080160C02800C080C00000010E50A00,,,,,,,,,12,12,,,2,22,,,,,,,,,,,8
2022-12-07T04:32:10+00:00,6836611,OE6ISP_High_Gain_LimeSDR,10,C0801706022C03020000,,,,,,,2,,3,6,,,2,23,,,,,,,,,,,
2022-12-07T04:32:12+00:00,6843048,M0KSF,16,C080160C02800C080C00000010E50A00,,,,,,,,,12,12,,,2,22,,,,,,,,,,,8
2022-12-07T04:32:12+00:00,6836611,OE6ISP_High_Gain_LimeSDR,16,C080160C02800C080C00000010E50A00,,,,,,,,,12,12,,,2,22,,,,,,,,,,,8
2022-12-07T04:32:12+00:00,6836619,OE6EUR15,16,C080160C02800C080C00000010E50A00,,,,,,,,,12,12,,,2,22,,,,,,,,,,,8
2022-12-07T04:32:13+00:00,6836619,OE6EUR15,10,C0801906022D0D020000,,2,,,,,,,13,6,,,2,25,,,,,,,,,,,
2022-12-07T04:32:15+00:00,6836611,OE6ISP_High_Gain_LimeSDR,10,C0801A06022D07020000,,,,,,2,,,7,6,,,2,26,,,,,,,,,,,
2022-12-07T04:32:15+00:00,6836619,OE6EUR15,10,C0801A06022D07020000,,,,,,2,,,7,6,,,2,26,,,,,,,,,,,
2022-12-07T04:32:21+00:00,6836611,OE6ISP_High_Gain_LimeSDR,10,C0801C06022D04020000,,,,,2,,,,4,6,,,2,28,,,,,,,,,,,
2022-12-07T04:32:21+00:00,6836619,OE6EUR15,10,C0801C06022D04020000,,,,,2,,,,4,6,,,2,28,,,,,,,,,,,
2022-12-07T04:32:22+00:00,6836611,OE6ISP_High_Gain_LimeSDR,10,C0801D06022D0A020000,2,,,,,,,,10,6,,,2,29,,,,,,,,,,,
2022-12-07T04:32:22+00:00,6836619,OE6EUR15,10,C0801D06022D0A020000,2,,,,,,,,10,6,,,2,29,,,,,,,,,,,
2022-12-07T04:32:24+00:00,6836611,OE6ISP_High_Gain_LimeSDR,16,C0801F0C0289030873A6FEFFB9360400,,,,,,,,,3,12,8,,2,31,,,,,,,,,,,
2022-12-07T04:32:24+00:00,6836611,OE6ISP_High_Gain_LimeSDR,10,C0801E06022D1F020000,,,,2,,,,,31,6,,,2,30,,,,,,,,,,,
2022-12-07T04:32:24+00:00,6836619,OE6EUR15,16,C0801F0C0289030873A6FEFFB9360400,,,,,,,,,3,12,8,,2,31,,,,,,,,,,,
2022-12-07T04:32:24+00:00,6836619,OE6EUR15,10,C0801E06022D1F020000,,,,2,,,,,31,6,,,2,30,,,,,,,,,,,
2022-12-07T04:32:25+00:00,6836611,OE6ISP_High_Gain_LimeSDR,13,C08021090266810500005A005B,,,,,,,,,129,9,,,2,33,5,,,,,,,,,,
2022-12-07T04:32:25+00:00,6836611,OE6ISP_High_Gain_LimeSDR,16,C080200C028905080783020011000000,,,,,,,,,5,12,,8,2,32,,,,,,,,,,,
2022-12-07T04:32:25+00:00,6836619,OE6EUR15,13,C08021090266810500005A005B,,,,,,,,,129,9,,,2,33,5,,,,,,,,,,
2022-12-07T04:32:26+00:00,6836611,OE6ISP_High_Gain_LimeSDR,13,C080230902668B0500005B005B,,,,,,,,,139,9,,,2,35,,,5,,,,,,,,
2022-12-07T04:32:26+00:00,6836611,OE6ISP_High_Gain_LimeSDR,13,C0802209026686050003C4025C,,,,,,,,,134,9,,,2,34,,5,,,,,,,,,
2022-12-07T04:32:26+00:00,6836619,OE6EUR15,13,C080230902668B0500005B005B,,,,,,,,,139,9,,,2,35,,,5,,,,,,,,
2022-12-07T04:32:26+00:00,6836619,OE6EUR15,13,C0802209026686050003C4025C,,,,,,,,,134,9,,,2,34,,5,,,,,,,,,
2022-12-07T04:32:27+00:00,6843048,M0KSF,16,C0801F0C0289030873A6FEFFB9360400,,,,,,,,,3,12,8,,2,31,,,,,,,,,,,
2022-12-07T04:32:27+00:00,6841505,Apomahon,16,C0801F0C0289030873A6FEFFB9360400,,,,,,,,,3,12,8,,2,31,,,,,,,,,,,
2022-12-07T04:32:27+00:00,6836611,OE6ISP_High_Gain_LimeSDR,16,C0801F0C0289030873A6FEFFB9360400,,,,,,,,,3,12,8,,2,31,,,,,,,,,,,
2022-12-07T04:32:27+00:00,6836611,OE6ISP_High_Gain_LimeSDR,13,C08024090266900500005A005B,,,,,,,,,144,9,,,2,36,,,,5,,,,,,,
2022-12-07T04:32:27+00:00,6836619,OE6EUR15,16,C0801F0C0289030873A6FEFFB9360400,,,,,,,,,3,12,8,,2,31,,,,,,,,,,,
2022-12-07T04:32:27+00:00,6836619,OE6EUR15,13,C08024090266900500005A005B,,,,,,,,,144,9,,,2,36,,,,5,,,,,,,
2022-12-07T04:32:28+00:00,6841505,Apomahon,16,C080200C028905080783020011000000,,,,,,,,,5,12,,8,2,32,,,,,,,,,,,
2022-12-07T04:32:28+00:00,6836611,OE6ISP_High_Gain_LimeSDR,16,C080200C028905080783020011000000,,,,,,,,,5,12,,8,2,32,,,,,,,,,,,
2022-12-07T04:32:28+00:00,6836611,OE6ISP_High_Gain_LimeSDR,13,C080270902669F0500005B005A,,,,,,,,,159,9,,,2,39,,,,,,,5,,,,
2022-12-07T04:32:28+00:00,6836611,OE6ISP_High_Gain_LimeSDR,13,C080260902669A05000059005A,,,,,,,,,154,9,,,2,38,,,,,,5,,,,,
2022-12-07T04:32:28+00:00,6836619,OE6EUR15,16,C080200C028905080783020011000000,,,,,,,,,5,12,,8,2,32,,,,,,,,,,,
2022-12-07T04:32:28+00:00,6836619,OE6EUR15,13,C080270902669F0500005B005A,,,,,,,,,159,9,,,2,39,,,,,,,5,,,,
2022-12-07T04:32:28+00:00,6836619,OE6EUR15,13,C080260902669A05000059005A,,,,,,,,,154,9,,,2,38,,,,,,5,,,,,
2022-12-07T04:32:29+00:00,6836611,OE6ISP_High_Gain_LimeSDR,13,C08029090266A9050000000000,,,,,,,,,169,9,,,2,41,,,,,,,,,5,,
2022-12-07T04:32:29+00:00,6836611,OE6ISP_High_Gain_LimeSDR,13,C08028090266A405000059005C,,,,,,,,,164,9,,,2,40,,,,,,,,5,,,
2022-12-07T04:32:29+00:00,6836619,OE6EUR15,13,C08029090266A9050000000000,,,,,,,,,169,9,,,2,41,,,,,,,,,5,,
2022-12-07T04:32:29+00:00,6836619,OE6EUR15,13,C08028090266A405000059005C,,,,,,,,,164,9,,,2,40,,,,,,,,5,,,
2022-12-07T04:32:30+00:00,6836611,OE6ISP_High_Gain_LimeSDR,16,C0802B0C02800C081700000088F50400,,,,,,,,,12,12,,,2,43,,,,,,,,,,,8
2022-12-07T04:32:30+00:00,6836611,OE6ISP_High_Gain_LimeSDR,13,C0802A090266AC050000000000,,,,,,,,,172,9,,,2,42,,,,,,,,,,5,
2022-12-07T04:32:30+00:00,6836619,OE6EUR15,16,C0802B0C02800C081700000088F50400,,,,,,,,,12,12,,,2,43,,,,,,,,,,,8
2022-12-07T04:32:30+00:00,6836619,OE6EUR15,13,C0802A090266AC050000000000,,,,,,,,,172,9,,,2,42,,,,,,,,,,5,
2022-12-07T04:32:32+00:00,6836611,OE6ISP_High_Gain_LimeSDR,10,C0802C06022C03020000,,,,,,,2,,3,6,,,2,44,,,,,,,,,,,
2022-12-07T04:32:32+00:00,6836619,OE6EUR15,10,C0802C06022C03020000,,,,,,,2,,3,6,,,2,44,,,,,,,,,,,
2022-12-07T04:32:33+00:00,6843048,M0KSF,16,C0802B0C02800C081700000088F50400,,,,,,,,,12,12,,,2,43,,,,,,,,,,,8
2022-12-07T04:32:33+00:00,6841505,Apomahon,16,C0802B0C02800C081700000088F50400,,,,,,,,,12,12,,,2,43,,,,,,,,,,,8
2022-12-07T04:32:33+00:00,6836611,OE6ISP_High_Gain_LimeSDR,16,C0802B0C02800C081700000088F50400,,,,,,,,,12,12,,,2,43,,,,,,,,,,,8
2022-12-07T04:32:33+00:00,6836611,OE6ISP_High_Gain_LimeSDR,10,C0802D06022C08020000,,,,,,,,2,8,6,,,2,45,,,,,,,,,,,
2022-12-07T04:32:33+00:00,6836619,OE6EUR15,16,C0802B0C02800C081700000088F50400,,,,,,,,,12,12,,,2,43,,,,,,,,,,,8
2022-12-07T04:32:33+00:00,6836619,OE6EUR15,10,C0802D06022C08020000,,,,,,,,2,8,6,,,2,45,,,,,,,,,,,
2022-12-07T04:32:35+00:00,6836611,OE6ISP_High_Gain_LimeSDR,10,C0802E06022D0D020000,,2,,,,,,,13,6,,,2,46,,,,,,,,,,,
2022-12-07T04:32:35+00:00,6836619,OE6EUR15,10,C0802E06022D0D020000,,2,,,,,,,13,6,,,2,46,,,,,,,,,,,
2022-12-07T04:32:36+00:00,6836611,OE6ISP_High_Gain_LimeSDR,10,C0802F06022D07020000,,,,,,2,,,7,6,,,2,47,,,,,,,,,,,
2022-12-07T04:32:36+00:00,6836619,OE6EUR15,10,C0802F06022D07020000,,,,,,2,,,7,6,,,2,47,,,,,,,,,,,
2022-12-07T04:32:38+00:00,6836611,OE6ISP_High_Gain_LimeSDR,10,C0803006022D01020000,,,2,,,,,,1,6,,,2,48,,,,,,,,,,,
2022-12-07T04:32:38+00:00,6836619,OE6EUR15,10,C0803006022D01020000,,,2,,,,,,1,6,,,2,48,,,,,,,,,,,
2022-12-07T04:32:39+00:00,6836619,OE6EUR15,10,C0803106022D04020000,,,,,2,,,,4,6,,,2,49,,,,,,,,,,,
2022-12-07T04:32:40+00:00,6836611,OE6ISP_High_Gain_LimeSDR,10,C0803106022D04020000,,,,,2,,,,4,6,,,2,49,,,,,,,,,,,
2022-12-07T04:32:41+00:00,6836611,OE6ISP_High_Gain_LimeSDR,10,C0803206022D0A020000,2,,,,,,,,10,6,,,2,50,,,,,,,,,,,
2022-12-07T04:32:41+00:00,6836619,OE6EUR15,10,C0803206022D0A020000,2,,,,,,,,10,6,,,2,50,,,,,,,,,,,
2022-12-07T04:32:42+00:00,6844843,Mogielnica - UHF,10,C0803206022D0A020000,2,,,,,,,,10,6,,,2,50,,,,,,,,,,,
2022-12-07T04:32:42+00:00,6836611,OE6ISP_High_Gain_LimeSDR,10,C0803306022D1F020000,,,,2,,,,,31,6,,,2,51,,,,,,,,,,,
2022-12-07T04:32:42+00:00,6836619,OE6EUR15,10,C0803306022D1F020000,,,,2,,,,,31,6,,,2,51,,,,,,,,,,,
2022-12-07T04:32:42+00:00,6844917,GAO UHF,16,C080350C028905081EBC02001C000000,,,,,,,,,5,12,,8,2,53,,,,,,,,,,,
2022-12-07T04:32:43+00:00,6836611,OE6ISP_High_Gain_LimeSDR,16,C080350C028905081EBC02001C000000,,,,,,,,,5,12,,8,2,53,,,,,,,,,,,
2022-12-07T04:32:43+00:00,6836611,OE6ISP_High_Gain_LimeSDR,16,C080340C028903085F76FEFF84B50300,,,,,,,,,3,12,8,,2,52,,,,,,,,,,,
2022-12-07T04:32:43+00:00,6836619,OE6EUR15,16,C080350C028905081EBC02001C000000,,,,,,,,,5,12,,8,2,53,,,,,,,,,,,
2022-12-07T04:32:43+00:00,6836619,OE6EUR15,16,C080340C028903085F76FEFF84B50300,,,,,,,,,3,12,8,,2,52,,,,,,,,,,,
2022-12-07T04:32:44+00:00,6844843,Mogielnica - UHF,10,C0803306022D1F020000,,,,2,,,,,31,6,,,2,51,,,,,,,,,,,
2022-12-07T04:32:46+00:00,6843048,M0KSF,16,C080350C028905081EBC02001C000000,,,,,,,,,5,12,,8,2,53,,,,,,,,,,,
2022-12-07T04:32:46+00:00,6843048,M0KSF,16,C080340C028903085F76FEFF84B50300,,,,,,,,,3,12,8,,2,52,,,,,,,,,,,
2022-12-07T04:32:46+00:00,6841505,Apomahon,16,C080340C028903085F76FEFF84B50300,,,,,,,,,3,12,8,,2,52,,,,,,,,,,,
2022-12-07T04:32:46+00:00,6836611,OE6ISP_High_Gain_LimeSDR,16,C080350C028905081EBC02001C000000,,,,,,,,,5,12,,8,2,53,,,,,,,,,,,
2022-12-07T04:32:46+00:00,6836611,OE6ISP_High_Gain_LimeSDR,16,C080340C028903085F76FEFF84B50300,,,,,,,,,3,12,8,,2,52,,,,,,,,,,,
2022-12-07T04:32:46+00:00,6836619,OE6EUR15,16,C080350C028905081EBC02001C000000,,,,,,,,,5,12,,8,2,53,,,,,,,,,,,
2022-12-07T04:32:46+00:00,6836619,OE6EUR15,16,C080340C028903085F76FEFF84B50300,,,,,,,,,3,12,8,,2,52,,,,,,,,,,,
2022-12-07T04:32:56+00:00,6836611,OE6ISP_High_Gain_LimeSDR,16,C080010C02800C080200000000000000,,,,,,,,,12,12,,,2,1,,,,,,,,,,,8
2022-12-07T04:32:56+00:00,6836619,OE6EUR15,16,C080010C02800C080200000000000000,,,,,,,,,12,12,,,2,1,,,,,,,,,,,8
2022-12-07T04:32:57+00:00,6836611,OE6ISP_High_Gain_LimeSDR,10,C0800206022C03020000,,,,,,,2,,3,6,,,2,2,,,,,,,,,,,
2022-12-07T04:32:57+00:00,6836619,OE6EUR15,10,C0800206022C03020000,,,,,,,2,,3,6,,,2,2,,,,,,,,,,,
2022-12-07T04:32:59+00:00,6844843,Mogielnica - UHF,16,C080010C02800C080200000000000000,,,,,,,,,12,12,,,2,1,,,,,,,,,,,8
2022-12-07T04:32:59+00:00,6844843,Mogielnica - UHF,10,C0800206022C03020000,,,,,,,2,,3,6,,,2,2,,,,,,,,,,,
2022-12-07T04:32:59+00:00,6843048,M0KSF,16,C080010C02800C080200000000000000,,,,,,,,,12,12,,,2,1,,,,,,,,,,,8
2022-12-07T04:32:59+00:00,6836611,OE6ISP_High_Gain_LimeSDR,16,C080010C02800C080200000000000000,,,,,,,,,12,12,,,2,1,,,,,,,,,,,8
2022-12-07T04:32:59+00:00,6836611,OE6ISP_High_Gain_LimeSDR,10,C0800306022C08020000,,,,,,,,2,8,6,,,2,3,,,,,,,,,,,
2022-12-07T04:32:59+00:00,6836619,OE6EUR15,16,C080010C02800C080200000000000000,,,,,,,,,12,12,,,2,1,,,,,,,,,,,8
2022-12-07T04:32:59+00:00,6836619,OE6EUR15,10,C0800306022C08020000,,,,,,,,2,8,6,,,2,3,,,,,,,,,,,
2022-12-07T04:33:01+00:00,6844843,Mogielnica - UHF,10,C0800306022C08020000,,,,,,,,2,8,6,,,2,3,,,,,,,,,,,
2022-12-07T04:33:01+00:00,6836611,OE6ISP_High_Gain_LimeSDR,10,C0800406022D0D020000,,2,,,,,,,13,6,,,2,4,,,,,,,,,,,
2022-12-07T04:33:01+00:00,6836619,OE6EUR15,10,C0800406022D0D020000,,2,,,,,,,13,6,,,2,4,,,,,,,,,,,
2022-12-07T04:33:02+00:00,6844843,Mogielnica - UHF,10,C0800406022D0D020000,,2,,,,,,,13,6,,,2,4,,,,,,,,,,,
2022-12-07T04:33:13+00:00,6836611,OE6ISP_High_Gain_LimeSDR,16,C080010C02800C080200000000000000,,,,,,,,,12,12,,,2,1,,,,,,,,,,,8
2022-12-07T04:33:13+00:00,6836619,OE6EUR15,16,C080010C02800C080200000000000000,,,,,,,,,12,12,,,2,1,,,,,,,,,,,8
2022-12-07T04:33:15+00:00,6836611,OE6ISP_High_Gain_LimeSDR,10,C0800206022C03020000,,,,,,,2,,3,6,,,2,2,,,,,,,,,,,
2022-12-07T04:33:15+00:00,6836619,OE6EUR15,10,C0800206022C03020000,,,,,,,2,,3,6,,,2,2,,,,,,,,,,,
2022-12-07T04:33:16+00:00,6844843,Mogielnica - UHF,16,C080010C02800C080200000000000000,,,,,,,,,12,12,,,2,1,,,,,,,,,,,8
2022-12-07T04:33:16+00:00,6843048,M0KSF,16,C080010C02800C080200000000000000,,,,,,,,,12,12,,,2,1,,,,,,,,,,,8
2022-12-07T04:33:16+00:00,6836611,OE6ISP_High_Gain_LimeSDR,16,C080010C02800C080200000000000000,,,,,,,,,12,12,,,2,1,,,,,,,,,,,8
2022-12-07T04:33:16+00:00,6836619,OE6EUR15,16,C080010C02800C080200000000000000,,,,,,,,,12,12,,,2,1,,,,,,,,,,,8
2022-12-07T04:33:26+00:00,6844917,GAO UHF,16,C080010C02800C080200000000000000,,,,,,,,,12,12,,,2,1,,,,,,,,,,,8
2022-12-07T04:33:28+00:00,6836611,OE6ISP_High_Gain_LimeSDR,16,C080010C02800C080200000000000000,,,,,,,,,12,12,,,2,1,,,,,,,,,,,8
2022-12-07T04:33:28+00:00,6836619,OE6EUR15,16,C080010C02800C080200000000000000,,,,,,,,,12,12,,,2,1,,,,,,,,,,,8
2022-12-07T04:33:31+00:00,6843048,M0KSF,16,C080010C02800C080200000000000000,,,,,,,,,12,12,,,2,1,,,,,,,,,,,8
2022-12-07T04:33:31+00:00,6836611,OE6ISP_High_Gain_LimeSDR,16,C080010C02800C080200000000000000,,,,,,,,,12,12,,,2,1,,,,,,,,,,,8
2022-12-07T04:33:31+00:00,6836619,OE6EUR15,16,C080010C02800C080200000000000000,,,,,,,,,12,12,,,2,1,,,,,,,,,,,8
2022-12-07T04:33:31+00:00,6844917,GAO UHF,16,C080010C02800C080200000000000000,,,,,,,,,12,12,,,2,1,,,,,,,,,,,8
2022-12-07T04:36:02+00:00,6836611,OE6ISP_High_Gain_LimeSDR,16,C080010C02800C080200000000000000,,,,,,,,,12,12,,,2,1,,,,,,,,,,,8
2022-12-07T04:36:02+00:00,6836619,OE6EUR15,16,C080010C02800C080200000000000000,,,,,,,,,12,12,,,2,1,,,,,,,,,,,8
2022-12-07T04:36:04+00:00,6844843,Mogielnica - UHF,16,C080010C02800C080200000000000000,,,,,,,,,12,12,,,2,1,,,,,,,,,,,8
2022-12-07T04:36:05+00:00,6844843,Mogielnica - UHF,16,C080010C02800C080200000000000000,,,,,,,,,12,12,,,2,1,,,,,,,,,,,8
2022-12-07T04:36:05+00:00,6843048,M0KSF,16,C080010C02800C080200000000000000,,,,,,,,,12,12,,,2,1,,,,,,,,,,,8
2022-12-07T04:36:05+00:00,6836611,OE6ISP_High_Gain_LimeSDR,16,C080010C02800C080200000000000000,,,,,,,,,12,12,,,2,1,,,,,,,,,,,8
2022-12-07T04:36:05+00:00,6836619,OE6EUR15,16,C080010C02800C080200000000000000,,,,,,,,,12,12,,,2,1,,,,,,,,,,,8
2022-12-07T04:36:15+00:00,6836611,OE6ISP_High_Gain_LimeSDR,16,C080010C02800C080200000000000000,,,,,,,,,12,12,,,2,1,,,,,,,,,,,8
2022-12-07T04:36:15+00:00,6836619,OE6EUR15,16,C080010C02800C080200000000000000,,,,,,,,,12,12,,,2,1,,,,,,,,,,,8
2022-12-07T04:36:16+00:00,6844843,Mogielnica - UHF,16,C080010C02800C080200000000000000,,,,,,,,,12,12,,,2,1,,,,,,,,,,,8
2022-12-07T04:36:18+00:00,6844862,PE0SAT-11,16,C080010C02800C080200000000000000,,,,,,,,,12,12,,,2,1,,,,,,,,,,,8
2022-12-07T04:36:18+00:00,6844843,Mogielnica - UHF,16,C080010C02800C080200000000000000,,,,,,,,,12,12,,,2,1,,,,,,,,,,,8
2022-12-07T04:36:18+00:00,6843048,M0KSF,16,C080010C02800C080200000000000000,,,,,,,,,12,12,,,2,1,,,,,,,,,,,8
2022-12-07T04:36:18+00:00,6836611,OE6ISP_High_Gain_LimeSDR,16,C080010C02800C080200000000000000,,,,,,,,,12,12,,,2,1,,,,,,,,,,,8
2022-12-07T04:36:18+00:00,6836619,OE6EUR15,16,C080010C02800C080200000000000000,,,,,,,,,12,12,,,2,1,,,,,,,,,,,8
2022-12-07T04:36:27+00:00,6836611,OE6ISP_High_Gain_LimeSDR,16,C080010C02800C080200000000000000,,,,,,,,,12,12,,,2,1,,,,,,,,,,,8
2022-12-07T04:36:28+00:00,6836619,OE6EUR15,16,C080010C02800C080200000000000000,,,,,,,,,12,12,,,2,1,,,,,,,,,,,8
2022-12-07T04:36:29+00:00,6844843,Mogielnica - UHF,16,C080010C02800C080200000000000000,,,,,,,,,12,12,,,2,1,,,,,,,,,,,8
2022-12-07T04:36:31+00:00,6844843,Mogielnica - UHF,16,C080010C02800C080200000000000000,,,,,,,,,12,12,,,2,1,,,,,,,,,,,8
2022-12-07T04:36:31+00:00,6843048,M0KSF,16,C080010C02800C080200000000000000,,,,,,,,,12,12,,,2,1,,,,,,,,,,,8
2022-12-07T04:36:31+00:00,6836611,OE6ISP_High_Gain_LimeSDR,16,C080010C02800C080200000000000000,,,,,,,,,12,12,,,2,1,,,,,,,,,,,8
2022-12-07T04:36:31+00:00,6836619,OE6EUR15,16,C080010C02800C080200000000000000,,,,,,,,,12,12,,,2,1,,,,,,,,,,,8
2022-12-07T04:36:41+00:00,6836611,OE6ISP_High_Gain_LimeSDR,16,C080010C02800C080200000000000000,,,,,,,,,12,12,,,2,1,,,,,,,,,,,8
2022-12-07T04:36:41+00:00,6836619,OE6EUR15,16,C080010C02800C080200000000000000,,,,,,,,,12,12,,,2,1,,,,,,,,,,,8
2022-12-07T04:36:44+00:00,6843048,M0KSF,16,C080010C02800C080200000000000000,,,,,,,,,12,12,,,2,1,,,,,,,,,,,8
2022-12-07T04:36:44+00:00,6836611,OE6ISP_High_Gain_LimeSDR,16,C080010C02800C080200000000000000,,,,,,,,,12,12,,,2,1,,,,,,,,,,,8
2022-12-07T04:36:44+00:00,6836619,OE6EUR15,16,C080010C02800C080200000000000000,,,,,,,,,12,12,,,2,1,,,,,,,,,,,8
2022-12-07T04:36:54+00:00,6836611,OE6ISP_High_Gain_LimeSDR,16,C080010C02800C080200000000000000,,,,,,,,,12,12,,,2,1,,,,,,,,,,,8
2022-12-07T04:36:54+00:00,6836619,OE6EUR15,16,C080010C02800C080200000000000000,,,,,,,,,12,12,,,2,1,,,,,,,,,,,8
2022-12-07T04:36:56+00:00,6836611,OE6ISP_High_Gain_LimeSDR,10,C0800206022C03020000,,,,,,,2,,3,6,,,2,2,,,,,,,,,,,
2022-12-07T04:36:56+00:00,6836619,OE6EUR15,10,C0800206022C03020000,,,,,,,2,,3,6,,,2,2,,,,,,,,,,,
2022-12-07T04:36:57+00:00,6843048,M0KSF,16,C080010C02800C080200000000000000,,,,,,,,,12,12,,,2,1,,,,,,,,,,,8
2022-12-07T04:36:57+00:00,6836611,OE6ISP_High_Gain_LimeSDR,16,C080010C02800C080200000000000000,,,,,,,,,12,12,,,2,1,,,,,,,,,,,8
2022-12-07T04:36:57+00:00,6836619,OE6EUR15,16,C080010C02800C080200000000000000,,,,,,,,,12,12,,,2,1,,,,,,,,,,,8
2022-12-07T04:37:09+00:00,6836611,OE6ISP_High_Gain_LimeSDR,16,C080010C02800C080200000000000000,,,,,,,,,12,12,,,2,1,,,,,,,,,,,8
2022-12-07T04:37:09+00:00,6836619,OE6EUR15,16,C080010C02800C080200000000000000,,,,,,,,,12,12,,,2,1,,,,,,,,,,,8
2022-12-07T04:37:10+00:00,6836611,OE6ISP_High_Gain_LimeSDR,10,C0800206022C03020000,,,,,,,2,,3,6,,,2,2,,,,,,,,,,,
2022-12-07T04:37:10+00:00,6836619,OE6EUR15,10,C0800206022C03020000,,,,,,,2,,3,6,,,2,2,,,,,,,,,,,
2022-12-07T04:37:12+00:00,6844862,PE0SAT-11,16,C080010C02800C080200000000000000,,,,,,,,,12,12,,,2,1,,,,,,,,,,,8
2022-12-07T04:37:12+00:00,6843048,M0KSF,16,C080010C02800C080200000000000000,,,,,,,,,12,12,,,2,1,,,,,,,,,,,8
2022-12-07T04:37:12+00:00,6836611,OE6ISP_High_Gain_LimeSDR,16,C080010C02800C080200000000000000,,,,,,,,,12,12,,,2,1,,,,,,,,,,,8
2022-12-07T04:37:12+00:00,6836619,OE6EUR15,16,C080010C02800C080200000000000000,,,,,,,,,12,12,,,2,1,,,,,,,,,,,8
2022-12-07T04:37:23+00:00,6836611,OE6ISP_High_Gain_LimeSDR,16,C080010C02800C080200000000000000,,,,,,,,,12,12,,,2,1,,,,,,,,,,,8
2022-12-07T04:37:23+00:00,6836619,OE6EUR15,16,C080010C02800C080200000000000000,,,,,,,,,12,12,,,2,1,,,,,,,,,,,8
2022-12-07T04:37:24+00:00,6836611,OE6ISP_High_Gain_LimeSDR,10,C0800206022C03020000,,,,,,,2,,3,6,,,2,2,,,,,,,,,,,
2022-12-07T04:37:25+00:00,6836619,OE6EUR15,10,C0800206022C03020000,,,,,,,2,,3,6,,,2,2,,,,,,,,,,,
2022-12-07T04:37:26+00:00,6843048,M0KSF,16,C080010C02800C080200000000000000,,,,,,,,,12,12,,,2,1,,,,,,,,,,,8
2022-12-07T04:37:26+00:00,6836611,OE6ISP_High_Gain_LimeSDR,16,C080010C02800C080200000000000000,,,,,,,,,12,12,,,2,1,,,,,,,,,,,8
2022-12-07T04:37:26+00:00,6836619,OE6EUR15,16,C080010C02800C080200000000000000,,,,,,,,,12,12,,,2,1,,,,,,,,,,,8
2022-12-07T04:37:37+00:00,6836611,OE6ISP_High_Gain_LimeSDR,16,C080010C02800C080200000000000000,,,,,,,,,12,12,,,2,1,,,,,,,,,,,8
2022-12-07T04:37:37+00:00,6836619,OE6EUR15,16,C080010C02800C080200000000000000,,,,,,,,,12,12,,,2,1,,,,,,,,,,,8
2022-12-07T04:37:39+00:00,6836611,OE6ISP_High_Gain_LimeSDR,10,C0800206022C03020000,,,,,,,2,,3,6,,,2,2,,,,,,,,,,,
2022-12-07T04:37:39+00:00,6836619,OE6EUR15,10,C0800206022C03020000,,,,,,,2,,3,6,,,2,2,,,,,,,,,,,
2022-12-07T04:37:40+00:00,6843048,M0KSF,16,C080010C02800C080200000000000000,,,,,,,,,12,12,,,2,1,,,,,,,,,,,8
2022-12-07T04:37:40+00:00,6836611,OE6ISP_High_Gain_LimeSDR,16,C080010C02800C080200000000000000,,,,,,,,,12,12,,,2,1,,,,,,,,,,,8
2022-12-07T04:37:40+00:00,6836619,OE6EUR15,16,C080010C02800C080200000000000000,,,,,,,,,12,12,,,2,1,,,,,,,,,,,8
2022-12-07T04:37:52+00:00,6836611,OE6ISP_High_Gain_LimeSDR,16,C080010C02800C080200000000000000,,,,,,,,,12,12,,,2,1,,,,,,,,,,,8
2022-12-07T04:37:52+00:00,6836619,OE6EUR15,16,C080010C02800C080200000000000000,,,,,,,,,12,12,,,2,1,,,,,,,,,,,8
2022-12-07T04:37:53+00:00,6836611,OE6ISP_High_Gain_LimeSDR,10,C0800206022C03020000,,,,,,,2,,3,6,,,2,2,,,,,,,,,,,
2022-12-07T04:37:53+00:00,6836619,OE6EUR15,10,C0800206022C03020000,,,,,,,2,,3,6,,,2,2,,,,,,,,,,,
2022-12-07T04:37:55+00:00,6843048,M0KSF,16,C080010C02800C080200000000000000,,,,,,,,,12,12,,,2,1,,,,,,,,,,,8
2022-12-07T04:37:55+00:00,6836611,OE6ISP_High_Gain_LimeSDR,16,C080010C02800C080200000000000000,,,,,,,,,12,12,,,2,1,,,,,,,,,,,8
2022-12-07T04:37:55+00:00,6836619,OE6EUR15,16,C080010C02800C080200000000000000,,,,,,,,,12,12,,,2,1,,,,,,,,,,,8
2022-12-07T04:38:07+00:00,6836611,OE6ISP_High_Gain_LimeSDR,16,C080010C02800C080200000000000000,,,,,,,,,12,12,,,2,1,,,,,,,,,,,8
2022-12-07T04:38:08+00:00,6836619,OE6EUR15,10,C0800206022C03020000,,,,,,,2,,3,6,,,2,2,,,,,,,,,,,
2022-12-07T04:38:10+00:00,6843048,M0KSF,16,C080010C02800C080200000000000000,,,,,,,,,12,12,,,2,1,,,,,,,,,,,8
2022-12-07T04:38:10+00:00,6836611,OE6ISP_High_Gain_LimeSDR,16,C080010C02800C080200000000000000,,,,,,,,,12,12,,,2,1,,,,,,,,,,,8
2022-12-07T04:38:10+00:00,6836619,OE6EUR15,16,C080010C02800C080200000000000000,,,,,,,,,12,12,,,2,1,,,,,,,,,,,8
2022-12-07T04:38:22+00:00,6836611,OE6ISP_High_Gain_LimeSDR,16,C080010C02800C0802000000D0070000,,,,,,,,,12,12,,,2,1,,,,,,,,,,,8
2022-12-07T04:38:22+00:00,6836619,OE6EUR15,16,C080010C02800C0802000000D0070000,,,,,,,,,12,12,,,2,1,,,,,,,,,,,8
2022-12-07T04:38:23+00:00,6836611,OE6ISP_High_Gain_LimeSDR,10,C0800206022C03020000,,,,,,,2,,3,6,,,2,2,,,,,,,,,,,
2022-12-07T04:38:23+00:00,6836619,OE6EUR15,10,C0800206022C03020000,,,,,,,2,,3,6,,,2,2,,,,,,,,,,,
2022-12-07T04:38:25+00:00,6836611,OE6ISP_High_Gain_LimeSDR,16,C080010C02800C0802000000D0070000,,,,,,,,,12,12,,,2,1,,,,,,,,,,,8
2022-12-07T04:38:25+00:00,6836619,OE6EUR15,16,C080010C02800C0802000000D0070000,,,,,,,,,12,12,,,2,1,,,,,,,,,,,8
2022-12-07T04:38:36+00:00,6836611,OE6ISP_High_Gain_LimeSDR,16,C080010C02800C080200000000000000,,,,,,,,,12,12,,,2,1,,,,,,,,,,,8
2022-12-07T04:41:23+00:00,6843048,M0KSF,16,C0800A0C0289030803EB040097FDFEFF,,,,,,,,,3,12,8,,2,10,,,,,,,,,,,
2022-12-07T04:41:29+00:00,6843048,M0KSF,16,C080160C02800C080C00000010E50A00,,,,,,,,,12,12,,,2,22,,,,,,,,,,,8
2022-12-07T04:41:45+00:00,6843048,M0KSF,16,C080200C028905088C71FCFF11000000,,,,,,,,,5,12,,8,2,32,,,,,,,,,,,
2022-12-07T04:41:45+00:00,6843048,M0KSF,16,C0801F0C02890308BBAA06000395FDFF,,,,,,,,,3,12,8,,2,31,,,,,,,,,,,
2022-12-07T06:10:22+00:00,6836620,OE6EUR15,10,C0800406022D0D020000,,2,,,,,,,13,6,,,2,4,,,,,,,,,,,
2022-12-07T06:10:34+00:00,6836620,OE6EUR15,16,C080010C02800C080200000000000000,,,,,,,,,12,12,,,2,1,,,,,,,,,,,8
2022-12-07T06:10:34+00:00,6836612,OE6ISP_High_Gain_LimeSDR,16,C080010C02800C080200000000000000,,,,,,,,,12,12,,,2,1,,,,,,,,,,,8
2022-12-07T06:10:37+00:00,6836620,OE6EUR15,10,C0800306022C08020000,,,,,,,,2,8,6,,,2,3,,,,,,,,,,,
2022-12-07T06:10:37+00:00,6836612,OE6ISP_High_Gain_LimeSDR,10,C0800306022C08020000,,,,,,,,2,8,6,,,2,3,,,,,,,,,,,
2022-12-07T06:10:39+00:00,6836620,OE6EUR15,10,C0800406022D0D020000,,2,,,,,,,13,6,,,2,4,,,,,,,,,,,
2022-12-07T06:10:51+00:00,6836620,OE6EUR15,16,C080010C02800C0802000000D0070000,,,,,,,,,12,12,,,2,1,,,,,,,,,,,8
2022-12-07T06:10:53+00:00,6836612,OE6ISP_High_Gain_LimeSDR,10,C0800206022C03020000,,,,,,,2,,3,6,,,2,2,,,,,,,,,,,
2022-12-07T06:11:06+00:00,6836620,OE6EUR15,16,C080010C02800C0802000000D0070000,,,,,,,,,12,12,,,2,1,,,,,,,,,,,8
2022-12-07T06:11:09+00:00,6843050,M0KSF,16,C080010C02800C0802000000D0070000,,,,,,,,,12,12,,,2,1,,,,,,,,,,,8
2022-12-07T06:11:09+00:00,6836620,OE6EUR15,16,C080010C02800C0802000000D0070000,,,,,,,,,12,12,,,2,1,,,,,,,,,,,8
2022-12-07T06:11:09+00:00,6836612,OE6ISP_High_Gain_LimeSDR,16,C080010C02800C0802000000D0070000,,,,,,,,,12,12,,,2,1,,,,,,,,,,,8
2022-12-07T06:11:20+00:00,6836612,OE6ISP_High_Gain_LimeSDR,16,C080010C02800C080200000000000000,,,,,,,,,12,12,,,2,1,,,,,,,,,,,8
2022-12-07T06:11:21+00:00,6836620,OE6EUR15,16,C080010C02800C080200000000000000,,,,,,,,,12,12,,,2,1,,,,,,,,,,,8
2022-12-07T06:11:38+00:00,6843050,M0KSF,16,C080010C02800C080200000000000000,,,,,,,,,12,12,,,2,1,,,,,,,,,,,8
2022-12-07T06:11:38+00:00,6836620,OE6EUR15,16,C080010C02800C080200000000000000,,,,,,,,,12,12,,,2,1,,,,,,,,,,,8
2022-12-07T06:11:53+00:00,6843050,M0KSF,16,C080010C02800C0802000000D0070000,,,,,,,,,12,12,,,2,1,,,,,,,,,,,8
2022-12-07T06:12:06+00:00,6836612,OE6ISP_High_Gain_LimeSDR,10,C0800206022C03020000,,,,,,,2,,3,6,,,2,2,,,,,,,,,,,
2022-12-07T06:12:07+00:00,6836620,OE6EUR15,10,C0800306022C08020000,,,,,,,,2,8,6,,,2,3,,,,,,,,,,,
2022-12-07T06:12:21+00:00,6836620,OE6EUR15,16,C080010C02800C0802000000E8030000,,,,,,,,,12,12,,,2,1,,,,,,,,,,,8
2022-12-07T06:12:21+00:00,6836612,OE6ISP_High_Gain_LimeSDR,16,C080010C02800C0802000000E8030000,,,,,,,,,12,12,,,2,1,,,,,,,,,,,8
2022-12-07T06:12:23+00:00,6836620,OE6EUR15,10,C0800206022C03020000,,,,,,,2,,3,6,,,2,2,,,,,,,,,,,
2022-12-07T06:12:23+00:00,6836612,OE6ISP_High_Gain_LimeSDR,10,C0800206022C03020000,,,,,,,2,,3,6,,,2,2,,,,,,,,,,,
2022-12-07T06:12:24+00:00,6843050,M0KSF,16,C080010C02800C0802000000E8030000,,,,,,,,,12,12,,,2,1,,,,,,,,,,,8
2022-12-07T06:12:24+00:00,6836620,OE6EUR15,16,C080010C02800C0802000000E8030000,,,,,,,,,12,12,,,2,1,,,,,,,,,,,8
2022-12-07T06:12:24+00:00,6836620,OE6EUR15,10,C0800306022C08020000,,,,,,,,2,8,6,,,2,3,,,,,,,,,,,
2022-12-07T06:12:24+00:00,6836612,OE6ISP_High_Gain_LimeSDR,16,C080010C02800C0802000000E8030000,,,,,,,,,12,12,,,2,1,,,,,,,,,,,8
2022-12-07T06:12:24+00:00,6836612,OE6ISP_High_Gain_LimeSDR,10,C0800306022C08020000,,,,,,,,2,8,6,,,2,3,,,,,,,,,,,
2022-12-07T06:12:26+00:00,6836620,OE6EUR15,10,C0800406022D0D020000,,2,,,,,,,13,6,,,2,4,,,,,,,,,,,
2022-12-07T06:12:26+00:00,6836612,OE6ISP_High_Gain_LimeSDR,10,C0800406022D0D020000,,2,,,,,,,13,6,,,2,4,,,,,,,,,,,
2022-12-07T06:12:38+00:00,6836620,OE6EUR15,16,C080010C02800C080200000000000000,,,,,,,,,12,12,,,2,1,,,,,,,,,,,8
2022-12-07T06:12:38+00:00,6836612,OE6ISP_High_Gain_LimeSDR,16,C080010C02800C080200000000000000,,,,,,,,,12,12,,,2,1,,,,,,,,,,,8
2022-12-07T06:12:40+00:00,6836620,OE6EUR15,10,C0800206022C03020000,,,,,,,2,,3,6,,,2,2,,,,,,,,,,,
2022-12-07T06:12:40+00:00,6836612,OE6ISP_High_Gain_LimeSDR,10,C0800206022C03020000,,,,,,,2,,3,6,,,2,2,,,,,,,,,,,
2022-12-07T06:12:41+00:00,6843050,M0KSF,16,C080010C02800C080200000000000000,,,,,,,,,12,12,,,2,1,,,,,,,,,,,8
2022-12-07T06:12:41+00:00,6836620,OE6EUR15,16,C080010C02800C080200000000000000,,,,,,,,,12,12,,,2,1,,,,,,,,,,,8
2022-12-07T06:12:41+00:00,6836620,OE6EUR15,10,C0800306022C08020000,,,,,,,,2,8,6,,,2,3,,,,,,,,,,,
2022-12-07T06:12:41+00:00,6836612,OE6ISP_High_Gain_LimeSDR,16,C080010C02800C080200000000000000,,,,,,,,,12,12,,,2,1,,,,,,,,,,,8
2022-12-07T06:12:43+00:00,6836620,OE6EUR15,10,C0800406022D0D020000,,2,,,,,,,13,6,,,2,4,,,,,,,,,,,
2022-12-07T06:12:44+00:00,6836620,OE6EUR15,10,C0800506022D07020000,,,,,,2,,,7,6,,,2,5,,,,,,,,,,,
2022-12-07T06:12:44+00:00,6836612,OE6ISP_High_Gain_LimeSDR,10,C0800506022D07020000,,,,,,2,,,7,6,,,2,5,,,,,,,,,,,
2022-12-07T06:12:58+00:00,6836620,OE6EUR15,16,C080010C02800C0802000000D0070000,,,,,,,,,12,12,,,2,1,,,,,,,,,,,8
2022-12-07T06:12:58+00:00,6836612,OE6ISP_High_Gain_LimeSDR,16,C080010C02800C0802000000D0070000,,,,,,,,,12,12,,,2,1,,,,,,,,,,,8
2022-12-07T06:12:59+00:00,6836620,OE6EUR15,10,C0800206022C03020000,,,,,,,2,,3,6,,,2,2,,,,,,,,,,,
2022-12-07T06:13:01+00:00,6836620,OE6EUR15,10,C0800306022C08020000,,,,,,,,2,8,6,,,2,3,,,,,,,,,,,
2022-12-07T06:13:01+00:00,6836612,OE6ISP_High_Gain_LimeSDR,10,C0800306022C08020000,,,,,,,,2,8,6,,,2,3,,,,,,,,,,,
2022-12-07T06:13:02+00:00,6836620,OE6EUR15,10,C0800406022D0D020000,,2,,,,,,,13,6,,,2,4,,,,,,,,,,,
2022-12-07T06:13:02+00:00,6836612,OE6ISP_High_Gain_LimeSDR,10,C0800406022D0D020000,,2,,,,,,,13,6,,,2,4,,,,,,,,,,,
2022-12-07T06:13:04+00:00,6836620,OE6EUR15,10,C0800506022D07020000,,,,,,2,,,7,6,,,2,5,,,,,,,,,,,
2022-12-07T06:13:04+00:00,6836612,OE6ISP_High_Gain_LimeSDR,10,C0800506022D07020000,,,,,,2,,,7,6,,,2,5,,,,,,,,,,,
2022-12-07T06:13:38+00:00,6836620,OE6EUR15,10,C0800206022C03020000,,,,,,,2,,3,6,,,2,2,,,,,,,,,,,
2022-12-07T06:14:19+00:00,6843050,M0KSF,16,C080010C02800C080200000000000000,,,,,,,,,12,12,,,2,1,,,,,,,,,,,8
2022-12-07T06:14:38+00:00,6843050,M0KSF,16,C080010C02800C080200000000000000,,,,,,,,,12,12,,,2,1,,,,,,,,,,,8
2022-12-07T06:14:51+00:00,6843050,M0KSF,16,C0800A0C0289030813A102009992FCFF,,,,,,,,,3,12,8,,2,10,,,,,,,,,,,
2022-12-07T06:14:51+00:00,6843050,M0KSF,16,C0800B0C028905086079FEFF06000000,,,,,,,,,5,12,,8,2,11,,,,,,,,,,,
2022-12-07T06:14:55+00:00,6845085,PE0SAT-11,10,C0801806022C08020000,,,,,,,,2,8,6,,,2,24,,,,,,,,,,,
2022-12-07T06:14:57+00:00,6843050,M0KSF,16,C080160C02800C080C00000010E50A00,,,,,,,,,12,12,,,2,22,,,,,,,,,,,8
2022-12-07T06:15:07+00:00,6845085,PE0SAT-11,10,C0801E06022D1F020000,,,,2,,,,,31,6,,,2,30,,,,,,,,,,,
2022-12-07T06:15:08+00:00,6845085,PE0SAT-11,16,C080200C0289050895FAFEFF11000000,,,,,,,,,5,12,,8,2,32,,,,,,,,,,,
2022-12-07T06:15:10+00:00,6845085,PE0SAT-11,13,C080230902668B0500005A005B,,,,,,,,,139,9,,,2,35,,,5,,,,,,,,
2022-12-07T06:15:11+00:00,6845085,PE0SAT-11,13,C080260902669A05000059005B,,,,,,,,,154,9,,,2,38,,,,,,5,,,,,
2022-12-07T06:15:11+00:00,6845085,PE0SAT-11,13,C08025090266950500005B0058,,,,,,,,,149,9,,,2,37,,,,,5,,,,,,
2022-12-07T06:15:12+00:00,6845085,PE0SAT-11,13,C08028090266A405000059005A,,,,,,,,,164,9,,,2,40,,,,,,,,5,,,
2022-12-07T06:15:13+00:00,6845085,PE0SAT-11,13,C0802A090266AC050000000000,,,,,,,,,172,9,,,2,42,,,,,,,,,,5,
2022-12-07T06:15:13+00:00,6843050,M0KSF,16,C080200C0289050895FAFEFF11000000,,,,,,,,,5,12,,8,2,32,,,,,,,,,,,
2022-12-07T06:15:13+00:00,6843050,M0KSF,16,C0801F0C02890308D20102008868FCFF,,,,,,,,,3,12,8,,2,31,,,,,,,,,,,
2022-12-07T06:15:17+00:00,6836620,OE6EUR15,10,C0802C06022C03020000,,,,,,,2,,3,6,,,2,44,,,,,,,,,,,
2022-12-07T06:15:18+00:00,6845085,PE0SAT-11,10,C0802E06022D0D020000,,2,,,,,,,13,6,,,2,46,,,,,,,,,,,
2022-12-07T06:15:19+00:00,6845085,PE0SAT-11,16,C0802B0C02800C0817000000D0E90400,,,,,,,,,12,12,,,2,43,,,,,,,,,,,8
2022-12-07T06:15:19+00:00,6843050,M0KSF,16,C0802B0C02800C0817000000D0E90400,,,,,,,,,12,12,,,2,43,,,,,,,,,,,8
2022-12-07T06:15:19+00:00,6836620,OE6EUR15,10,C0802D06022C08020000,,,,,,,,2,8,6,,,2,45,,,,,,,,,,,
2022-12-07T06:15:20+00:00,6845085,PE0SAT-11,10,C0802F06022D07020000,,,,,,2,,,7,6,,,2,47,,,,,,,,,,,
2022-12-07T06:15:30+00:00,6836620,OE6EUR15,13,C080380902668B05000059005B,,,,,,,,,139,9,,,2,56,,,5,,,,,,,,
2022-12-07T06:15:30+00:00,6836620,OE6EUR15,13,C0803709026686050003C4025C,,,,,,,,,134,9,,,2,55,,5,,,,,,,,,
2022-12-07T06:15:31+00:00,6845085,PE0SAT-11,16,C080340C02890308E22802007944FCFF,,,,,,,,,3,12,8,,2,52,,,,,,,,,,,
2022-12-07T06:15:31+00:00,6843050,M0KSF,16,C080340C02890308E22802007944FCFF,,,,,,,,,3,12,8,,2,52,,,,,,,,,,,
2022-12-07T06:15:31+00:00,6836620,OE6EUR15,16,C080340C02890308E22802007944FCFF,,,,,,,,,3,12,8,,2,52,,,,,,,,,,,
2022-12-07T06:15:31+00:00,6836612,OE6ISP_High_Gain_LimeSDR,16,C080340C02890308E22802007944FCFF,,,,,,,,,3,12,8,,2,52,,,,,,,,,,,
2022-12-07T06:15:32+00:00,6843050,M0KSF,16,C080350C0289050870A0FEFF1C000000,,,,,,,,,5,12,,8,2,53,,,,,,,,,,,
2022-12-07T06:15:44+00:00,6836620,OE6EUR15,13,C0803B0902669A05000059005A,,,,,,,,,154,9,,,2,59,,,,,,5,,,,,
2022-12-07T06:15:48+00:00,6836620,OE6EUR15,13,C0803C0902669F0500005A005B,,,,,,,,,159,9,,,2,60,,,,,,,5,,,,
2022-12-07T06:15:48+00:00,6836612,OE6ISP_High_Gain_LimeSDR,13,C0803C0902669F0500005A005B,,,,,,,,,159,9,,,2,60,,,,,,,5,,,,
2022-12-07T06:15:49+00:00,6836612,OE6ISP_High_Gain_LimeSDR,13,C0803D090266A40500005A005B,,,,,,,,,164,9,,,2,61,,,,,,,,5,,,
2022-12-07T06:15:50+00:00,6845085,PE0SAT-11,10,C0804106022C03020000,,,,,,,2,,3,6,,,2,65,,,,,,,,,,,
2022-12-07T06:15:50+00:00,6836620,OE6EUR15,13,C0803F090266AC050000000000,,,,,,,,,172,9,,,2,63,,,,,,,,,,5,
2022-12-07T06:15:50+00:00,6836612,OE6ISP_High_Gain_LimeSDR,16,C080400C02800C0821000000583E0F00,,,,,,,,,12,12,,,2,64,,,,,,,,,,,8
2022-12-07T06:15:50+00:00,6836612,OE6ISP_High_Gain_LimeSDR,13,C0803F090266AC050000000000,,,,,,,,,172,9,,,2,63,,,,,,,,,,5,
2022-12-07T06:15:52+00:00,6836612,OE6ISP_High_Gain_LimeSDR,10,C0804106022C03020000,,,,,,,2,,3,6,,,2,65,,,,,,,,,,,
2022-12-07T06:15:53+00:00,6845085,PE0SAT-11,10,C0804306022D0D020000,,2,,,,,,,13,6,,,2,67,,,,,,,,,,,
2022-12-07T06:15:53+00:00,6844130,M0KSF-BB,16,C080400C02800C0821000000583E0F00,,,,,,,,,12,12,,,2,64,,,,,,,,,,,8
2022-12-07T06:15:53+00:00,6836620,OE6EUR15,16,C080400C02800C0821000000583E0F00,,,,,,,,,12,12,,,2,64,,,,,,,,,,,8
2022-12-07T06:15:53+00:00,6836620,OE6EUR15,10,C0804206022C08020000,,,,,,,,2,8,6,,,2,66,,,,,,,,,,,
2022-12-07T06:15:53+00:00,6836612,OE6ISP_High_Gain_LimeSDR,16,C080400C02800C0821000000583E0F00,,,,,,,,,12,12,,,2,64,,,,,,,,,,,8
2022-12-07T06:15:53+00:00,6836612,OE6ISP_High_Gain_LimeSDR,10,C0804206022C08020000,,,,,,,,2,8,6,,,2,66,,,,,,,,,,,
2022-12-07T06:15:55+00:00,6836612,OE6ISP_High_Gain_LimeSDR,10,C0804306022D0D020000,,2,,,,,,,13,6,,,2,67,,,,,,,,,,,
2022-12-07T06:15:58+00:00,6836620,OE6EUR15,10,C0804506022D01020000,,,2,,,,,,1,6,,,2,69,,,,,,,,,,,
2022-12-07T06:15:58+00:00,6836612,OE6ISP_High_Gain_LimeSDR,10,C0804506022D01020000,,,2,,,,,,1,6,,,2,69,,,,,,,,,,,
2022-12-07T06:16:03+00:00,6836620,OE6EUR15,16,C0804A0C028905083E25FEFF26000000,,,,,,,,,5,12,,8,2,74,,,,,,,,,,,
2022-12-07T06:16:03+00:00,6836620,OE6EUR15,16,C080490C0289030866F900005CFCFBFF,,,,,,,,,3,12,8,,2,73,,,,,,,,,,,
2022-12-07T06:16:03+00:00,6836612,OE6ISP_High_Gain_LimeSDR,16,C0804A0C028905083E25FEFF26000000,,,,,,,,,5,12,,8,2,74,,,,,,,,,,,
2022-12-07T06:16:03+00:00,6836612,OE6ISP_High_Gain_LimeSDR,16,C080490C0289030866F900005CFCFBFF,,,,,,,,,3,12,8,,2,73,,,,,,,,,,,
2022-12-07T06:16:04+00:00,6836620,OE6EUR15,13,C0804C09026686050003C4025D,,,,,,,,,134,9,,,2,76,,5,,,,,,,,,
2022-12-07T06:16:04+00:00,6836620,OE6EUR15,13,C0804B090266810500005A005B,,,,,,,,,129,9,,,2,75,5,,,,,,,,,,
2022-12-07T06:16:04+00:00,6836612,OE6ISP_High_Gain_LimeSDR,13,C0804C09026686050003C4025D,,,,,,,,,134,9,,,2,76,,5,,,,,,,,,
2022-12-07T06:16:04+00:00,6836612,OE6ISP_High_Gain_LimeSDR,13,C0804B090266810500005A005B,,,,,,,,,129,9,,,2,75,5,,,,,,,,,,
2022-12-07T06:16:05+00:00,6836620,OE6EUR15,13,C0804D0902668B0500005A005B,,,,,,,,,139,9,,,2,77,,,5,,,,,,,,
2022-12-07T06:16:05+00:00,6836612,OE6ISP_High_Gain_LimeSDR,13,C0804E0902669005000059005B,,,,,,,,,144,9,,,2,78,,,,5,,,,,,,
2022-12-07T06:16:05+00:00,6836612,OE6ISP_High_Gain_LimeSDR,13,C0804D0902668B0500005A005B,,,,,,,,,139,9,,,2,77,,,5,,,,,,,,
2022-12-07T06:16:06+00:00,6843050,M0KSF,16,C0804A0C028905083E25FEFF26000000,,,,,,,,,5,12,,8,2,74,,,,,,,,,,,
2022-12-07T06:16:06+00:00,6843050,M0KSF,16,C080490C0289030866F900005CFCFBFF,,,,,,,,,3,12,8,,2,73,,,,,,,,,,,
2022-12-07T06:16:06+00:00,6836620,OE6EUR15,16,C0804A0C028905083E25FEFF26000000,,,,,,,,,5,12,,8,2,74,,,,,,,,,,,
2022-12-07T06:16:06+00:00,6836620,OE6EUR15,16,C080490C0289030866F900005CFCFBFF,,,,,,,,,3,12,8,,2,73,,,,,,,,,,,
2022-12-07T06:16:06+00:00,6836620,OE6EUR15,13,C080500902669A05000059005A,,,,,,,,,154,9,,,2,80,,,,,,5,,,,,
2022-12-07T06:16:06+00:00,6836620,OE6EUR15,13,C0804F090266950500005A0059,,,,,,,,,149,9,,,2,79,,,,,5,,,,,,
2022-12-07T06:16:06+00:00,6836612,OE6ISP_High_Gain_LimeSDR,16,C0804A0C028905083E25FEFF26000000,,,,,,,,,5,12,,8,2,74,,,,,,,,,,,
2022-12-07T06:16:06+00:00,6836612,OE6ISP_High_Gain_LimeSDR,16,C080490C0289030866F900005CFCFBFF,,,,,,,,,3,12,8,,2,73,,,,,,,,,,,
2022-12-07T06:16:06+00:00,6836612,OE6ISP_High_Gain_LimeSDR,13,C080500902669A05000059005A,,,,,,,,,154,9,,,2,80,,,,,,5,,,,,
2022-12-07T06:16:06+00:00,6836612,OE6ISP_High_Gain_LimeSDR,13,C0804F090266950500005A0059,,,,,,,,,149,9,,,2,79,,,,,5,,,,,,
2022-12-07T06:16:07+00:00,6836620,OE6EUR15,13,C08052090266A405000059005B,,,,,,,,,164,9,,,2,82,,,,,,,,5,,,
2022-12-07T06:16:07+00:00,6836620,OE6EUR15,13,C080510902669F0500005A005A,,,,,,,,,159,9,,,2,81,,,,,,,5,,,,
2022-12-07T06:16:07+00:00,6836612,OE6ISP_High_Gain_LimeSDR,13,C08052090266A405000059005B,,,,,,,,,164,9,,,2,82,,,,,,,,5,,,
2022-12-07T06:16:07+00:00,6836612,OE6ISP_High_Gain_LimeSDR,13,C080510902669F0500005A005A,,,,,,,,,159,9,,,2,81,,,,,,,5,,,,
2022-12-07T06:16:08+00:00,6836620,OE6EUR15,13,C08054090266AC050000000000,,,,,,,,,172,9,,,2,84,,,,,,,,,,5,
2022-12-07T06:16:08+00:00,6836620,OE6EUR15,13,C08053090266A9050000000000,,,,,,,,,169,9,,,2,83,,,,,,,,,5,,
2022-12-07T06:16:08+00:00,6836612,OE6ISP_High_Gain_LimeSDR,13,C08054090266AC050000000000,,,,,,,,,172,9,,,2,84,,,,,,,,,,5,
2022-12-07T06:16:08+00:00,6836612,OE6ISP_High_Gain_LimeSDR,13,C08053090266A9050000000000,,,,,,,,,169,9,,,2,83,,,,,,,,,5,,
2022-12-07T06:16:09+00:00,6836620,OE6EUR15,16,C080550C02800C082C00000040DD0A00,,,,,,,,,12,12,,,2,85,,,,,,,,,,,8
2022-12-07T06:16:09+00:00,6836612,OE6ISP_High_Gain_LimeSDR,16,C080550C02800C082C00000040DD0A00,,,,,,,,,12,12,,,2,85,,,,,,,,,,,8
2022-12-07T06:16:10+00:00,6836620,OE6EUR15,10,C0805606022C03020000,,,,,,,2,,3,6,,,2,86,,,,,,,,,,,
2022-12-07T06:16:10+00:00,6836612,OE6ISP_High_Gain_LimeSDR,10,C0805606022C03020000,,,,,,,2,,3,6,,,2,86,,,,,,,,,,,
2022-12-07T06:16:12+00:00,6843050,M0KSF,16,C080550C02800C082C00000040DD0A00,,,,,,,,,12,12,,,2,85,,,,,,,,,,,8
2022-12-07T06:16:12+00:00,6836620,OE6EUR15,16,C080550C02800C082C00000040DD0A00,,,,,,,,,12,12,,,2,85,,,,,,,,,,,8
2022-12-07T06:16:12+00:00,6836620,OE6EUR15,10,C0805706022C08020000,,,,,,,,2,8,6,,,2,87,,,,,,,,,,,
2022-12-07T06:16:12+00:00,6836612,OE6ISP_High_Gain_LimeSDR,16,C080550C02800C082C00000040DD0A00,,,,,,,,,12,12,,,2,85,,,,,,,,,,,8
2022-12-07T06:16:12+00:00,6836612,OE6ISP_High_Gain_LimeSDR,10,C0805706022C08020000,,,,,,,,2,8,6,,,2,87,,,,,,,,,,,
2022-12-07T06:16:13+00:00,6836620,OE6EUR15,10,C0805806022D0D020000,,2,,,,,,,13,6,,,2,88,,,,,,,,,,,
2022-12-07T06:16:13+00:00,6836612,OE6ISP_High_Gain_LimeSDR,10,C0805806022D0D020000,,2,,,,,,,13,6,,,2,88,,,,,,,,,,,
2022-12-07T06:18:55+00:00,6843050,M0KSF,16,C0805E0C0289030822C50200C0F2FCFF,,,,,,,,,3,12,8,,2,94,,,,,,,,,,,
2022-12-07T06:18:56+00:00,6843050,M0KSF,16,C0805F0C028905086514FCFF8C000000,,,,,,,,,5,12,,8,2,95,,,,,,,,,,,
2022-12-07T06:19:01+00:00,6843050,M0KSF,16,C0806A0C02800C0892000000A8610000,,,,,,,,,12,12,,,2,106,,,,,,,,,,,8
2022-12-07T06:19:20+00:00,6843050,M0KSF,16,C080730C02890308A521FFFF4940FEFF,,,,,,,,,3,12,8,,2,115,,,,,,,,,,,
2022-12-07T06:19:25+00:00,6843050,M0KSF,16,C080740C0289050817C5FDFF97000000,,,,,,,,,5,12,,8,2,116,,,,,,,,,,,
2022-12-07T06:19:36+00:00,6843050,M0KSF,16,C0807F0C02800C089C000000A80D0E00,,,,,,,,,12,12,,,2,127,,,,,,,,,,,8
2022-12-07T06:19:49+00:00,6843050,M0KSF,16,C080890C02890508287EFBFFA1000000,,,,,,,,,5,12,,8,2,137,,,,,,,,,,,
2022-12-07T06:19:49+00:00,6843050,M0KSF,16,C080880C02890308C369FFFF698EFEFF,,,,,,,,,3,12,8,,2,136,,,,,,,,,,,
2022-12-07T06:19:58+00:00,6843050,M0KSF,16,C080940C02800C08A700000090BE0600,,,,,,,,,12,12,,,2,148,,,,,,,,,,,8
2022-12-07T06:20:10+00:00,6843050,M0KSF,16,C0809D0C02890308FC11FBFFF3DEFFFF,,,,,,,,,3,12,8,,2,157,,,,,,,,,,,
2022-12-07T06:20:11+00:00,6843050,M0KSF,16,C0809E0C02890508D525FDFFAC000000,,,,,,,,,5,12,,8,2,158,,,,,,,,,,,
2022-12-07T06:20:16+00:00,6843050,M0KSF,16,C080A90C02800C08B1000000B8B10E00,,,,,,,,,12,12,,,2,169,,,,,,,,,,,8
2022-12-07T06:20:45+00:00,6843050,M0KSF,16,C080B20C02890308BE4204004D49FEFF,,,,,,,,,3,12,8,,2,178,,,,,,,,,,,
2022-12-07T06:20:46+00:00,6843050,M0KSF,16,C080B30C028905080830FBFFB7000000,,,,,,,,,5,12,,8,2,179,,,,,,,,,,,
2022-12-07T07:54:29+00:00,6844131,M0KSF-BB,16,C080010C02800C0802000000D0070000,,,,,,,,,12,12,,,2,1,,,,,,,,,,,8
2022-12-07T07:55:08+00:00,6844131,M0KSF-BB,16,C080010C02800C080200000000000000,,,,,,,,,12,12,,,2,1,,,,,,,,,,,8
2022-12-07T07:55:25+00:00,6844131,M0KSF-BB,16,C080010C02800C080200000000000000,,,,,,,,,12,12,,,2,1,,,,,,,,,,,8
2022-12-07T07:55:42+00:00,6844131,M0KSF-BB,16,C080010C02800C080200000000000000,,,,,,,,,12,12,,,2,1,,,,,,,,,,,8
2022-12-07T21:10:33+00:00,6848476,JH4XSY-pi,16,C080010C02800C080200000000000000,,,,,,,,,12,12,,,2,1,,,,,,,,,,,8
2022-12-07T21:11:15+00:00,6848476,JH4XSY-pi,16,C080010C02800C080200000000000000,,,,,,,,,12,12,,,2,1,,,,,,,,,,,8
2022-12-07T21:11:29+00:00,6848476,JH4XSY-pi,16,C080010C02800C080200000000000000,,,,,,,,,12,12,,,2,1,,,,,,,,,,,8
2022-12-07T21:11:43+00:00,6848476,JH4XSY-pi,16,C080010C02800C080200000000000000,,,,,,,,,12,12,,,2,1,,,,,,,,,,,8
2022-12-07T21:11:56+00:00,6848476,JH4XSY-pi,16,C080010C02800C080200000000000000,,,,,,,,,12,12,,,2,1,,,,,,,,,,,8
2022-12-08T03:58:10+00:00,6848199,SP7THR-UHF,16,C080010C02800C080200000000000000,,,,,,,,,12,12,,,2,1,,,,,,,,,,,8
2022-12-08T03:58:11+00:00,6848632,OE6EUR15,10,C0800406022D0D020000,,2,,,,,,,13,6,,,2,4,,,,,,,,,,,
2022-12-08T03:58:26+00:00,6848625,OE6ISP_High_Gain_LimeSDR,16,C080010C02800C080200000000000000,,,,,,,,,12,12,,,2,1,,,,,,,,,,,8
2022-12-08T03:58:27+00:00,6848199,SP7THR-UHF,16,C080010C02800C080200000000000000,,,,,,,,,12,12,,,2,1,,,,,,,,,,,8
2022-12-08T03:58:45+00:00,6848625,OE6ISP_High_Gain_LimeSDR,16,C080010C02800C080200000000000000,,,,,,,,,12,12,,,2,1,,,,,,,,,,,8
2022-12-08T03:58:45+00:00,6848632,OE6EUR15,16,C080010C02800C080200000000000000,,,,,,,,,12,12,,,2,1,,,,,,,,,,,8
2022-12-08T03:58:48+00:00,6848625,OE6ISP_High_Gain_LimeSDR,10,C0800306022C08020000,,,,,,,,2,8,6,,,2,3,,,,,,,,,,,
2022-12-08T03:58:51+00:00,6848625,OE6ISP_High_Gain_LimeSDR,10,C0800506022D07020000,,,,,,2,,,7,6,,,2,5,,,,,,,,,,,
2022-12-08T03:58:56+00:00,6848632,OE6EUR15,10,C0800806022D0A020000,2,,,,,,,,10,6,,,2,8,,,,,,,,,,,
2022-12-08T03:58:57+00:00,6848625,OE6ISP_High_Gain_LimeSDR,10,C0800906022D1F020000,,,,2,,,,,31,6,,,2,9,,,,,,,,,,,
2022-12-08T03:58:57+00:00,6848632,OE6EUR15,10,C0800906022D1F020000,,,,2,,,,,31,6,,,2,9,,,,,,,,,,,
2022-12-08T03:58:58+00:00,6848625,OE6ISP_High_Gain_LimeSDR,16,C0800B0C02890508E9C6FFFF06000000,,,,,,,,,5,12,,8,2,11,,,,,,,,,,,
2022-12-08T03:58:58+00:00,6848625,OE6ISP_High_Gain_LimeSDR,16,C0800A0C02890308ECB10400EF64FDFF,,,,,,,,,3,12,8,,2,10,,,,,,,,,,,
2022-12-08T03:58:58+00:00,6848632,OE6EUR15,16,C0800A0C02890308ECB10400EF64FDFF,,,,,,,,,3,12,8,,2,10,,,,,,,,,,,
2022-12-08T03:58:59+00:00,6848625,OE6ISP_High_Gain_LimeSDR,13,C0800D09026686050003D90266,,,,,,,,,134,9,,,2,13,,5,,,,,,,,,
2022-12-08T03:58:59+00:00,6848632,OE6EUR15,13,C0800D09026686050003D90266,,,,,,,,,134,9,,,2,13,,5,,,,,,,,,
2022-12-08T03:59:00+00:00,6848625,OE6ISP_High_Gain_LimeSDR,13,C0800E0902668B05000059005B,,,,,,,,,139,9,,,2,14,,,5,,,,,,,,
2022-12-08T03:59:00+00:00,6848632,OE6EUR15,13,C0800F0902669005000059005A,,,,,,,,,144,9,,,2,15,,,,5,,,,,,,
2022-12-08T03:59:01+00:00,6848199,SP7THR-UHF,16,C0800B0C02890508E9C6FFFF06000000,,,,,,,,,5,12,,8,2,11,,,,,,,,,,,
2022-12-08T03:59:01+00:00,6848199,SP7THR-UHF,16,C0800A0C02890308ECB10400EF64FDFF,,,,,,,,,3,12,8,,2,10,,,,,,,,,,,
2022-12-08T03:59:01+00:00,6848625,OE6ISP_High_Gain_LimeSDR,16,C0800B0C02890508E9C6FFFF06000000,,,,,,,,,5,12,,8,2,11,,,,,,,,,,,
2022-12-08T03:59:01+00:00,6848625,OE6ISP_High_Gain_LimeSDR,16,C0800A0C02890308ECB10400EF64FDFF,,,,,,,,,3,12,8,,2,10,,,,,,,,,,,
2022-12-08T03:59:01+00:00,6848632,OE6EUR15,13,C08010090266950500005A0058,,,,,,,,,149,9,,,2,16,,,,,5,,,,,,
2022-12-08T03:59:02+00:00,6848632,OE6EUR15,13,C080120902669F0500005A005A,,,,,,,,,159,9,,,2,18,,,,,,,5,,,,
2022-12-08T03:59:03+00:00,6848625,OE6ISP_High_Gain_LimeSDR,13,C08015090266AC050000000000,,,,,,,,,172,9,,,2,21,,,,,,,,,,5,
2022-12-08T03:59:03+00:00,6848632,OE6EUR15,13,C08013090266A405000059005B,,,,,,,,,164,9,,,2,19,,,,,,,,5,,,
2022-12-08T03:59:04+00:00,6848625,OE6ISP_High_Gain_LimeSDR,16,C080160C02800C080C00000010E50A00,,,,,,,,,12,12,,,2,22,,,,,,,,,,,8
2022-12-08T03:59:04+00:00,6848632,OE6EUR15,16,C080160C02800C080C00000010E50A00,,,,,,,,,12,12,,,2,22,,,,,,,,,,,8
2022-12-08T03:59:04+00:00,6848632,OE6EUR15,13,C08015090266AC050000000000,,,,,,,,,172,9,,,2,21,,,,,,,,,,5,
2022-12-08T03:59:05+00:00,6848625,OE6ISP_High_Gain_LimeSDR,10,C0801706022C03020000,,,,,,,2,,3,6,,,2,23,,,,,,,,,,,
2022-12-08T03:59:05+00:00,6848632,OE6EUR15,10,C0801706022C03020000,,,,,,,2,,3,6,,,2,23,,,,,,,,,,,
2022-12-08T03:59:07+00:00,6848199,SP7THR-UHF,16,C080160C02800C080C00000010E50A00,,,,,,,,,12,12,,,2,22,,,,,,,,,,,8
2022-12-08T03:59:07+00:00,6848625,OE6ISP_High_Gain_LimeSDR,16,C080160C02800C080C00000010E50A00,,,,,,,,,12,12,,,2,22,,,,,,,,,,,8
2022-12-08T03:59:07+00:00,6848625,OE6ISP_High_Gain_LimeSDR,10,C0801806022C08020000,,,,,,,,2,8,6,,,2,24,,,,,,,,,,,
2022-12-08T03:59:07+00:00,6848632,OE6EUR15,16,C080160C02800C080C00000010E50A00,,,,,,,,,12,12,,,2,22,,,,,,,,,,,8
2022-12-08T03:59:07+00:00,6848632,OE6EUR15,10,C0801806022C08020000,,,,,,,,2,8,6,,,2,24,,,,,,,,,,,
2022-12-08T03:59:07+00:00,6849652,GAO UHF,16,C080160C02800C080C00000010E50A00,,,,,,,,,12,12,,,2,22,,,,,,,,,,,8
2022-12-08T03:59:08+00:00,6848625,OE6ISP_High_Gain_LimeSDR,10,C0801906022D0D020000,,2,,,,,,,13,6,,,2,25,,,,,,,,,,,
2022-12-08T03:59:09+00:00,6848632,OE6EUR15,10,C0801906022D0D020000,,2,,,,,,,13,6,,,2,25,,,,,,,,,,,
2022-12-08T03:59:10+00:00,6848625,OE6ISP_High_Gain_LimeSDR,10,C0801A06022D07020000,,,,,,2,,,7,6,,,2,26,,,,,,,,,,,
2022-12-08T03:59:10+00:00,6848632,OE6EUR15,10,C0801A06022D07020000,,,,,,2,,,7,6,,,2,26,,,,,,,,,,,
2022-12-08T03:59:12+00:00,6849652,GAO UHF,10,C0801B06022D01020000,,,2,,,,,,1,6,,,2,27,,,,,,,,,,,
2022-12-08T03:59:13+00:00,6848625,OE6ISP_High_Gain_LimeSDR,10,C0801B06022D01020000,,,2,,,,,,1,6,,,2,27,,,,,,,,,,,
2022-12-08T03:59:14+00:00,6848632,OE6EUR15,10,C0801B06022D01020000,,,2,,,,,,1,6,,,2,27,,,,,,,,,,,
2022-12-08T03:59:14+00:00,6849652,GAO UHF,10,C0801C06022D04020000,,,,,2,,,,4,6,,,2,28,,,,,,,,,,,
2022-12-08T03:59:16+00:00,6848625,OE6ISP_High_Gain_LimeSDR,10,C0801C06022D04020000,,,,,2,,,,4,6,,,2,28,,,,,,,,,,,
2022-12-08T03:59:16+00:00,6848632,OE6EUR15,10,C0801C06022D04020000,,,,,2,,,,4,6,,,2,28,,,,,,,,,,,
2022-12-08T03:59:16+00:00,6849652,GAO UHF,10,C0801D06022D0A020000,2,,,,,,,,10,6,,,2,29,,,,,,,,,,,
2022-12-08T03:59:18+00:00,6848625,OE6ISP_High_Gain_LimeSDR,10,C0801D06022D0A020000,2,,,,,,,,10,6,,,2,29,,,,,,,,,,,
2022-12-08T03:59:18+00:00,6848632,OE6EUR15,10,C0801D06022D0A020000,2,,,,,,,,10,6,,,2,29,,,,,,,,,,,
2022-12-08T03:59:18+00:00,6849652,GAO UHF,16,C0801F0C02890308E6A20400E74FFDFF,,,,,,,,,3,12,8,,2,31,,,,,,,,,,,
2022-12-08T03:59:18+00:00,6849652,GAO UHF,10,C0801E06022D1F020000,,,,2,,,,,31,6,,,2,30,,,,,,,,,,,
2022-12-08T03:59:19+00:00,6848625,OE6ISP_High_Gain_LimeSDR,10,C0801E06022D1F020000,,,,2,,,,,31,6,,,2,30,,,,,,,,,,,
2022-12-08T03:59:19+00:00,6848632,OE6EUR15,10,C0801E06022D1F020000,,,,2,,,,,31,6,,,2,30,,,,,,,,,,,
2022-12-08T03:59:19+00:00,6849652,GAO UHF,13,C080210902668105000059005C,,,,,,,,,129,9,,,2,33,5,,,,,,,,,,
2022-12-08T03:59:20+00:00,6848625,OE6ISP_High_Gain_LimeSDR,16,C080200C028905080000000011000000,,,,,,,,,5,12,,8,2,32,,,,,,,,,,,
2022-12-08T03:59:20+00:00,6848632,OE6EUR15,16,C080200C028905080000000011000000,,,,,,,,,5,12,,8,2,32,,,,,,,,,,,
2022-12-08T03:59:20+00:00,6848632,OE6EUR15,16,C0801F0C02890308E6A20400E74FFDFF,,,,,,,,,3,12,8,,2,31,,,,,,,,,,,
2022-12-08T03:59:20+00:00,6849652,GAO UHF,13,C08024090266900500005A005B,,,,,,,,,144,9,,,2,36,,,,5,,,,,,,
2022-12-08T03:59:20+00:00,6849652,GAO UHF,13,C080230902668B0500005A005A,,,,,,,,,139,9,,,2,35,,,5,,,,,,,,
2022-12-08T03:59:21+00:00,6848625,OE6ISP_High_Gain_LimeSDR,13,C080210902668105000059005C,,,,,,,,,129,9,,,2,33,5,,,,,,,,,,
2022-12-08T03:59:21+00:00,6848632,OE6EUR15,13,C0802209026686050003D90268,,,,,,,,,134,9,,,2,34,,5,,,,,,,,,
2022-12-08T03:59:21+00:00,6848632,OE6EUR15,13,C080210902668105000059005C,,,,,,,,,129,9,,,2,33,5,,,,,,,,,,
2022-12-08T03:59:22+00:00,6848625,OE6ISP_High_Gain_LimeSDR,13,C08024090266900500005A005B,,,,,,,,,144,9,,,2,36,,,,5,,,,,,,
2022-12-08T03:59:22+00:00,6848625,OE6ISP_High_Gain_LimeSDR,13,C080230902668B0500005A005A,,,,,,,,,139,9,,,2,35,,,5,,,,,,,,
2022-12-08T03:59:22+00:00,6848632,OE6EUR15,13,C08024090266900500005A005B,,,,,,,,,144,9,,,2,36,,,,5,,,,,,,
2022-12-08T03:59:22+00:00,6848632,OE6EUR15,13,C080230902668B0500005A005A,,,,,,,,,139,9,,,2,35,,,5,,,,,,,,
2022-12-08T03:59:22+00:00,6849652,GAO UHF,13,C080270902669F0500005A0059,,,,,,,,,159,9,,,2,39,,,,,,,5,,,,
2022-12-08T03:59:23+00:00,6848199,SP7THR-UHF,16,C080200C028905080000000011000000,,,,,,,,,5,12,,8,2,32,,,,,,,,,,,
2022-12-08T03:59:23+00:00,6848199,SP7THR-UHF,16,C0801F0C02890308E6A20400E74FFDFF,,,,,,,,,3,12,8,,2,31,,,,,,,,,,,
2022-12-08T03:59:23+00:00,6848625,OE6ISP_High_Gain_LimeSDR,16,C080200C028905080000000011000000,,,,,,,,,5,12,,8,2,32,,,,,,,,,,,
2022-12-08T03:59:23+00:00,6848625,OE6ISP_High_Gain_LimeSDR,16,C0801F0C02890308E6A20400E74FFDFF,,,,,,,,,3,12,8,,2,31,,,,,,,,,,,
2022-12-08T03:59:23+00:00,6848632,OE6EUR15,16,C080200C028905080000000011000000,,,,,,,,,5,12,,8,2,32,,,,,,,,,,,
2022-12-08T03:59:23+00:00,6848632,OE6EUR15,16,C0801F0C02890308E6A20400E74FFDFF,,,,,,,,,3,12,8,,2,31,,,,,,,,,,,
2022-12-08T03:59:23+00:00,6849652,GAO UHF,16,C080200C028905080000000011000000,,,,,,,,,5,12,,8,2,32,,,,,,,,,,,
2022-12-08T03:59:23+00:00,6849652,GAO UHF,16,C0801F0C02890308E6A20400E74FFDFF,,,,,,,,,3,12,8,,2,31,,,,,,,,,,,
2022-12-08T03:59:24+00:00,6848625,OE6ISP_High_Gain_LimeSDR,13,C08028090266A405000058005B,,,,,,,,,164,9,,,2,40,,,,,,,,5,,,
2022-12-08T03:59:24+00:00,6848625,OE6ISP_High_Gain_LimeSDR,13,C080270902669F0500005A0059,,,,,,,,,159,9,,,2,39,,,,,,,5,,,,
2022-12-08T03:59:24+00:00,6848632,OE6EUR15,13,C08028090266A405000058005B,,,,,,,,,164,9,,,2,40,,,,,,,,5,,,
2022-12-08T03:59:25+00:00,6848625,OE6ISP_High_Gain_LimeSDR,13,C0802A090266AC050000000000,,,,,,,,,172,9,,,2,42,,,,,,,,,,5,
2022-12-08T03:59:25+00:00,6848625,OE6ISP_High_Gain_LimeSDR,13,C08029090266A9050000000000,,,,,,,,,169,9,,,2,41,,,,,,,,,5,,
2022-12-08T03:59:25+00:00,6848632,OE6EUR15,13,C0802A090266AC050000000000,,,,,,,,,172,9,,,2,42,,,,,,,,,,5,
2022-12-08T03:59:26+00:00,6848625,OE6ISP_High_Gain_LimeSDR,16,C0802B0C02800C081700000088F50400,,,,,,,,,12,12,,,2,43,,,,,,,,,,,8
2022-12-08T03:59:27+00:00,6848625,OE6ISP_High_Gain_LimeSDR,10,C0802C06022C03020000,,,,,,,2,,3,6,,,2,44,,,,,,,,,,,
2022-12-08T03:59:27+00:00,6848632,OE6EUR15,10,C0802C06022C03020000,,,,,,,2,,3,6,,,2,44,,,,,,,,,,,
2022-12-08T03:59:29+00:00,6848199,SP7THR-UHF,16,C0802B0C02800C081700000088F50400,,,,,,,,,12,12,,,2,43,,,,,,,,,,,8
2022-12-08T03:59:29+00:00,6848625,OE6ISP_High_Gain_LimeSDR,10,C0802D06022C08020000,,,,,,,,2,8,6,,,2,45,,,,,,,,,,,
2022-12-08T03:59:29+00:00,6848632,OE6EUR15,16,C0802B0C02800C081700000088F50400,,,,,,,,,12,12,,,2,43,,,,,,,,,,,8
2022-12-08T03:59:29+00:00,6848632,OE6EUR15,10,C0802D06022C08020000,,,,,,,,2,8,6,,,2,45,,,,,,,,,,,
2022-12-08T03:59:30+00:00,6848625,OE6ISP_High_Gain_LimeSDR,10,C0802E06022D0D020000,,2,,,,,,,13,6,,,2,46,,,,,,,,,,,
2022-12-08T03:59:30+00:00,6848632,OE6EUR15,10,C0802E06022D0D020000,,2,,,,,,,13,6,,,2,46,,,,,,,,,,,
2022-12-08T03:59:32+00:00,6848625,OE6ISP_High_Gain_LimeSDR,10,C0802F06022D07020000,,,,,,2,,,7,6,,,2,47,,,,,,,,,,,
2022-12-08T03:59:32+00:00,6848632,OE6EUR15,10,C0802F06022D07020000,,,,,,2,,,7,6,,,2,47,,,,,,,,,,,
2022-12-08T03:59:33+00:00,6848625,OE6ISP_High_Gain_LimeSDR,10,C0803006022D01020000,,,2,,,,,,1,6,,,2,48,,,,,,,,,,,
2022-12-08T03:59:33+00:00,6848632,OE6EUR15,10,C0803006022D01020000,,,2,,,,,,1,6,,,2,48,,,,,,,,,,,
2022-12-08T03:59:35+00:00,6848625,OE6ISP_High_Gain_LimeSDR,10,C0803106022D04020000,,,,,2,,,,4,6,,,2,49,,,,,,,,,,,
2022-12-08T03:59:35+00:00,6848632,OE6EUR15,10,C0803106022D04020000,,,,,2,,,,4,6,,,2,49,,,,,,,,,,,
2022-12-08T03:59:48+00:00,6848625,OE6ISP_High_Gain_LimeSDR,16,C080010C02800C080200000000000000,,,,,,,,,12,12,,,2,1,,,,,,,,,,,8
2022-12-08T03:59:48+00:00,6848632,OE6EUR15,16,C080010C02800C080200000000000000,,,,,,,,,12,12,,,2,1,,,,,,,,,,,8
2022-12-08T03:59:50+00:00,6848625,OE6ISP_High_Gain_LimeSDR,10,C0800206022C03020000,,,,,,,2,,3,6,,,2,2,,,,,,,,,,,
2022-12-08T03:59:50+00:00,6848632,OE6EUR15,10,C0800206022C03020000,,,,,,,2,,3,6,,,2,2,,,,,,,,,,,
2022-12-08T03:59:51+00:00,6848199,SP7THR-UHF,16,C080010C02800C080200000000000000,,,,,,,,,12,12,,,2,1,,,,,,,,,,,8
2022-12-08T03:59:51+00:00,6848625,OE6ISP_High_Gain_LimeSDR,16,C080010C02800C080200000000000000,,,,,,,,,12,12,,,2,1,,,,,,,,,,,8
2022-12-08T03:59:51+00:00,6848625,OE6ISP_High_Gain_LimeSDR,10,C0800306022C08020000,,,,,,,,2,8,6,,,2,3,,,,,,,,,,,
2022-12-08T03:59:51+00:00,6848632,OE6EUR15,16,C080010C02800C080200000000000000,,,,,,,,,12,12,,,2,1,,,,,,,,,,,8
2022-12-08T03:59:51+00:00,6849652,GAO UHF,10,C0800406022D0D020000,,2,,,,,,,13,6,,,2,4,,,,,,,,,,,
2022-12-08T03:59:52+00:00,6848632,OE6EUR15,10,C0800306022C08020000,,,,,,,,2,8,6,,,2,3,,,,,,,,,,,
2022-12-08T03:59:53+00:00,6848625,OE6ISP_High_Gain_LimeSDR,10,C0800406022D0D020000,,2,,,,,,,13,6,,,2,4,,,,,,,,,,,
2022-12-08T03:59:53+00:00,6848632,OE6EUR15,10,C0800406022D0D020000,,2,,,,,,,13,6,,,2,4,,,,,,,,,,,
2022-12-08T03:59:53+00:00,6849652,GAO UHF,10,C0800506022D07020000,,,,,,2,,,7,6,,,2,5,,,,,,,,,,,
2022-12-08T03:59:54+00:00,6848625,OE6ISP_High_Gain_LimeSDR,10,C0800506022D07020000,,,,,,2,,,7,6,,,2,5,,,,,,,,,,,
2022-12-08T03:59:54+00:00,6848632,OE6EUR15,10,C0800506022D07020000,,,,,,2,,,7,6,,,2,5,,,,,,,,,,,
2022-12-08T03:59:56+00:00,6848625,OE6ISP_High_Gain_LimeSDR,10,C0800606022D01020000,,,2,,,,,,1,6,,,2,6,,,,,,,,,,,
2022-12-08T03:59:56+00:00,6848632,OE6EUR15,10,C0800606022D01020000,,,2,,,,,,1,6,,,2,6,,,,,,,,,,,
2022-12-08T03:59:56+00:00,6849652,GAO UHF,10,C0800706022D04020000,,,,,2,,,,4,6,,,2,7,,,,,,,,,,,
2022-12-08T03:59:57+00:00,6848625,OE6ISP_High_Gain_LimeSDR,10,C0800706022D04020000,,,,,2,,,,4,6,,,2,7,,,,,,,,,,,
2022-12-08T03:59:58+00:00,6848632,OE6EUR15,10,C0800706022D04020000,,,,,2,,,,4,6,,,2,7,,,,,,,,,,,
2022-12-08T03:59:59+00:00,6848625,OE6ISP_High_Gain_LimeSDR,10,C0800806022D0A020000,2,,,,,,,,10,6,,,2,8,,,,,,,,,,,
2022-12-08T03:59:59+00:00,6848632,OE6EUR15,10,C0800806022D0A020000,2,,,,,,,,10,6,,,2,8,,,,,,,,,,,
2022-12-08T04:00:00+00:00,6848625,OE6ISP_High_Gain_LimeSDR,10,C0800906022D1F020000,,,,2,,,,,31,6,,,2,9,,,,,,,,,,,
2022-12-08T04:00:00+00:00,6849652,GAO UHF,16,C0800B0C028905081330000006000000,,,,,,,,,5,12,,8,2,11,,,,,,,,,,,
2022-12-08T04:00:01+00:00,6848625,OE6ISP_High_Gain_LimeSDR,16,C0800B0C028905081330000006000000,,,,,,,,,5,12,,8,2,11,,,,,,,,,,,
2022-12-08T04:00:01+00:00,6848625,OE6ISP_High_Gain_LimeSDR,16,C0800A0C02890308F9D20400E040FDFF,,,,,,,,,3,12,8,,2,10,,,,,,,,,,,
2022-12-08T04:00:01+00:00,6848632,OE6EUR15,16,C0800A0C02890308F9D20400E040FDFF,,,,,,,,,3,12,8,,2,10,,,,,,,,,,,
2022-12-08T04:00:02+00:00,6848632,OE6EUR15,13,C0800D09026686050003D50264,,,,,,,,,134,9,,,2,13,,5,,,,,,,,,
2022-12-08T04:00:02+00:00,6848632,OE6EUR15,16,C0800B0C028905081330000006000000,,,,,,,,,5,12,,8,2,11,,,,,,,,,,,
2022-12-08T04:00:03+00:00,6848625,OE6ISP_High_Gain_LimeSDR,13,C0800F0902669005000059005B,,,,,,,,,144,9,,,2,15,,,,5,,,,,,,
2022-12-08T04:00:03+00:00,6848625,OE6ISP_High_Gain_LimeSDR,13,C0800E0902668B0500005B005A,,,,,,,,,139,9,,,2,14,,,5,,,,,,,,
2022-12-08T04:00:03+00:00,6848632,OE6EUR15,13,C0800E0902668B0500005B005A,,,,,,,,,139,9,,,2,14,,,5,,,,,,,,
2022-12-08T04:00:04+00:00,6848199,SP7THR-UHF,16,C0800A0C02890308F9D20400E040FDFF,,,,,,,,,3,12,8,,2,10,,,,,,,,,,,
2022-12-08T04:00:04+00:00,6848625,OE6ISP_High_Gain_LimeSDR,16,C0800B0C028905081330000006000000,,,,,,,,,5,12,,8,2,11,,,,,,,,,,,
2022-12-08T04:00:04+00:00,6848625,OE6ISP_High_Gain_LimeSDR,16,C0800A0C02890308F9D20400E040FDFF,,,,,,,,,3,12,8,,2,10,,,,,,,,,,,
2022-12-08T04:00:04+00:00,6848625,OE6ISP_High_Gain_LimeSDR,13,C080110902669A05000059005A,,,,,,,,,154,9,,,2,17,,,,,,5,,,,,
2022-12-08T04:00:04+00:00,6848625,OE6ISP_High_Gain_LimeSDR,13,C08010090266950500005B0057,,,,,,,,,149,9,,,2,16,,,,,5,,,,,,
2022-12-08T04:00:04+00:00,6848632,OE6EUR15,16,C0800B0C028905081330000006000000,,,,,,,,,5,12,,8,2,11,,,,,,,,,,,
2022-12-08T04:00:04+00:00,6848632,OE6EUR15,13,C080110902669A05000059005A,,,,,,,,,154,9,,,2,17,,,,,,5,,,,,
2022-12-08T04:00:04+00:00,6849652,GAO UHF,16,C0800B0C028905081330000006000000,,,,,,,,,5,12,,8,2,11,,,,,,,,,,,
2022-12-08T04:00:04+00:00,6849652,GAO UHF,16,C0800A0C02890308F9D20400E040FDFF,,,,,,,,,3,12,8,,2,10,,,,,,,,,,,
2022-12-08T04:00:05+00:00,6848199,SP7THR-UHF,16,C0800B0C028905081330000006000000,,,,,,,,,5,12,,8,2,11,,,,,,,,,,,
2022-12-08T04:00:06+00:00,6848625,OE6ISP_High_Gain_LimeSDR,13,C08014090266A9059A00000000,,,,,,,,,169,9,,,2,20,,,,,,,,,5,,
2022-12-08T04:00:06+00:00,6848625,OE6ISP_High_Gain_LimeSDR,13,C08013090266A405000058005A,,,,,,,,,164,9,,,2,19,,,,,,,,5,,,
2022-12-08T04:00:06+00:00,6848632,OE6EUR15,13,C08014090266A9059A00000000,,,,,,,,,169,9,,,2,20,,,,,,,,,5,,
2022-12-08T04:00:06+00:00,6848632,OE6EUR15,13,C08013090266A405000058005A,,,,,,,,,164,9,,,2,19,,,,,,,,5,,,
2022-12-08T04:00:07+00:00,6848625,OE6ISP_High_Gain_LimeSDR,16,C080160C02800C080C00000010E50A00,,,,,,,,,12,12,,,2,22,,,,,,,,,,,8
2022-12-08T04:00:07+00:00,6848632,OE6EUR15,16,C080160C02800C080C00000010E50A00,,,,,,,,,12,12,,,2,22,,,,,,,,,,,8
2022-12-08T04:00:07+00:00,6848632,OE6EUR15,13,C08015090266AC050000000000,,,,,,,,,172,9,,,2,21,,,,,,,,,,5,
2022-12-08T04:00:09+00:00,6848625,OE6ISP_High_Gain_LimeSDR,10,C0801706022C03020000,,,,,,,2,,3,6,,,2,23,,,,,,,,,,,
2022-12-08T04:00:09+00:00,6848632,OE6EUR15,10,C0801706022C03020000,,,,,,,2,,3,6,,,2,23,,,,,,,,,,,
2022-12-08T04:00:10+00:00,6848199,SP7THR-UHF,16,C080160C02800C080C00000010E50A00,,,,,,,,,12,12,,,2,22,,,,,,,,,,,8
2022-12-08T04:00:10+00:00,6848625,OE6ISP_High_Gain_LimeSDR,16,C080160C02800C080C00000010E50A00,,,,,,,,,12,12,,,2,22,,,,,,,,,,,8
2022-12-08T04:00:10+00:00,6848632,OE6EUR15,16,C080160C02800C080C00000010E50A00,,,,,,,,,12,12,,,2,22,,,,,,,,,,,8
2022-12-08T04:00:10+00:00,6848632,OE6EUR15,10,C0801806022C08020000,,,,,,,,2,8,6,,,2,24,,,,,,,,,,,
2022-12-08T04:00:12+00:00,6848625,OE6ISP_High_Gain_LimeSDR,10,C0801906022D0D020000,,2,,,,,,,13,6,,,2,25,,,,,,,,,,,
2022-12-08T04:00:12+00:00,6848632,OE6EUR15,10,C0801906022D0D020000,,2,,,,,,,13,6,,,2,25,,,,,,,,,,,
2022-12-08T04:00:13+00:00,6848632,OE6EUR15,10,C0801A06022D07020000,,,,,,2,,,7,6,,,2,26,,,,,,,,,,,
2022-12-08T04:00:17+00:00,6848632,OE6EUR15,10,C0801B06022D01020000,,,2,,,,,,1,6,,,2,27,,,,,,,,,,,
2022-12-08T04:00:19+00:00,6848625,OE6ISP_High_Gain_LimeSDR,10,C0801C06022D04020000,,,,,2,,,,4,6,,,2,28,,,,,,,,,,,
2022-12-08T04:00:21+00:00,6848632,OE6EUR15,10,C0801D06022D0A020000,2,,,,,,,,10,6,,,2,29,,,,,,,,,,,
2022-12-08T04:00:23+00:00,6848625,OE6ISP_High_Gain_LimeSDR,16,C0801F0C0289030807F40400DA31FDFF,,,,,,,,,3,12,8,,2,31,,,,,,,,,,,
2022-12-08T04:00:26+00:00,6848199,SP7THR-UHF,16,C080200C028905081739000011000000,,,,,,,,,5,12,,8,2,32,,,,,,,,,,,
2022-12-08T04:00:26+00:00,6848199,SP7THR-UHF,16,C0801F0C0289030807F40400DA31FDFF,,,,,,,,,3,12,8,,2,31,,,,,,,,,,,
2022-12-08T04:00:26+00:00,6848625,OE6ISP_High_Gain_LimeSDR,16,C080200C028905081739000011000000,,,,,,,,,5,12,,8,2,32,,,,,,,,,,,
2022-12-08T04:00:26+00:00,6848625,OE6ISP_High_Gain_LimeSDR,13,C08025090266950500005A0058,,,,,,,,,149,9,,,2,37,,,,,5,,,,,,
2022-12-08T04:00:27+00:00,6849746,SA2KNG Omni UHF/VHF,10,C0802E06022D0D020000,,2,,,,,,,13,6,,,2,46,,,,,,,,,,,
2022-12-08T04:00:32+00:00,6848199,SP7THR-UHF,16,C0802B0C02800C081700000058FD0400,,,,,,,,,12,12,,,2,43,,,,,,,,,,,8
2022-12-08T04:00:35+00:00,6849746,SA2KNG Omni UHF/VHF,16,C080340C028903080E060500EA58FDFF,,,,,,,,,3,12,8,,2,52,,,,,,,,,,,
2022-12-08T04:00:36+00:00,6849746,SA2KNG Omni UHF/VHF,13,C080360902668105000059005C,,,,,,,,,129,9,,,2,54,5,,,,,,,,,,
2022-12-08T04:00:37+00:00,6849746,SA2KNG Omni UHF/VHF,13,C080380902668B0500005A005C,,,,,,,,,139,9,,,2,56,,,5,,,,,,,,
2022-12-08T04:00:37+00:00,6849746,SA2KNG Omni UHF/VHF,13,C0803709026686050003DA0266,,,,,,,,,134,9,,,2,55,,5,,,,,,,,,
2022-12-08T04:00:38+00:00,6848632,OE6EUR15,10,C0803106022D04020000,,,,,2,,,,4,6,,,2,49,,,,,,,,,,,
2022-12-08T04:00:42+00:00,6848625,OE6ISP_High_Gain_LimeSDR,13,C080360902668105000059005C,,,,,,,,,129,9,,,2,54,5,,,,,,,,,,
2022-12-08T04:00:43+00:00,6848625,OE6ISP_High_Gain_LimeSDR,13,C0803709026686050003DA0266,,,,,,,,,134,9,,,2,55,,5,,,,,,,,,
2022-12-08T04:00:43+00:00,6848632,OE6EUR15,13,C080380902668B0500005A005C,,,,,,,,,139,9,,,2,56,,,5,,,,,,,,
2022-12-08T04:00:44+00:00,6849746,SA2KNG Omni UHF/VHF,16,C080340C028903080E060500EA58FDFF,,,,,,,,,3,12,8,,2,52,,,,,,,,,,,
2022-12-08T04:00:44+00:00,6848199,SP7THR-UHF,16,C080340C028903080E060500EA58FDFF,,,,,,,,,3,12,8,,2,52,,,,,,,,,,,
2022-12-08T04:00:44+00:00,6848625,OE6ISP_High_Gain_LimeSDR,16,C080340C028903080E060500EA58FDFF,,,,,,,,,3,12,8,,2,52,,,,,,,,,,,
2022-12-08T04:00:44+00:00,6848632,OE6EUR15,16,C080340C028903080E060500EA58FDFF,,,,,,,,,3,12,8,,2,52,,,,,,,,,,,
2022-12-08T04:00:45+00:00,6849746,SA2KNG Omni UHF/VHF,16,C080350C02890508215100001C000000,,,,,,,,,5,12,,8,2,53,,,,,,,,,,,
2022-12-08T04:00:45+00:00,6848199,SP7THR-UHF,16,C080350C02890508215100001C000000,,,,,,,,,5,12,,8,2,53,,,,,,,,,,,
2022-12-08T04:00:45+00:00,6848625,OE6ISP_High_Gain_LimeSDR,16,C080350C02890508215100001C000000,,,,,,,,,5,12,,8,2,53,,,,,,,,,,,
2022-12-08T04:01:09+00:00,6849746,SA2KNG Omni UHF/VHF,10,C0800206022C03020000,,,,,,,2,,3,6,,,2,2,,,,,,,,,,,
2022-12-08T04:01:13+00:00,6849746,SA2KNG Omni UHF/VHF,10,C0800506022D07020000,,,,,,2,,,7,6,,,2,5,,,,,,,,,,,
2022-12-08T04:01:15+00:00,6849746,SA2KNG Omni UHF/VHF,10,C0800606022D01020000,,,2,,,,,,1,6,,,2,6,,,,,,,,,,,
2022-12-08T04:01:16+00:00,6849746,SA2KNG Omni UHF/VHF,16,C080010C02800C0802000000D0070000,,,,,,,,,12,12,,,2,1,,,,,,,,,,,8
2022-12-08T04:01:16+00:00,6848199,SP7THR-UHF,16,C080010C02800C0802000000D0070000,,,,,,,,,12,12,,,2,1,,,,,,,,,,,8
2022-12-08T04:01:41+00:00,6848199,SP7THR-UHF,16,C080010C02800C080200000000000000,,,,,,,,,12,12,,,2,1,,,,,,,,,,,8
2022-12-08T04:01:53+00:00,6849746,SA2KNG Omni UHF/VHF,10,C0800206022C03020000,,,,,,,2,,3,6,,,2,2,,,,,,,,,,,
2022-12-08T04:02:00+00:00,6849746,SA2KNG Omni UHF/VHF,16,C080010C02800C0802000000D0070000,,,,,,,,,12,12,,,2,1,,,,,,,,,,,8
2022-12-08T04:02:08+00:00,6849746,SA2KNG Omni UHF/VHF,16,C080010C02800C080200000000000000,,,,,,,,,12,12,,,2,1,,,,,,,,,,,8
2022-12-08T04:02:10+00:00,6849746,SA2KNG Omni UHF/VHF,10,C0800206022C03020000,,,,,,,2,,3,6,,,2,2,,,,,,,,,,,
2022-12-08T04:02:11+00:00,6849746,SA2KNG Omni UHF/VHF,10,C0800306022C08020000,,,,,,,,2,8,6,,,2,3,,,,,,,,,,,
2022-12-08T04:02:13+00:00,6849746,SA2KNG Omni UHF/VHF,10,C0800406022D0D020000,,2,,,,,,,13,6,,,2,4,,,,,,,,,,,
2022-12-08T04:02:17+00:00,6849746,SA2KNG Omni UHF/VHF,16,C080010C02800C080200000000000000,,,,,,,,,12,12,,,2,1,,,,,,,,,,,8
2022-12-08T04:02:25+00:00,6849746,SA2KNG Omni UHF/VHF,16,C080010C02800C080200000000000000,,,,,,,,,12,12,,,2,1,,,,,,,,,,,8
2022-12-08T04:02:26+00:00,6849746,SA2KNG Omni UHF/VHF,10,C0800206022C03020000,,,,,,,2,,3,6,,,2,2,,,,,,,,,,,
2022-12-08T04:02:28+00:00,6849746,SA2KNG Omni UHF/VHF,10,C0800306022C08020000,,,,,,,,2,8,6,,,2,3,,,,,,,,,,,
2022-12-08T04:02:30+00:00,6849746,SA2KNG Omni UHF/VHF,10,C0800406022D0D020000,,2,,,,,,,13,6,,,2,4,,,,,,,,,,,
2022-12-08T04:02:34+00:00,6849746,SA2KNG Omni UHF/VHF,16,C080010C02800C080200000000000000,,,,,,,,,12,12,,,2,1,,,,,,,,,,,8
2022-12-08T04:02:42+00:00,6849746,SA2KNG Omni UHF/VHF,16,C080010C02800C080200000000000000,,,,,,,,,12,12,,,2,1,,,,,,,,,,,8
2022-12-08T04:02:44+00:00,6849746,SA2KNG Omni UHF/VHF,10,C0800206022C03020000,,,,,,,2,,3,6,,,2,2,,,,,,,,,,,
2022-12-08T04:02:45+00:00,6849746,SA2KNG Omni UHF/VHF,10,C0800306022C08020000,,,,,,,,2,8,6,,,2,3,,,,,,,,,,,
2022-12-08T04:02:48+00:00,6848625,OE6ISP_High_Gain_LimeSDR,16,C080010C02800C080200000000000000,,,,,,,,,12,12,,,2,1,,,,,,,,,,,8
2022-12-08T04:02:50+00:00,6848632,OE6EUR15,10,C0800206022C03020000,,,,,,,2,,3,6,,,2,2,,,,,,,,,,,
2022-12-08T04:02:51+00:00,6849746,SA2KNG Omni UHF/VHF,16,C080010C02800C080200000000000000,,,,,,,,,12,12,,,2,1,,,,,,,,,,,8
2022-12-08T04:02:51+00:00,6848625,OE6ISP_High_Gain_LimeSDR,10,C0800306022C08020000,,,,,,,,2,8,6,,,2,3,,,,,,,,,,,
2022-12-08T04:02:51+00:00,6848632,OE6EUR15,16,C080010C02800C080200000000000000,,,,,,,,,12,12,,,2,1,,,,,,,,,,,8
2022-12-08T04:02:59+00:00,6849746,SA2KNG Omni UHF/VHF,16,C080010C02800C0802000000D0070000,,,,,,,,,12,12,,,2,1,,,,,,,,,,,8
2022-12-08T04:03:01+00:00,6849746,SA2KNG Omni UHF/VHF,10,C0800206022C03020000,,,,,,,2,,3,6,,,2,2,,,,,,,,,,,
2022-12-08T04:03:02+00:00,6849746,SA2KNG Omni UHF/VHF,10,C0800306022C08020000,,,,,,,,2,8,6,,,2,3,,,,,,,,,,,
2022-12-08T04:03:08+00:00,6849746,SA2KNG Omni UHF/VHF,16,C080010C02800C0802000000D0070000,,,,,,,,,12,12,,,2,1,,,,,,,,,,,8
2022-12-08T04:03:08+00:00,6848625,OE6ISP_High_Gain_LimeSDR,16,C080010C02800C0802000000D0070000,,,,,,,,,12,12,,,2,1,,,,,,,,,,,8
2022-12-08T04:03:16+00:00,6849746,SA2KNG Omni UHF/VHF,16,C080010C02800C080200000000000000,,,,,,,,,12,12,,,2,1,,,,,,,,,,,8
2022-12-08T04:03:18+00:00,6849746,SA2KNG Omni UHF/VHF,10,C0800206022C03020000,,,,,,,2,,3,6,,,2,2,,,,,,,,,,,
2022-12-08T04:03:25+00:00,6849746,SA2KNG Omni UHF/VHF,16,C080010C02800C080200000000000000,,,,,,,,,12,12,,,2,1,,,,,,,,,,,8
2022-12-08T04:03:25+00:00,6848625,OE6ISP_High_Gain_LimeSDR,16,C080010C02800C080200000000000000,,,,,,,,,12,12,,,2,1,,,,,,,,,,,8
2022-12-08T04:03:25+00:00,6848632,OE6EUR15,16,C080010C02800C080200000000000000,,,,,,,,,12,12,,,2,1,,,,,,,,,,,8
2022-12-08T04:03:31+00:00,6849746,SA2KNG Omni UHF/VHF,16,C080010C02800C0802000000E8030000,,,,,,,,,12,12,,,2,1,,,,,,,,,,,8
2022-12-08T04:03:32+00:00,6849746,SA2KNG Omni UHF/VHF,10,C0800206022C03020000,,,,,,,2,,3,6,,,2,2,,,,,,,,,,,
2022-12-08T04:03:38+00:00,6848632,OE6EUR15,10,C0800206022C03020000,,,,,,,2,,3,6,,,2,2,,,,,,,,,,,
2022-12-08T04:03:40+00:00,6849746,SA2KNG Omni UHF/VHF,16,C080010C02800C0802000000E8030000,,,,,,,,,12,12,,,2,1,,,,,,,,,,,8
2022-12-08T04:03:44+00:00,6849752,SA2KNG Experimental,16,C080010C02800C080200000000000000,,,,,,,,,12,12,,,2,1,,,,,,,,,,,8
2022-12-08T04:03:45+00:00,6849746,SA2KNG Omni UHF/VHF,16,C080010C02800C080200000000000000,,,,,,,,,12,12,,,2,1,,,,,,,,,,,8
2022-12-08T04:03:46+00:00,6849752,SA2KNG Experimental,10,C0800206022C03020000,,,,,,,2,,3,6,,,2,2,,,,,,,,,,,
2022-12-08T04:03:47+00:00,6849746,SA2KNG Omni UHF/VHF,10,C0800206022C03020000,,,,,,,2,,3,6,,,2,2,,,,,,,,,,,
2022-12-08T04:03:54+00:00,6849752,SA2KNG Experimental,16,C080010C02800C080200000000000000,,,,,,,,,12,12,,,2,1,,,,,,,,,,,8
2022-12-08T04:03:54+00:00,6849746,SA2KNG Omni UHF/VHF,16,C080010C02800C080200000000000000,,,,,,,,,12,12,,,2,1,,,,,,,,,,,8
2022-12-08T04:03:54+00:00,6848625,OE6ISP_High_Gain_LimeSDR,16,C080010C02800C080200000000000000,,,,,,,,,12,12,,,2,1,,,,,,,,,,,8
2022-12-08T04:03:59+00:00,6849752,SA2KNG Experimental,16,C080010C02800C080200000000000000,,,,,,,,,12,12,,,2,1,,,,,,,,,,,8
2022-12-08T04:04:00+00:00,6849752,SA2KNG Experimental,10,C0800206022C03020000,,,,,,,2,,3,6,,,2,2,,,,,,,,,,,
2022-12-08T04:04:00+00:00,6849746,SA2KNG Omni UHF/VHF,16,C080010C02800C080200000000000000,,,,,,,,,12,12,,,2,1,,,,,,,,,,,8
2022-12-08T04:04:01+00:00,6849746,SA2KNG Omni UHF/VHF,10,C0800206022C03020000,,,,,,,2,,3,6,,,2,2,,,,,,,,,,,
2022-12-08T04:04:09+00:00,6849752,SA2KNG Experimental,16,C080010C02800C080200000000000000,,,,,,,,,12,12,,,2,1,,,,,,,,,,,8
2022-12-08T04:04:09+00:00,6849746,SA2KNG Omni UHF/VHF,16,C080010C02800C080200000000000000,,,,,,,,,12,12,,,2,1,,,,,,,,,,,8
2022-12-08T04:04:09+00:00,6848625,OE6ISP_High_Gain_LimeSDR,16,C080010C02800C080200000000000000,,,,,,,,,12,12,,,2,1,,,,,,,,,,,8
2022-12-08T04:04:09+00:00,6848632,OE6EUR15,16,C080010C02800C080200000000000000,,,,,,,,,12,12,,,2,1,,,,,,,,,,,8
2022-12-08T04:04:13+00:00,6849752,SA2KNG Experimental,16,C080010C02800C080200000000000000,,,,,,,,,12,12,,,2,1,,,,,,,,,,,8
2022-12-08T04:04:14+00:00,6849746,SA2KNG Omni UHF/VHF,16,C080010C02800C080200000000000000,,,,,,,,,12,12,,,2,1,,,,,,,,,,,8
2022-12-08T04:04:15+00:00,6849752,SA2KNG Experimental,10,C0800206022C03020000,,,,,,,2,,3,6,,,2,2,,,,,,,,,,,
2022-12-08T04:04:16+00:00,6849746,SA2KNG Omni UHF/VHF,10,C0800206022C03020000,,,,,,,2,,3,6,,,2,2,,,,,,,,,,,
2022-12-08T04:04:23+00:00,6849752,SA2KNG Experimental,16,C080010C02800C080200000000000000,,,,,,,,,12,12,,,2,1,,,,,,,,,,,8
2022-12-08T04:04:23+00:00,6849746,SA2KNG Omni UHF/VHF,16,C080010C02800C080200000000000000,,,,,,,,,12,12,,,2,1,,,,,,,,,,,8
2022-12-08T04:04:28+00:00,6849752,SA2KNG Experimental,16,C080010C02800C080200000000000000,,,,,,,,,12,12,,,2,1,,,,,,,,,,,8
2022-12-08T04:04:29+00:00,6849752,SA2KNG Experimental,10,C0800206022C03020000,,,,,,,2,,3,6,,,2,2,,,,,,,,,,,
2022-12-08T04:04:29+00:00,6849746,SA2KNG Omni UHF/VHF,16,C080010C02800C080200000000000000,,,,,,,,,12,12,,,2,1,,,,,,,,,,,8
2022-12-08T04:04:30+00:00,6849746,SA2KNG Omni UHF/VHF,10,C0800206022C03020000,,,,,,,2,,3,6,,,2,2,,,,,,,,,,,
2022-12-08T04:04:38+00:00,6849752,SA2KNG Experimental,16,C080010C02800C080200000000000000,,,,,,,,,12,12,,,2,1,,,,,,,,,,,8
2022-12-08T04:04:38+00:00,6849746,SA2KNG Omni UHF/VHF,16,C080010C02800C080200000000000000,,,,,,,,,12,12,,,2,1,,,,,,,,,,,8
2022-12-08T04:04:42+00:00,6849752,SA2KNG Experimental,16,C080010C02800C080200000000000000,,,,,,,,,12,12,,,2,1,,,,,,,,,,,8
2022-12-08T04:04:44+00:00,6849752,SA2KNG Experimental,10,C0800206022C03020000,,,,,,,2,,3,6,,,2,2,,,,,,,,,,,
2022-12-08T04:04:44+00:00,6849746,SA2KNG Omni UHF/VHF,16,C080010C02800C080200000000000000,,,,,,,,,12,12,,,2,1,,,,,,,,,,,8
2022-12-08T04:04:45+00:00,6849746,SA2KNG Omni UHF/VHF,10,C0800206022C03020000,,,,,,,2,,3,6,,,2,2,,,,,,,,,,,
2022-12-08T04:04:53+00:00,6849752,SA2KNG Experimental,16,C080010C02800C080200000000000000,,,,,,,,,12,12,,,2,1,,,,,,,,,,,8
2022-12-08T04:04:53+00:00,6849746,SA2KNG Omni UHF/VHF,16,C080010C02800C080200000000000000,,,,,,,,,12,12,,,2,1,,,,,,,,,,,8
2022-12-08T04:04:53+00:00,6848625,OE6ISP_High_Gain_LimeSDR,16,C080010C02800C080200000000000000,,,,,,,,,12,12,,,2,1,,,,,,,,,,,8
2022-12-08T04:04:57+00:00,6849752,SA2KNG Experimental,16,C080010C02800C080200000000000000,,,,,,,,,12,12,,,2,1,,,,,,,,,,,8
2022-12-08T04:04:58+00:00,6849752,SA2KNG Experimental,10,C0800206022C03020000,,,,,,,2,,3,6,,,2,2,,,,,,,,,,,
2022-12-08T04:04:58+00:00,6849746,SA2KNG Omni UHF/VHF,16,C080010C02800C080200000000000000,,,,,,,,,12,12,,,2,1,,,,,,,,,,,8
2022-12-08T04:05:00+00:00,6849746,SA2KNG Omni UHF/VHF,10,C0800206022C03020000,,,,,,,2,,3,6,,,2,2,,,,,,,,,,,
2022-12-08T04:05:07+00:00,6849752,SA2KNG Experimental,16,C080010C02800C080200000000000000,,,,,,,,,12,12,,,2,1,,,,,,,,,,,8
2022-12-08T04:05:07+00:00,6849746,SA2KNG Omni UHF/VHF,16,C080010C02800C080200000000000000,,,,,,,,,12,12,,,2,1,,,,,,,,,,,8
2022-12-08T04:05:12+00:00,6849752,SA2KNG Experimental,16,C080010C02800C0802000000D0070000,,,,,,,,,12,12,,,2,1,,,,,,,,,,,8
2022-12-08T04:05:13+00:00,6849752,SA2KNG Experimental,10,C0800206022C03020000,,,,,,,2,,3,6,,,2,2,,,,,,,,,,,
2022-12-08T04:05:13+00:00,6849746,SA2KNG Omni UHF/VHF,16,C080010C02800C0802000000D0070000,,,,,,,,,12,12,,,2,1,,,,,,,,,,,8
2022-12-08T04:05:14+00:00,6849746,SA2KNG Omni UHF/VHF,10,C0800206022C03020000,,,,,,,2,,3,6,,,2,2,,,,,,,,,,,
2022-12-08T04:05:22+00:00,6849752,SA2KNG Experimental,16,C080010C02800C0802000000D0070000,,,,,,,,,12,12,,,2,1,,,,,,,,,,,8
2022-12-08T04:05:22+00:00,6849746,SA2KNG Omni UHF/VHF,16,C080010C02800C0802000000D0070000,,,,,,,,,12,12,,,2,1,,,,,,,,,,,8
2022-12-08T04:05:27+00:00,6849746,SA2KNG Omni UHF/VHF,16,C080010C02800C080200000000000000,,,,,,,,,12,12,,,2,1,,,,,,,,,,,8
2022-12-08T04:05:29+00:00,6849746,SA2KNG Omni UHF/VHF,10,C0800206022C03020000,,,,,,,2,,3,6,,,2,2,,,,,,,,,,,
2022-12-08T04:05:36+00:00,6849746,SA2KNG Omni UHF/VHF,16,C080010C02800C080200000000000000,,,,,,,,,12,12,,,2,1,,,,,,,,,,,8
2022-12-08T04:05:42+00:00,6849746,SA2KNG Omni UHF/VHF,16,C080010C02800C080200000000000000,,,,,,,,,12,12,,,2,1,,,,,,,,,,,8
2022-12-08T04:05:43+00:00,6849746,SA2KNG Omni UHF/VHF,10,C0800206022C03020000,,,,,,,2,,3,6,,,2,2,,,,,,,,,,,
2022-12-08T04:05:51+00:00,6849746,SA2KNG Omni UHF/VHF,16,C080010C02800C080200000000000000,,,,,,,,,12,12,,,2,1,,,,,,,,,,,8
2022-12-08T04:05:57+00:00,6849746,SA2KNG Omni UHF/VHF,16,C080010C02800C080200000000000000,,,,,,,,,12,12,,,2,1,,,,,,,,,,,8
2022-12-08T04:06:06+00:00,6849746,SA2KNG Omni UHF/VHF,16,C080010C02800C080200000000000000,,,,,,,,,12,12,,,2,1,,,,,,,,,,,8
2022-12-08T04:06:10+00:00,6849746,SA2KNG Omni UHF/VHF,16,C080010C02800C0802000000D0070000,,,,,,,,,12,12,,,2,1,,,,,,,,,,,8
2022-12-08T04:06:20+00:00,6849746,SA2KNG Omni UHF/VHF,16,C080010C02800C0802000000D0070000,,,,,,,,,12,12,,,2,1,,,,,,,,,,,8
2022-12-08T04:06:24+00:00,6849746,SA2KNG Omni UHF/VHF,16,C080010C02800C080200000000000000,,,,,,,,,12,12,,,2,1,,,,,,,,,,,8
2022-12-08T04:06:33+00:00,6849746,SA2KNG Omni UHF/VHF,16,C080010C02800C080200000000000000,,,,,,,,,12,12,,,2,1,,,,,,,,,,,8
2022-12-08T04:06:37+00:00,6849746,SA2KNG Omni UHF/VHF,16,C080010C02800C0802000000E8030000,,,,,,,,,12,12,,,2,1,,,,,,,,,,,8
2022-12-08T04:06:46+00:00,6849746,SA2KNG Omni UHF/VHF,16,C080010C02800C0802000000E8030000,,,,,,,,,12,12,,,2,1,,,,,,,,,,,8
2022-12-08T04:06:50+00:00,6849746,SA2KNG Omni UHF/VHF,16,C080010C02800C080200000000000000,,,,,,,,,12,12,,,2,1,,,,,,,,,,,8
2022-12-08T04:06:59+00:00,6849746,SA2KNG Omni UHF/VHF,16,C080010C02800C080200000000000000,,,,,,,,,12,12,,,2,1,,,,,,,,,,,8
2022-12-08T05:36:53+00:00,6848626,OE6ISP_High_Gain_LimeSDR,10,C0800306022C08020000,,,,,,,,2,8,6,,,2,3,,,,,,,,,,,
2022-12-08T05:37:29+00:00,6848626,OE6ISP_High_Gain_LimeSDR,10,C0800406022D0D020000,,2,,,,,,,13,6,,,2,4,,,,,,,,,,,
2022-12-08T05:37:29+00:00,6848633,OE6EUR15,10,C0800406022D0D020000,,2,,,,,,,13,6,,,2,4,,,,,,,,,,,
2022-12-08T05:38:01+00:00,6848633,OE6EUR15,10,C0800306022C08020000,,,,,,,,2,8,6,,,2,3,,,,,,,,,,,
2022-12-08T05:38:03+00:00,6848633,OE6EUR15,10,C0800406022D0D020000,,2,,,,,,,13,6,,,2,4,,,,,,,,,,,
2022-12-08T05:38:17+00:00,6848626,OE6ISP_High_Gain_LimeSDR,10,C0800206022C03020000,,,,,,,2,,3,6,,,2,2,,,,,,,,,,,
2022-12-08T05:38:17+00:00,6848633,OE6EUR15,10,C0800206022C03020000,,,,,,,2,,3,6,,,2,2,,,,,,,,,,,
2022-12-08T05:38:18+00:00,6848626,OE6ISP_High_Gain_LimeSDR,16,C080010C02800C0802000000D0070000,,,,,,,,,12,12,,,2,1,,,,,,,,,,,8
2022-12-08T05:38:18+00:00,6848626,OE6ISP_High_Gain_LimeSDR,10,C0800306022C08020000,,,,,,,,2,8,6,,,2,3,,,,,,,,,,,
2022-12-08T05:38:18+00:00,6848633,OE6EUR15,16,C080010C02800C0802000000D0070000,,,,,,,,,12,12,,,2,1,,,,,,,,,,,8
2022-12-08T05:38:18+00:00,6848633,OE6EUR15,10,C0800306022C08020000,,,,,,,,2,8,6,,,2,3,,,,,,,,,,,
2022-12-08T05:38:52+00:00,6847633,M0KSF,16,C080010C02800C080200000000000000,,,,,,,,,12,12,,,2,1,,,,,,,,,,,8
2022-12-08T05:39:26+00:00,6847633,M0KSF,16,C080010C02800C080200000000000000,,,,,,,,,12,12,,,2,1,,,,,,,,,,,8
2022-12-08T05:39:42+00:00,6848626,OE6ISP_High_Gain_LimeSDR,10,C0800206022C03020000,,,,,,,2,,3,6,,,2,2,,,,,,,,,,,
2022-12-08T05:39:43+00:00,6847633,M0KSF,16,C080010C02800C080200000000000000,,,,,,,,,12,12,,,2,1,,,,,,,,,,,8
2022-12-08T05:39:56+00:00,6849828,PE0SAT-11,16,C080010C02800C080200000000000000,,,,,,,,,12,12,,,2,1,,,,,,,,,,,8
2022-12-08T05:39:57+00:00,6848626,OE6ISP_High_Gain_LimeSDR,16,C080010C02800C080200000000000000,,,,,,,,,12,12,,,2,1,,,,,,,,,,,8
2022-12-08T05:39:58+00:00,6848633,OE6EUR15,16,C080010C02800C080200000000000000,,,,,,,,,12,12,,,2,1,,,,,,,,,,,8
2022-12-08T05:40:00+00:00,6848626,OE6ISP_High_Gain_LimeSDR,16,C080010C02800C080200000000000000,,,,,,,,,12,12,,,2,1,,,,,,,,,,,8
2022-12-08T05:40:00+00:00,6848626,OE6ISP_High_Gain_LimeSDR,10,C0800306022C08020000,,,,,,,,2,8,6,,,2,3,,,,,,,,,,,
2022-12-08T05:40:00+00:00,6848633,OE6EUR15,10,C0800306022C08020000,,,,,,,,2,8,6,,,2,3,,,,,,,,,,,
2022-12-08T05:40:01+00:00,6847633,M0KSF,16,C080010C02800C080200000000000000,,,,,,,,,12,12,,,2,1,,,,,,,,,,,8
2022-12-08T05:40:13+00:00,6849828,PE0SAT-11,16,C080010C02800C080200000000000000,,,,,,,,,12,12,,,2,1,,,,,,,,,,,8
2022-12-08T05:40:14+00:00,6848626,OE6ISP_High_Gain_LimeSDR,16,C080010C02800C080200000000000000,,,,,,,,,12,12,,,2,1,,,,,,,,,,,8
2022-12-08T05:40:15+00:00,6849828,PE0SAT-11,10,C0800206022C03020000,,,,,,,2,,3,6,,,2,2,,,,,,,,,,,
2022-12-08T05:40:15+00:00,6848633,OE6EUR15,16,C080010C02800C080200000000000000,,,,,,,,,12,12,,,2,1,,,,,,,,,,,8
2022-12-08T05:40:16+00:00,6848626,OE6ISP_High_Gain_LimeSDR,10,C0800206022C03020000,,,,,,,2,,3,6,,,2,2,,,,,,,,,,,
2022-12-08T05:40:16+00:00,6848633,OE6EUR15,10,C0800206022C03020000,,,,,,,2,,3,6,,,2,2,,,,,,,,,,,
2022-12-08T05:40:17+00:00,6848626,OE6ISP_High_Gain_LimeSDR,16,C080010C02800C080200000000000000,,,,,,,,,12,12,,,2,1,,,,,,,,,,,8
2022-12-08T05:40:18+00:00,6847633,M0KSF,16,C080010C02800C080200000000000000,,,,,,,,,12,12,,,2,1,,,,,,,,,,,8
2022-12-08T05:40:18+00:00,6848633,OE6EUR15,16,C080010C02800C080200000000000000,,,,,,,,,12,12,,,2,1,,,,,,,,,,,8
2022-12-08T05:40:28+00:00,6849828,PE0SAT-11,16,C080010C02800C0802000000D0070000,,,,,,,,,12,12,,,2,1,,,,,,,,,,,8
2022-12-08T05:40:29+00:00,6849828,PE0SAT-11,10,C0800206022C03020000,,,,,,,2,,3,6,,,2,2,,,,,,,,,,,
2022-12-08T05:40:29+00:00,6848626,OE6ISP_High_Gain_LimeSDR,16,C080010C02800C0802000000D0070000,,,,,,,,,12,12,,,2,1,,,,,,,,,,,8
2022-12-08T05:40:29+00:00,6848633,OE6EUR15,16,C080010C02800C0802000000D0070000,,,,,,,,,12,12,,,2,1,,,,,,,,,,,8
2022-12-08T05:40:30+00:00,6848626,OE6ISP_High_Gain_LimeSDR,10,C0800206022C03020000,,,,,,,2,,3,6,,,2,2,,,,,,,,,,,
2022-12-08T05:40:31+00:00,6848633,OE6EUR15,10,C0800206022C03020000,,,,,,,2,,3,6,,,2,2,,,,,,,,,,,
2022-12-08T05:40:32+00:00,6849828,PE0SAT-11,16,C080010C02800C0802000000D0070000,,,,,,,,,12,12,,,2,1,,,,,,,,,,,8
2022-12-08T05:40:32+00:00,6847633,M0KSF,16,C080010C02800C0802000000D0070000,,,,,,,,,12,12,,,2,1,,,,,,,,,,,8
2022-12-08T05:40:32+00:00,6848626,OE6ISP_High_Gain_LimeSDR,16,C080010C02800C0802000000D0070000,,,,,,,,,12,12,,,2,1,,,,,,,,,,,8
2022-12-08T05:40:32+00:00,6848633,OE6EUR15,16,C080010C02800C0802000000D0070000,,,,,,,,,12,12,,,2,1,,,,,,,,,,,8
2022-12-08T05:40:42+00:00,6849828,PE0SAT-11,16,C080010C02800C0802000000D0070000,,,,,,,,,12,12,,,2,1,,,,,,,,,,,8
2022-12-08T05:40:43+00:00,6848626,OE6ISP_High_Gain_LimeSDR,16,C080010C02800C0802000000D0070000,,,,,,,,,12,12,,,2,1,,,,,,,,,,,8
2022-12-08T05:40:44+00:00,6849828,PE0SAT-11,10,C0800206022C03020000,,,,,,,2,,3,6,,,2,2,,,,,,,,,,,
2022-12-08T05:40:44+00:00,6848633,OE6EUR15,16,C080010C02800C0802000000D0070000,,,,,,,,,12,12,,,2,1,,,,,,,,,,,8
2022-12-08T05:40:45+00:00,6849838,PE0SAT-21,16,C080010C02800C0802000000D0070000,,,,,,,,,12,12,,,2,1,,,,,,,,,,,8
2022-12-08T05:40:45+00:00,6848626,OE6ISP_High_Gain_LimeSDR,10,C0800206022C03020000,,,,,,,2,,3,6,,,2,2,,,,,,,,,,,
2022-12-08T05:40:45+00:00,6848633,OE6EUR15,10,C0800206022C03020000,,,,,,,2,,3,6,,,2,2,,,,,,,,,,,
2022-12-08T05:40:47+00:00,6849828,PE0SAT-11,16,C080010C02800C0802000000D0070000,,,,,,,,,12,12,,,2,1,,,,,,,,,,,8
2022-12-08T05:40:47+00:00,6849838,PE0SAT-21,16,C080010C02800C0802000000D0070000,,,,,,,,,12,12,,,2,1,,,,,,,,,,,8
2022-12-08T05:40:47+00:00,6849838,PE0SAT-21,10,C0800206022C03020000,,,,,,,2,,3,6,,,2,2,,,,,,,,,,,
2022-12-08T05:40:47+00:00,6847633,M0KSF,16,C080010C02800C0802000000D0070000,,,,,,,,,12,12,,,2,1,,,,,,,,,,,8
2022-12-08T05:40:47+00:00,6848626,OE6ISP_High_Gain_LimeSDR,16,C080010C02800C0802000000D0070000,,,,,,,,,12,12,,,2,1,,,,,,,,,,,8
2022-12-08T05:40:47+00:00,6848633,OE6EUR15,16,C080010C02800C0802000000D0070000,,,,,,,,,12,12,,,2,1,,,,,,,,,,,8
2022-12-08T05:40:57+00:00,6849828,PE0SAT-11,16,C080010C02800C080200000000000000,,,,,,,,,12,12,,,2,1,,,,,,,,,,,8
2022-12-08T05:40:58+00:00,6848626,OE6ISP_High_Gain_LimeSDR,16,C080010C02800C080200000000000000,,,,,,,,,12,12,,,2,1,,,,,,,,,,,8
2022-12-08T05:40:58+00:00,6848633,OE6EUR15,16,C080010C02800C080200000000000000,,,,,,,,,12,12,,,2,1,,,,,,,,,,,8
2022-12-08T05:40:59+00:00,6849828,PE0SAT-11,10,C0800206022C03020000,,,,,,,2,,3,6,,,2,2,,,,,,,,,,,
2022-12-08T05:41:00+00:00,6848626,OE6ISP_High_Gain_LimeSDR,10,C0800206022C03020000,,,,,,,2,,3,6,,,2,2,,,,,,,,,,,
2022-12-08T05:41:00+00:00,6848633,OE6EUR15,10,C0800206022C03020000,,,,,,,2,,3,6,,,2,2,,,,,,,,,,,
2022-12-08T05:41:01+00:00,6849828,PE0SAT-11,16,C080010C02800C080200000000000000,,,,,,,,,12,12,,,2,1,,,,,,,,,,,8
2022-12-08T05:41:01+00:00,6849838,PE0SAT-21,16,C080010C02800C080200000000000000,,,,,,,,,12,12,,,2,1,,,,,,,,,,,8
2022-12-08T05:41:01+00:00,6847633,M0KSF,16,C080010C02800C080200000000000000,,,,,,,,,12,12,,,2,1,,,,,,,,,,,8
2022-12-08T05:41:01+00:00,6848626,OE6ISP_High_Gain_LimeSDR,16,C080010C02800C080200000000000000,,,,,,,,,12,12,,,2,1,,,,,,,,,,,8
2022-12-08T05:41:01+00:00,6848633,OE6EUR15,16,C080010C02800C080200000000000000,,,,,,,,,12,12,,,2,1,,,,,,,,,,,8
2022-12-08T05:41:02+00:00,6849838,PE0SAT-21,10,C0800206022C03020000,,,,,,,2,,3,6,,,2,2,,,,,,,,,,,
2022-12-08T05:41:11+00:00,6849828,PE0SAT-11,16,C080010C02800C080200000000000000,,,,,,,,,12,12,,,2,1,,,,,,,,,,,8
2022-12-08T05:41:13+00:00,6849828,PE0SAT-11,10,C0800206022C03020000,,,,,,,2,,3,6,,,2,2,,,,,,,,,,,
2022-12-08T05:41:13+00:00,6848626,OE6ISP_High_Gain_LimeSDR,16,C080010C02800C080200000000000000,,,,,,,,,12,12,,,2,1,,,,,,,,,,,8
2022-12-08T05:41:13+00:00,6848633,OE6EUR15,16,C080010C02800C080200000000000000,,,,,,,,,12,12,,,2,1,,,,,,,,,,,8
2022-12-08T05:41:14+00:00,6848626,OE6ISP_High_Gain_LimeSDR,10,C0800206022C03020000,,,,,,,2,,3,6,,,2,2,,,,,,,,,,,
2022-12-08T05:41:14+00:00,6848633,OE6EUR15,10,C0800206022C03020000,,,,,,,2,,3,6,,,2,2,,,,,,,,,,,
2022-12-08T05:41:16+00:00,6849828,PE0SAT-11,16,C080010C02800C080200000000000000,,,,,,,,,12,12,,,2,1,,,,,,,,,,,8
2022-12-08T05:41:16+00:00,6849838,PE0SAT-21,10,C0800206022C03020000,,,,,,,2,,3,6,,,2,2,,,,,,,,,,,
2022-12-08T05:41:16+00:00,6847633,M0KSF,16,C080010C02800C080200000000000000,,,,,,,,,12,12,,,2,1,,,,,,,,,,,8
2022-12-08T05:41:16+00:00,6848626,OE6ISP_High_Gain_LimeSDR,16,C080010C02800C080200000000000000,,,,,,,,,12,12,,,2,1,,,,,,,,,,,8
2022-12-08T05:41:16+00:00,6848633,OE6EUR15,16,C080010C02800C080200000000000000,,,,,,,,,12,12,,,2,1,,,,,,,,,,,8
2022-12-08T05:41:26+00:00,6849828,PE0SAT-11,16,C080010C02800C0802000000D0070000,,,,,,,,,12,12,,,2,1,,,,,,,,,,,8
2022-12-08T05:41:27+00:00,6848626,OE6ISP_High_Gain_LimeSDR,16,C080010C02800C0802000000D0070000,,,,,,,,,12,12,,,2,1,,,,,,,,,,,8
2022-12-08T05:41:27+00:00,6848633,OE6EUR15,16,C080010C02800C0802000000D0070000,,,,,,,,,12,12,,,2,1,,,,,,,,,,,8
2022-12-08T05:41:28+00:00,6849828,PE0SAT-11,10,C0800206022C03020000,,,,,,,2,,3,6,,,2,2,,,,,,,,,,,
2022-12-08T05:41:29+00:00,6848626,OE6ISP_High_Gain_LimeSDR,10,C0800206022C03020000,,,,,,,2,,3,6,,,2,2,,,,,,,,,,,
2022-12-08T05:41:29+00:00,6848633,OE6EUR15,10,C0800206022C03020000,,,,,,,2,,3,6,,,2,2,,,,,,,,,,,
2022-12-08T05:41:30+00:00,6849828,PE0SAT-11,16,C080010C02800C0802000000D0070000,,,,,,,,,12,12,,,2,1,,,,,,,,,,,8
2022-12-08T05:41:30+00:00,6847633,M0KSF,16,C080010C02800C0802000000D0070000,,,,,,,,,12,12,,,2,1,,,,,,,,,,,8
2022-12-08T05:41:30+00:00,6848626,OE6ISP_High_Gain_LimeSDR,16,C080010C02800C0802000000D0070000,,,,,,,,,12,12,,,2,1,,,,,,,,,,,8
2022-12-08T05:41:30+00:00,6848633,OE6EUR15,16,C080010C02800C0802000000D0070000,,,,,,,,,12,12,,,2,1,,,,,,,,,,,8
2022-12-08T05:41:38+00:00,6849896,Drachten,10,C0800206022C03020000,,,,,,,2,,3,6,,,2,2,,,,,,,,,,,
2022-12-08T05:41:41+00:00,6849828,PE0SAT-11,16,C080010C02800C0802000000E8030000,,,,,,,,,12,12,,,2,1,,,,,,,,,,,8
2022-12-08T05:41:42+00:00,6849828,PE0SAT-11,10,C0800206022C03020000,,,,,,,2,,3,6,,,2,2,,,,,,,,,,,
2022-12-08T05:41:42+00:00,6848626,OE6ISP_High_Gain_LimeSDR,16,C080010C02800C0802000000E8030000,,,,,,,,,12,12,,,2,1,,,,,,,,,,,8
2022-12-08T05:41:42+00:00,6848633,OE6EUR15,16,C080010C02800C0802000000E8030000,,,,,,,,,12,12,,,2,1,,,,,,,,,,,8
2022-12-08T05:41:44+00:00,6848626,OE6ISP_High_Gain_LimeSDR,10,C0800206022C03020000,,,,,,,2,,3,6,,,2,2,,,,,,,,,,,
2022-12-08T05:41:44+00:00,6848633,OE6EUR15,10,C0800206022C03020000,,,,,,,2,,3,6,,,2,2,,,,,,,,,,,
2022-12-08T05:41:45+00:00,6848353,Dunchurch,16,C080010C02800C0802000000E8030000,,,,,,,,,12,12,,,2,1,,,,,,,,,,,8
2022-12-08T05:41:45+00:00,6849828,PE0SAT-11,16,C080010C02800C0802000000E8030000,,,,,,,,,12,12,,,2,1,,,,,,,,,,,8
2022-12-08T05:41:45+00:00,6849838,PE0SAT-21,10,C0800206022C03020000,,,,,,,2,,3,6,,,2,2,,,,,,,,,,,
2022-12-08T05:41:45+00:00,6847633,M0KSF,16,C080010C02800C0802000000E8030000,,,,,,,,,12,12,,,2,1,,,,,,,,,,,8
2022-12-08T05:41:45+00:00,6848626,OE6ISP_High_Gain_LimeSDR,16,C080010C02800C0802000000E8030000,,,,,,,,,12,12,,,2,1,,,,,,,,,,,8
2022-12-08T05:41:45+00:00,6848633,OE6EUR15,16,C080010C02800C0802000000E8030000,,,,,,,,,12,12,,,2,1,,,,,,,,,,,8
2022-12-08T05:41:55+00:00,6849828,PE0SAT-11,16,C080010C02800C080200000000000000,,,,,,,,,12,12,,,2,1,,,,,,,,,,,8
2022-12-08T05:41:56+00:00,6848626,OE6ISP_High_Gain_LimeSDR,16,C080010C02800C080200000000000000,,,,,,,,,12,12,,,2,1,,,,,,,,,,,8
2022-12-08T05:41:57+00:00,6849828,PE0SAT-11,10,C0800206022C03020000,,,,,,,2,,3,6,,,2,2,,,,,,,,,,,
2022-12-08T05:41:57+00:00,6848633,OE6EUR15,16,C080010C02800C080200000000000000,,,,,,,,,12,12,,,2,1,,,,,,,,,,,8
2022-12-08T05:41:58+00:00,6849838,PE0SAT-21,16,C080010C02800C080200000000000000,,,,,,,,,12,12,,,2,1,,,,,,,,,,,8
2022-12-08T05:41:58+00:00,6848626,OE6ISP_High_Gain_LimeSDR,10,C0800206022C03020000,,,,,,,2,,3,6,,,2,2,,,,,,,,,,,
2022-12-08T05:41:58+00:00,6848633,OE6EUR15,10,C0800206022C03020000,,,,,,,2,,3,6,,,2,2,,,,,,,,,,,
2022-12-08T05:42:00+00:00,6848353,Dunchurch,16,C080010C02800C080200000000000000,,,,,,,,,12,12,,,2,1,,,,,,,,,,,8
2022-12-08T05:42:00+00:00,6849828,PE0SAT-11,16,C080010C02800C080200000000000000,,,,,,,,,12,12,,,2,1,,,,,,,,,,,8
2022-12-08T05:42:00+00:00,6849896,Drachten,16,C080010C02800C080200000000000000,,,,,,,,,12,12,,,2,1,,,,,,,,,,,8
2022-12-08T05:42:00+00:00,6847633,M0KSF,16,C080010C02800C080200000000000000,,,,,,,,,12,12,,,2,1,,,,,,,,,,,8
2022-12-08T05:42:00+00:00,6848626,OE6ISP_High_Gain_LimeSDR,16,C080010C02800C080200000000000000,,,,,,,,,12,12,,,2,1,,,,,,,,,,,8
2022-12-08T05:42:00+00:00,6848633,OE6EUR15,16,C080010C02800C080200000000000000,,,,,,,,,12,12,,,2,1,,,,,,,,,,,8
2022-12-08T05:42:06+00:00,6849896,Drachten,16,C080010C02800C080200000000000000,,,,,,,,,12,12,,,2,1,,,,,,,,,,,8
2022-12-08T05:42:10+00:00,6849828,PE0SAT-11,16,C080010C02800C080200000000000000,,,,,,,,,12,12,,,2,1,,,,,,,,,,,8
2022-12-08T05:42:13+00:00,6849838,PE0SAT-21,16,C080010C02800C080200000000000000,,,,,,,,,12,12,,,2,1,,,,,,,,,,,8
2022-12-08T05:42:14+00:00,6848353,Dunchurch,16,C080010C02800C080200000000000000,,,,,,,,,12,12,,,2,1,,,,,,,,,,,8
2022-12-08T05:42:14+00:00,6849828,PE0SAT-11,16,C080010C02800C080200000000000000,,,,,,,,,12,12,,,2,1,,,,,,,,,,,8
2022-12-08T05:42:14+00:00,6849838,PE0SAT-21,16,C080010C02800C080200000000000000,,,,,,,,,12,12,,,2,1,,,,,,,,,,,8
2022-12-08T05:42:14+00:00,6849896,Drachten,16,C080010C02800C080200000000000000,,,,,,,,,12,12,,,2,1,,,,,,,,,,,8
2022-12-08T05:42:14+00:00,6848932,M0KSF-BB,16,C080010C02800C080200000000000000,,,,,,,,,12,12,,,2,1,,,,,,,,,,,8
2022-12-08T05:42:14+00:00,6847633,M0KSF,16,C080010C02800C080200000000000000,,,,,,,,,12,12,,,2,1,,,,,,,,,,,8
2022-12-08T05:42:14+00:00,6848633,OE6EUR15,16,C080010C02800C080200000000000000,,,,,,,,,12,12,,,2,1,,,,,,,,,,,8
2022-12-08T05:42:20+00:00,6849896,Drachten,16,C080010C02800C080200000000000000,,,,,,,,,12,12,,,2,1,,,,,,,,,,,8
2022-12-08T05:42:24+00:00,6849828,PE0SAT-11,16,C080010C02800C080200000000000000,,,,,,,,,12,12,,,2,1,,,,,,,,,,,8
2022-12-08T05:42:25+00:00,6848626,OE6ISP_High_Gain_LimeSDR,16,C080010C02800C080200000000000000,,,,,,,,,12,12,,,2,1,,,,,,,,,,,8
2022-12-08T05:42:25+00:00,6848633,OE6EUR15,16,C080010C02800C080200000000000000,,,,,,,,,12,12,,,2,1,,,,,,,,,,,8
2022-12-08T05:42:28+00:00,6849828,PE0SAT-11,16,C080010C02800C080200000000000000,,,,,,,,,12,12,,,2,1,,,,,,,,,,,8
2022-12-08T05:42:28+00:00,6849838,PE0SAT-21,16,C080010C02800C080200000000000000,,,,,,,,,12,12,,,2,1,,,,,,,,,,,8
2022-12-08T05:42:28+00:00,6849896,Drachten,16,C080010C02800C080200000000000000,,,,,,,,,12,12,,,2,1,,,,,,,,,,,8
2022-12-08T05:42:28+00:00,6848932,M0KSF-BB,16,C080010C02800C080200000000000000,,,,,,,,,12,12,,,2,1,,,,,,,,,,,8
2022-12-08T05:42:28+00:00,6847633,M0KSF,16,C080010C02800C080200000000000000,,,,,,,,,12,12,,,2,1,,,,,,,,,,,8
2022-12-08T05:42:28+00:00,6848626,OE6ISP_High_Gain_LimeSDR,16,C080010C02800C080200000000000000,,,,,,,,,12,12,,,2,1,,,,,,,,,,,8
2022-12-08T05:42:28+00:00,6848633,OE6EUR15,16,C080010C02800C080200000000000000,,,,,,,,,12,12,,,2,1,,,,,,,,,,,8
2022-12-08T05:42:37+00:00,6849828,PE0SAT-11,16,C080010C02800C080200000000000000,,,,,,,,,12,12,,,2,1,,,,,,,,,,,8
2022-12-08T05:42:38+00:00,6848626,OE6ISP_High_Gain_LimeSDR,16,C080010C02800C080200000000000000,,,,,,,,,12,12,,,2,1,,,,,,,,,,,8
2022-12-08T05:42:38+00:00,6848633,OE6EUR15,16,C080010C02800C080200000000000000,,,,,,,,,12,12,,,2,1,,,,,,,,,,,8
2022-12-08T05:42:41+00:00,6849828,PE0SAT-11,16,C080010C02800C080200000000000000,,,,,,,,,12,12,,,2,1,,,,,,,,,,,8
2022-12-08T05:42:41+00:00,6849896,Drachten,16,C080010C02800C080200000000000000,,,,,,,,,12,12,,,2,1,,,,,,,,,,,8
2022-12-08T05:42:41+00:00,6847633,M0KSF,16,C080010C02800C080200000000000000,,,,,,,,,12,12,,,2,1,,,,,,,,,,,8
2022-12-08T05:42:41+00:00,6848626,OE6ISP_High_Gain_LimeSDR,16,C080010C02800C080200000000000000,,,,,,,,,12,12,,,2,1,,,,,,,,,,,8
2022-12-08T05:42:41+00:00,6848633,OE6EUR15,16,C080010C02800C080200000000000000,,,,,,,,,12,12,,,2,1,,,,,,,,,,,8
2022-12-08T05:42:45+00:00,6849896,Drachten,16,C080010C02800C080200000000000000,,,,,,,,,12,12,,,2,1,,,,,,,,,,,8
2022-12-08T05:42:49+00:00,6849828,PE0SAT-11,16,C080010C02800C080200000000000000,,,,,,,,,12,12,,,2,1,,,,,,,,,,,8
2022-12-08T05:42:51+00:00,6848626,OE6ISP_High_Gain_LimeSDR,16,C080010C02800C080200000000000000,,,,,,,,,12,12,,,2,1,,,,,,,,,,,8
2022-12-08T05:42:54+00:00,6849828,PE0SAT-11,16,C080010C02800C080200000000000000,,,,,,,,,12,12,,,2,1,,,,,,,,,,,8
2022-12-08T05:42:54+00:00,6849896,Drachten,16,C080010C02800C080200000000000000,,,,,,,,,12,12,,,2,1,,,,,,,,,,,8
2022-12-08T05:42:54+00:00,6848932,M0KSF-BB,16,C080010C02800C080200000000000000,,,,,,,,,12,12,,,2,1,,,,,,,,,,,8
2022-12-08T05:42:54+00:00,6847633,M0KSF,16,C080010C02800C080200000000000000,,,,,,,,,12,12,,,2,1,,,,,,,,,,,8
2022-12-08T05:42:54+00:00,6848626,OE6ISP_High_Gain_LimeSDR,16,C080010C02800C080200000000000000,,,,,,,,,12,12,,,2,1,,,,,,,,,,,8
2022-12-08T05:42:54+00:00,6848633,OE6EUR15,16,C080010C02800C080200000000000000,,,,,,,,,12,12,,,2,1,,,,,,,,,,,8
2022-12-08T05:45:46+00:00,6849896,Drachten,16,C080010C02800C080200000000000000,,,,,,,,,12,12,,,2,1,,,,,,,,,,,8
2022-12-08T05:45:54+00:00,6849896,Drachten,16,C080010C02800C080200000000000000,,,,,,,,,12,12,,,2,1,,,,,,,,,,,8
2022-12-08T05:45:54+00:00,6847633,M0KSF,16,C080010C02800C080200000000000000,,,,,,,,,12,12,,,2,1,,,,,,,,,,,8
2022-12-08T05:45:58+00:00,6849896,Drachten,16,C080010C02800C080200000000000000,,,,,,,,,12,12,,,2,1,,,,,,,,,,,8
2022-12-08T05:46:07+00:00,6849896,Drachten,16,C080010C02800C080200000000000000,,,,,,,,,12,12,,,2,1,,,,,,,,,,,8
2022-12-08T05:46:07+00:00,6847633,M0KSF,16,C080010C02800C080200000000000000,,,,,,,,,12,12,,,2,1,,,,,,,,,,,8
2022-12-08T05:46:11+00:00,6849896,Drachten,16,C080010C02800C0802000000E8030000,,,,,,,,,12,12,,,2,1,,,,,,,,,,,8
2022-12-08T05:46:19+00:00,6849896,Drachten,16,C080010C02800C0802000000E8030000,,,,,,,,,12,12,,,2,1,,,,,,,,,,,8
2022-12-08T05:46:19+00:00,6847633,M0KSF,16,C080010C02800C0802000000E8030000,,,,,,,,,12,12,,,2,1,,,,,,,,,,,8
2022-12-08T05:46:24+00:00,6849896,Drachten,16,C080010C02800C080200000000000000,,,,,,,,,12,12,,,2,1,,,,,,,,,,,8
2022-12-08T05:46:25+00:00,6849896,Drachten,10,C0800206022C03020000,,,,,,,2,,3,6,,,2,2,,,,,,,,,,,
2022-12-08T05:46:32+00:00,6849896,Drachten,16,C080010C02800C080200000000000000,,,,,,,,,12,12,,,2,1,,,,,,,,,,,8
2022-12-08T05:46:32+00:00,6847633,M0KSF,16,C080010C02800C080200000000000000,,,,,,,,,12,12,,,2,1,,,,,,,,,,,8
2022-12-08T05:46:39+00:00,6849896,Drachten,16,C080010C02800C0802000000D0070000,,,,,,,,,12,12,,,2,1,,,,,,,,,,,8
2022-12-08T05:46:40+00:00,6849896,Drachten,10,C0800206022C03020000,,,,,,,2,,3,6,,,2,2,,,,,,,,,,,
2022-12-08T05:46:47+00:00,6847633,M0KSF,16,C080010C02800C0802000000D0070000,,,,,,,,,12,12,,,2,1,,,,,,,,,,,8
2022-12-08T05:47:01+00:00,6847633,M0KSF,16,C080010C02800C080200000000000000,,,,,,,,,12,12,,,2,1,,,,,,,,,,,8
2022-12-08T05:47:16+00:00,6847633,M0KSF,16,C080010C02800C080200000000000000,,,,,,,,,12,12,,,2,1,,,,,,,,,,,8
2022-12-08T05:47:31+00:00,6847633,M0KSF,16,C080010C02800C080200000000000000,,,,,,,,,12,12,,,2,1,,,,,,,,,,,8
2022-12-08T07:23:57+00:00,6847636,M0KSF,16,C080010C02800C080200000000000000,,,,,,,,,12,12,,,2,1,,,,,,,,,,,8
2022-12-08T07:24:09+00:00,6847636,M0KSF,16,C080010C02800C0802000000D0070000,,,,,,,,,12,12,,,2,1,,,,,,,,,,,8
2022-12-08T07:24:22+00:00,6847636,M0KSF,16,C080010C02800C080200000000000000,,,,,,,,,12,12,,,2,1,,,,,,,,,,,8
2022-12-08T07:24:35+00:00,6847636,M0KSF,16,C080010C02800C080200000000000000,,,,,,,,,12,12,,,2,1,,,,,,,,,,,8
2022-12-08T07:24:48+00:00,6847636,M0KSF,16,C080010C02800C080200000000000000,,,,,,,,,12,12,,,2,1,,,,,,,,,,,8
2022-12-08T07:25:02+00:00,6847636,M0KSF,16,C080010C02800C080200000000000000,,,,,,,,,12,12,,,2,1,,,,,,,,,,,8
2022-12-08T07:25:16+00:00,6847636,M0KSF,16,C080010C02800C080200000000000000,,,,,,,,,12,12,,,2,1,,,,,,,,,,,8
2022-12-08T07:25:45+00:00,6847636,M0KSF,16,C080010C02800C0802000000D0070000,,,,,,,,,12,12,,,2,1,,,,,,,,,,,8
2022-12-08T07:26:00+00:00,6847636,M0KSF,16,C080010C02800C080200000000000000,,,,,,,,,12,12,,,2,1,,,,,,,,,,,8
2022-12-08T07:26:17+00:00,6847636,M0KSF,16,C080010C02800C080200000000000000,,,,,,,,,12,12,,,2,1,,,,,,,,,,,8
2022-12-08T07:26:34+00:00,6847636,M0KSF,16,C080010C02800C0802000000D0070000,,,,,,,,,12,12,,,2,1,,,,,,,,,,,8
2022-12-08T07:26:53+00:00,6847636,M0KSF,16,C080010C02800C080200000000000000,,,,,,,,,12,12,,,2,1,,,,,,,,,,,8
2022-12-08T07:27:06+00:00,6847636,M0KSF,16,C0800B0C02890508731A010006000000,,,,,,,,,5,12,,8,2,11,,,,,,,,,,,
2022-12-08T07:27:28+00:00,6847636,M0KSF,16,C080200C02890508409C000011000000,,,,,,,,,5,12,,8,2,32,,,,,,,,,,,
2022-12-08T07:27:34+00:00,6847636,M0KSF,16,C0802B0C02800C081700000088F50400,,,,,,,,,12,12,,,2,43,,,,,,,,,,,8
2022-12-08T17:49:53+00:00,6851536,Apomahon,16,C080010C02800C080200000000000000,,,,,,,,,12,12,,,2,1,,,,,,,,,,,8
2022-12-08T17:49:53+00:00,6847647,M0KSF,16,C080010C02800C080200000000000000,,,,,,,,,12,12,,,2,1,,,,,,,,,,,8
2022-12-08T17:50:06+00:00,6847647,M0KSF,16,C080010C02800C080200000000000000,,,,,,,,,12,12,,,2,1,,,,,,,,,,,8
2022-12-08T17:50:32+00:00,6847647,M0KSF,16,C080010C02800C080200000000000000,,,,,,,,,12,12,,,2,1,,,,,,,,,,,8
2022-12-08T17:50:45+00:00,6847647,M0KSF,16,C080010C02800C080200000000000000,,,,,,,,,12,12,,,2,1,,,,,,,,,,,8
2022-12-08T17:50:58+00:00,6847647,M0KSF,16,C080010C02800C080200000000000000,,,,,,,,,12,12,,,2,1,,,,,,,,,,,8
2022-12-08T22:10:28+00:00,6852430,YB8XM,16,C080010C02800C080200000000000000,,,,,,,,,12,12,,,2,1,,,,,,,,,,,8
2022-12-09T05:10:12+00:00,6851817,M0KSF,16,C080010C02800C080200000000000000,,,,,,,,,12,12,,,2,1,,,,,,,,,,,8
2022-12-09T05:10:25+00:00,6851817,M0KSF,16,C080010C02800C080200000000000000,,,,,,,,,12,12,,,2,1,,,,,,,,,,,8
2022-12-09T05:10:37+00:00,6851817,M0KSF,16,C080010C02800C080200000000000000,,,,,,,,,12,12,,,2,1,,,,,,,,,,,8
2022-12-09T05:11:03+00:00,6851817,M0KSF,16,C080010C02800C080200000000000000,,,,,,,,,12,12,,,2,1,,,,,,,,,,,8
2022-12-09T05:11:15+00:00,6851817,M0KSF,16,C080010C02800C080200000000000000,,,,,,,,,12,12,,,2,1,,,,,,,,,,,8
2022-12-09T05:11:28+00:00,6851817,M0KSF,16,C080010C02800C080200000000000000,,,,,,,,,12,12,,,2,1,,,,,,,,,,,8
2022-12-09T10:04:19+00:00,6854292,MAUSyagi,16,C080010C02800C080200000000000000,,,,,,,,,12,12,,,2,1,,,,,,,,,,,8
2022-12-09T10:04:20+00:00,6854292,MAUSyagi,16,C080010C02800C080200000000000000,,,,,,,,,12,12,,,2,1,,,,,,,,,,,8
2022-12-09T10:05:09+00:00,6854306,MAUSyagi,10,C0800206022C03020000,,,,,,,2,,3,6,,,2,2,,,,,,,,,,,
2022-12-09T10:05:10+00:00,6854306,MAUSyagi,10,C0800306022C08020000,,,,,,,,2,8,6,,,2,3,,,,,,,,,,,
2022-12-09T10:05:11+00:00,6854306,MAUSyagi,16,C080010C02800C080200000000000000,,,,,,,,,12,12,,,2,1,,,,,,,,,,,8
2022-12-09T10:05:12+00:00,6854306,MAUSyagi,10,C0800406022D0D020000,,2,,,,,,,13,6,,,2,4,,,,,,,,,,,
2022-12-09T10:05:15+00:00,6854292,MAUSyagi,10,C0800406022D0D020000,,2,,,,,,,13,6,,,2,4,,,,,,,,,,,
2022-12-09T10:05:24+00:00,6854306,MAUSyagi,16,C080010C02800C080200000000000000,,,,,,,,,12,12,,,2,1,,,,,,,,,,,8
2022-12-09T10:05:26+00:00,6854306,MAUSyagi,10,C0800206022C03020000,,,,,,,2,,3,6,,,2,2,,,,,,,,,,,
2022-12-09T10:05:27+00:00,6854306,MAUSyagi,10,C0800306022C08020000,,,,,,,,2,8,6,,,2,3,,,,,,,,,,,
2022-12-09T10:05:28+00:00,6854292,MAUSyagi,16,C080010C02800C080200000000000000,,,,,,,,,12,12,,,2,1,,,,,,,,,,,8
2022-12-09T10:05:29+00:00,6854306,MAUSyagi,10,C0800406022D0D020000,,2,,,,,,,13,6,,,2,4,,,,,,,,,,,
2022-12-09T10:05:30+00:00,6854292,MAUSyagi,10,C0800306022C08020000,,,,,,,,2,8,6,,,2,3,,,,,,,,,,,
2022-12-09T10:05:32+00:00,6854292,MAUSyagi,10,C0800406022D0D020000,,2,,,,,,,13,6,,,2,4,,,,,,,,,,,
2022-12-09T10:05:41+00:00,6854306,MAUSyagi,16,C080010C02800C0802000000D0070000,,,,,,,,,12,12,,,2,1,,,,,,,,,,,8
2022-12-09T10:05:43+00:00,6854306,MAUSyagi,10,C0800206022C03020000,,,,,,,2,,3,6,,,2,2,,,,,,,,,,,
2022-12-09T10:05:44+00:00,6854292,MAUSyagi,16,C080010C02800C0802000000D0070000,,,,,,,,,12,12,,,2,1,,,,,,,,,,,8
2022-12-09T10:05:44+00:00,6854306,MAUSyagi,10,C0800306022C08020000,,,,,,,,2,8,6,,,2,3,,,,,,,,,,,
2022-12-09T10:05:45+00:00,6854292,MAUSyagi,16,C080010C02800C0802000000D0070000,,,,,,,,,12,12,,,2,1,,,,,,,,,,,8
2022-12-09T10:05:46+00:00,6854292,MAUSyagi,10,C0800206022C03020000,,,,,,,2,,3,6,,,2,2,,,,,,,,,,,
2022-12-09T10:05:46+00:00,6854306,MAUSyagi,10,C0800406022D0D020000,,2,,,,,,,13,6,,,2,4,,,,,,,,,,,
2022-12-09T10:05:47+00:00,6854292,MAUSyagi,10,C0800306022C08020000,,,,,,,,2,8,6,,,2,3,,,,,,,,,,,
2022-12-09T10:05:47+00:00,6854306,MAUSyagi,10,C0800506022D07020000,,,,,,2,,,7,6,,,2,5,,,,,,,,,,,
2022-12-09T10:05:49+00:00,6854292,MAUSyagi,10,C0800406022D0D020000,,2,,,,,,,13,6,,,2,4,,,,,,,,,,,
2022-12-09T10:05:50+00:00,6854292,MAUSyagi,10,C0800506022D07020000,,,,,,2,,,7,6,,,2,5,,,,,,,,,,,
2022-12-09T10:06:01+00:00,6854306,MAUSyagi,16,C080010C02800C0802000000D0070000,,,,,,,,,12,12,,,2,1,,,,,,,,,,,8
2022-12-09T10:06:02+00:00,6854306,MAUSyagi,10,C0800206022C03020000,,,,,,,2,,3,6,,,2,2,,,,,,,,,,,
2022-12-09T10:06:04+00:00,6854292,MAUSyagi,16,C080010C02800C0802000000D0070000,,,,,,,,,12,12,,,2,1,,,,,,,,,,,8
2022-12-09T10:06:04+00:00,6854306,MAUSyagi,10,C0800306022C08020000,,,,,,,,2,8,6,,,2,3,,,,,,,,,,,
2022-12-09T10:06:05+00:00,6854292,MAUSyagi,16,C080010C02800C0802000000D0070000,,,,,,,,,12,12,,,2,1,,,,,,,,,,,8
2022-12-09T10:06:05+00:00,6854292,MAUSyagi,10,C0800206022C03020000,,,,,,,2,,3,6,,,2,2,,,,,,,,,,,
2022-12-09T10:06:05+00:00,6854306,MAUSyagi,10,C0800406022D0D020000,,2,,,,,,,13,6,,,2,4,,,,,,,,,,,
2022-12-09T10:06:07+00:00,6854292,MAUSyagi,10,C0800306022C08020000,,,,,,,,2,8,6,,,2,3,,,,,,,,,,,
2022-12-09T10:06:08+00:00,6854292,MAUSyagi,10,C0800406022D0D020000,,2,,,,,,,13,6,,,2,4,,,,,,,,,,,
2022-12-09T10:06:18+00:00,6854306,MAUSyagi,16,C080010C02800C0802000000D0070000,,,,,,,,,12,12,,,2,1,,,,,,,,,,,8
2022-12-09T10:06:19+00:00,6854306,MAUSyagi,10,C0800206022C03020000,,,,,,,2,,3,6,,,2,2,,,,,,,,,,,
2022-12-09T10:06:21+00:00,6854292,MAUSyagi,16,C080010C02800C0802000000D0070000,,,,,,,,,12,12,,,2,1,,,,,,,,,,,8
2022-12-09T10:06:21+00:00,6854306,MAUSyagi,10,C0800306022C08020000,,,,,,,,2,8,6,,,2,3,,,,,,,,,,,
2022-12-09T10:06:22+00:00,6854292,MAUSyagi,16,C080010C02800C0802000000D0070000,,,,,,,,,12,12,,,2,1,,,,,,,,,,,8
2022-12-09T10:06:22+00:00,6854292,MAUSyagi,10,C0800206022C03020000,,,,,,,2,,3,6,,,2,2,,,,,,,,,,,
2022-12-09T10:06:22+00:00,6854306,MAUSyagi,10,C0800406022D0D020000,,2,,,,,,,13,6,,,2,4,,,,,,,,,,,
2022-12-09T10:06:24+00:00,6854292,MAUSyagi,10,C0800306022C08020000,,,,,,,,2,8,6,,,2,3,,,,,,,,,,,
2022-12-09T10:06:25+00:00,6854292,MAUSyagi,10,C0800406022D0D020000,,2,,,,,,,13,6,,,2,4,,,,,,,,,,,
2022-12-09T10:06:35+00:00,6854306,MAUSyagi,16,C080010C02800C080200000000000000,,,,,,,,,12,12,,,2,1,,,,,,,,,,,8
2022-12-09T10:06:36+00:00,6854306,MAUSyagi,10,C0800206022C03020000,,,,,,,2,,3,6,,,2,2,,,,,,,,,,,
2022-12-09T10:06:38+00:00,6854292,MAUSyagi,16,C080010C02800C080200000000000000,,,,,,,,,12,12,,,2,1,,,,,,,,,,,8
2022-12-09T10:06:38+00:00,6854306,MAUSyagi,10,C0800306022C08020000,,,,,,,,2,8,6,,,2,3,,,,,,,,,,,
2022-12-09T10:06:39+00:00,6854292,MAUSyagi,16,C080010C02800C080200000000000000,,,,,,,,,12,12,,,2,1,,,,,,,,,,,8
2022-12-09T10:06:39+00:00,6854292,MAUSyagi,10,C0800206022C03020000,,,,,,,2,,3,6,,,2,2,,,,,,,,,,,
2022-12-09T10:06:39+00:00,6854306,MAUSyagi,10,C0800406022D0D020000,,2,,,,,,,13,6,,,2,4,,,,,,,,,,,
2022-12-09T10:06:41+00:00,6854292,MAUSyagi,10,C0800306022C08020000,,,,,,,,2,8,6,,,2,3,,,,,,,,,,,
2022-12-09T10:06:42+00:00,6854292,MAUSyagi,10,C0800406022D0D020000,,2,,,,,,,13,6,,,2,4,,,,,,,,,,,
2022-12-09T10:06:52+00:00,6854306,MAUSyagi,16,C080010C02800C080200000000000000,,,,,,,,,12,12,,,2,1,,,,,,,,,,,8
2022-12-09T10:06:53+00:00,6854306,MAUSyagi,10,C0800206022C03020000,,,,,,,2,,3,6,,,2,2,,,,,,,,,,,
2022-12-09T10:06:55+00:00,6854292,MAUSyagi,16,C080010C02800C080200000000000000,,,,,,,,,12,12,,,2,1,,,,,,,,,,,8
2022-12-09T10:06:55+00:00,6854306,MAUSyagi,10,C0800306022C08020000,,,,,,,,2,8,6,,,2,3,,,,,,,,,,,
2022-12-09T10:06:56+00:00,6854292,MAUSyagi,10,C0800206022C03020000,,,,,,,2,,3,6,,,2,2,,,,,,,,,,,
2022-12-09T10:06:56+00:00,6854292,MAUSyagi,16,C080010C02800C080200000000000000,,,,,,,,,12,12,,,2,1,,,,,,,,,,,8
2022-12-09T10:06:56+00:00,6854306,MAUSyagi,10,C0800406022D0D020000,,2,,,,,,,13,6,,,2,4,,,,,,,,,,,
2022-12-09T10:06:58+00:00,6854292,MAUSyagi,10,C0800306022C08020000,,,,,,,,2,8,6,,,2,3,,,,,,,,,,,
2022-12-09T10:06:59+00:00,6854292,MAUSyagi,10,C0800406022D0D020000,,2,,,,,,,13,6,,,2,4,,,,,,,,,,,
2022-12-09T10:07:09+00:00,6854306,MAUSyagi,16,C080010C02800C080200000000000000,,,,,,,,,12,12,,,2,1,,,,,,,,,,,8
2022-12-09T10:07:10+00:00,6854306,MAUSyagi,10,C0800206022C03020000,,,,,,,2,,3,6,,,2,2,,,,,,,,,,,
2022-12-09T10:07:12+00:00,6854292,MAUSyagi,16,C080010C02800C080200000000000000,,,,,,,,,12,12,,,2,1,,,,,,,,,,,8
2022-12-09T10:07:12+00:00,6854306,MAUSyagi,10,C0800306022C08020000,,,,,,,,2,8,6,,,2,3,,,,,,,,,,,
2022-12-09T10:07:13+00:00,6854292,MAUSyagi,10,C0800206022C03020000,,,,,,,2,,3,6,,,2,2,,,,,,,,,,,
2022-12-09T10:07:13+00:00,6854292,MAUSyagi,16,C080010C02800C080200000000000000,,,,,,,,,12,12,,,2,1,,,,,,,,,,,8
2022-12-09T10:07:13+00:00,6854306,MAUSyagi,10,C0800406022D0D020000,,2,,,,,,,13,6,,,2,4,,,,,,,,,,,
2022-12-09T10:07:15+00:00,6854292,MAUSyagi,10,C0800306022C08020000,,,,,,,,2,8,6,,,2,3,,,,,,,,,,,
2022-12-09T10:07:16+00:00,6854292,MAUSyagi,10,C0800406022D0D020000,,2,,,,,,,13,6,,,2,4,,,,,,,,,,,
2022-12-09T10:07:26+00:00,6854306,MAUSyagi,16,C080010C02800C080200000000000000,,,,,,,,,12,12,,,2,1,,,,,,,,,,,8
2022-12-09T10:07:27+00:00,6854306,MAUSyagi,10,C0800206022C03020000,,,,,,,2,,3,6,,,2,2,,,,,,,,,,,
2022-12-09T10:07:29+00:00,6854292,MAUSyagi,16,C080010C02800C080200000000000000,,,,,,,,,12,12,,,2,1,,,,,,,,,,,8
2022-12-09T10:07:29+00:00,6854306,MAUSyagi,10,C0800306022C08020000,,,,,,,,2,8,6,,,2,3,,,,,,,,,,,
2022-12-09T10:07:30+00:00,6854292,MAUSyagi,10,C0800206022C03020000,,,,,,,2,,3,6,,,2,2,,,,,,,,,,,
2022-12-09T10:07:30+00:00,6854292,MAUSyagi,16,C080010C02800C080200000000000000,,,,,,,,,12,12,,,2,1,,,,,,,,,,,8
2022-12-09T10:07:30+00:00,6854306,MAUSyagi,10,C0800406022D0D020000,,2,,,,,,,13,6,,,2,4,,,,,,,,,,,
2022-12-09T10:07:32+00:00,6854292,MAUSyagi,10,C0800306022C08020000,,,,,,,,2,8,6,,,2,3,,,,,,,,,,,
2022-12-09T10:07:33+00:00,6854292,MAUSyagi,10,C0800406022D0D020000,,2,,,,,,,13,6,,,2,4,,,,,,,,,,,
2022-12-09T10:07:43+00:00,6854306,MAUSyagi,16,C080010C02800C080200000000000000,,,,,,,,,12,12,,,2,1,,,,,,,,,,,8
2022-12-09T10:07:46+00:00,6854292,MAUSyagi,16,C080010C02800C080200000000000000,,,,,,,,,12,12,,,2,1,,,,,,,,,,,8
2022-12-09T10:07:47+00:00,6854292,MAUSyagi,10,C0800206022C03020000,,,,,,,2,,3,6,,,2,2,,,,,,,,,,,
2022-12-09T10:07:47+00:00,6854292,MAUSyagi,16,C080010C02800C080200000000000000,,,,,,,,,12,12,,,2,1,,,,,,,,,,,8
2022-12-09T10:07:47+00:00,6854306,MAUSyagi,10,C0800406022D0D020000,,2,,,,,,,13,6,,,2,4,,,,,,,,,,,
2022-12-09T10:07:49+00:00,6854292,MAUSyagi,10,C0800306022C08020000,,,,,,,,2,8,6,,,2,3,,,,,,,,,,,
2022-12-09T23:57:06+00:00,6855498,MAUSyagi,16,C080010C02800C080200000000000000,,,,,,,,,12,12,,,2,1,,,,,,,,,,,8
2022-12-09T23:57:09+00:00,6855506,MAUSyagi,16,C080010C02800C080200000000000000,,,,,,,,,12,12,,,2,1,,,,,,,,,,,8
2022-12-09T23:57:10+00:00,6855498,MAUSyagi,16,C080010C02800C080200000000000000,,,,,,,,,12,12,,,2,1,,,,,,,,,,,8
2022-12-09T23:57:21+00:00,6855506,MAUSyagi,16,C080010C02800C080200000000000000,,,,,,,,,12,12,,,2,1,,,,,,,,,,,8
2022-12-09T23:57:22+00:00,6855506,MAUSyagi,16,C080010C02800C080200000000000000,,,,,,,,,12,12,,,2,1,,,,,,,,,,,8
2022-12-09T23:57:31+00:00,6855498,MAUSyagi,16,C080010C02800C0802000000D0070000,,,,,,,,,12,12,,,2,1,,,,,,,,,,,8
2022-12-09T23:57:34+00:00,6855506,MAUSyagi,16,C080010C02800C0802000000D0070000,,,,,,,,,12,12,,,2,1,,,,,,,,,,,8
2022-12-09T23:57:35+00:00,6855498,MAUSyagi,16,C080010C02800C0802000000D0070000,,,,,,,,,12,12,,,2,1,,,,,,,,,,,8
2022-12-09T23:58:00+00:00,6855506,MAUSyagi,16,C080010C02800C0802000000D0070000,,,,,,,,,12,12,,,2,1,,,,,,,,,,,8
2022-12-10T02:55:07+00:00,6855846,M0KSF,10,C0800206022C03020000,,,,,,,2,,3,6,,,2,2,,,,,,,,,,,
2022-12-10T02:55:20+00:00,6855846,M0KSF,16,C080010C02800C080200000000000000,,,,,,,,,12,12,,,2,1,,,,,,,,,,,8
2022-12-10T02:55:21+00:00,6855846,M0KSF,10,C0800206022C03020000,,,,,,,2,,3,6,,,2,2,,,,,,,,,,,
2022-12-10T02:56:38+00:00,6855846,M0KSF,10,C0800306022C08020000,,,,,,,,2,8,6,,,2,3,,,,,,,,,,,
2022-12-10T04:27:24+00:00,6854346,Apomahon,16,C080010C02800C0802000000D0070000,,,,,,,,,12,12,,,2,1,,,,,,,,,,,8
2022-12-10T04:27:37+00:00,6854346,Apomahon,16,C0800B0C02890508D60A020006000000,,,,,,,,,5,12,,8,2,11,,,,,,,,,,,
2022-12-10T04:27:37+00:00,6854346,Apomahon,16,C0800A0C0289030863640300BDE9FCFF,,,,,,,,,3,12,8,,2,10,,,,,,,,,,,
2022-12-10T04:27:58+00:00,6854346,Apomahon,16,C0801F0C028903087B9D0300BDE9FCFF,,,,,,,,,3,12,8,,2,31,,,,,,,,,,,
2022-12-10T04:27:59+00:00,6854346,Apomahon,16,C080200C02890508C6E3010011000000,,,,,,,,,5,12,,8,2,32,,,,,,,,,,,
2022-12-10T04:28:04+00:00,6854346,Apomahon,16,C0802B0C02800C081700000088F50400,,,,,,,,,12,12,,,2,43,,,,,,,,,,,8
2022-12-10T04:28:17+00:00,6854346,Apomahon,16,C080340C0289030890D00300C5FEFCFF,,,,,,,,,3,12,8,,2,52,,,,,,,,,,,
2022-12-10T04:28:39+00:00,6855130,SP7THR-UHF,16,C080400C02800C0822000000B80B0000,,,,,,,,,12,12,,,2,64,,,,,,,,,,,8
2022-12-10T04:28:52+00:00,6855130,SP7THR-UHF,16,C0804A0C028905080D92020026000000,,,,,,,,,5,12,,8,2,74,,,,,,,,,,,
2022-12-10T04:28:52+00:00,6855130,SP7THR-UHF,16,C080490C02890308B1210400F573FDFF,,,,,,,,,3,12,8,,2,73,,,,,,,,,,,
2022-12-10T04:29:06+00:00,6858223,Mogielnica - UHF,16,C080010C02800C080200000000000000,,,,,,,,,12,12,,,2,1,,,,,,,,,,,8
2022-12-10T04:29:06+00:00,6854346,Apomahon,16,C080010C02800C080200000000000000,,,,,,,,,12,12,,,2,1,,,,,,,,,,,8
2022-12-10T04:29:06+00:00,6855130,SP7THR-UHF,16,C080010C02800C080200000000000000,,,,,,,,,12,12,,,2,1,,,,,,,,,,,8
2022-12-10T04:29:28+00:00,6858223,Mogielnica - UHF,16,C080010C02800C0802000000D0070000,,,,,,,,,12,12,,,2,1,,,,,,,,,,,8
2022-12-10T04:29:30+00:00,6858223,Mogielnica - UHF,16,C080010C02800C0802000000D0070000,,,,,,,,,12,12,,,2,1,,,,,,,,,,,8
2022-12-10T04:29:30+00:00,6855130,SP7THR-UHF,16,C080010C02800C0802000000D0070000,,,,,,,,,12,12,,,2,1,,,,,,,,,,,8
2022-12-10T04:29:31+00:00,6858223,Mogielnica - UHF,10,C0800306022C08020000,,,,,,,,2,8,6,,,2,3,,,,,,,,,,,
2022-12-10T04:29:50+00:00,6858223,Mogielnica - UHF,16,C080010C02800C080200000000000000,,,,,,,,,12,12,,,2,1,,,,,,,,,,,8
2022-12-10T04:29:50+00:00,6855130,SP7THR-UHF,16,C080010C02800C080200000000000000,,,,,,,,,12,12,,,2,1,,,,,,,,,,,8
2022-12-10T04:29:51+00:00,6858223,Mogielnica - UHF,10,C0800306022C08020000,,,,,,,,2,8,6,,,2,3,,,,,,,,,,,
2022-12-10T04:29:52+00:00,6858223,Mogielnica - UHF,10,C0800406022D0D020000,,2,,,,,,,13,6,,,2,4,,,,,,,,,,,
2022-12-10T04:30:07+00:00,6858223,Mogielnica - UHF,16,C080010C02800C0802000000D0070000,,,,,,,,,12,12,,,2,1,,,,,,,,,,,8
2022-12-10T04:30:07+00:00,6855848,M0KSF,16,C080010C02800C0802000000D0070000,,,,,,,,,12,12,,,2,1,,,,,,,,,,,8
2022-12-10T04:30:07+00:00,6855130,SP7THR-UHF,16,C080010C02800C0802000000D0070000,,,,,,,,,12,12,,,2,1,,,,,,,,,,,8
2022-12-10T04:30:24+00:00,6858223,Mogielnica - UHF,16,C080010C02800C0802000000D0070000,,,,,,,,,12,12,,,2,1,,,,,,,,,,,8
2022-12-10T04:30:24+00:00,6858223,Mogielnica - UHF,10,C0800306022C08020000,,,,,,,,2,8,6,,,2,3,,,,,,,,,,,
2022-12-10T04:30:24+00:00,6855130,SP7THR-UHF,16,C080010C02800C0802000000D0070000,,,,,,,,,12,12,,,2,1,,,,,,,,,,,8
2022-12-10T04:30:39+00:00,6858223,Mogielnica - UHF,16,C080010C02800C080200000000000000,,,,,,,,,12,12,,,2,1,,,,,,,,,,,8
2022-12-10T04:30:40+00:00,6858223,Mogielnica - UHF,10,C0800206022C03020000,,,,,,,2,,3,6,,,2,2,,,,,,,,,,,
2022-12-10T04:30:41+00:00,6858223,Mogielnica - UHF,16,C080010C02800C080200000000000000,,,,,,,,,12,12,,,2,1,,,,,,,,,,,8
2022-12-10T04:30:41+00:00,6855130,SP7THR-UHF,16,C080010C02800C080200000000000000,,,,,,,,,12,12,,,2,1,,,,,,,,,,,8
2022-12-10T04:30:50+00:00,6858219,SA2KNG Omni UHF/VHF,10,C0800206022C03020000,,,,,,,2,,3,6,,,2,2,,,,,,,,,,,
2022-12-10T04:30:56+00:00,6858223,Mogielnica - UHF,16,C080010C02800C080200000000000000,,,,,,,,,12,12,,,2,1,,,,,,,,,,,8
2022-12-10T04:30:57+00:00,6858223,Mogielnica - UHF,10,C0800206022C03020000,,,,,,,2,,3,6,,,2,2,,,,,,,,,,,
2022-12-10T04:30:58+00:00,6858223,Mogielnica - UHF,16,C080010C02800C080200000000000000,,,,,,,,,12,12,,,2,1,,,,,,,,,,,8
2022-12-10T04:30:58+00:00,6855130,SP7THR-UHF,16,C080010C02800C080200000000000000,,,,,,,,,12,12,,,2,1,,,,,,,,,,,8
2022-12-10T04:30:59+00:00,6858223,Mogielnica - UHF,10,C0800306022C08020000,,,,,,,,2,8,6,,,2,3,,,,,,,,,,,
2022-12-10T04:31:12+00:00,6858223,Mogielnica - UHF,16,C080010C02800C080200000000000000,,,,,,,,,12,12,,,2,1,,,,,,,,,,,8
2022-12-10T04:31:14+00:00,6858223,Mogielnica - UHF,10,C0800206022C03020000,,,,,,,2,,3,6,,,2,2,,,,,,,,,,,
2022-12-10T04:31:15+00:00,6858223,Mogielnica - UHF,16,C080010C02800C080200000000000000,,,,,,,,,12,12,,,2,1,,,,,,,,,,,8
2022-12-10T04:31:15+00:00,6855130,SP7THR-UHF,16,C080010C02800C080200000000000000,,,,,,,,,12,12,,,2,1,,,,,,,,,,,8
2022-12-10T04:31:16+00:00,6858223,Mogielnica - UHF,10,C0800306022C08020000,,,,,,,,2,8,6,,,2,3,,,,,,,,,,,
2022-12-10T04:31:30+00:00,6858223,Mogielnica - UHF,16,C080010C02800C080200000000000000,,,,,,,,,12,12,,,2,1,,,,,,,,,,,8
2022-12-10T04:31:31+00:00,6858223,Mogielnica - UHF,10,C0800206022C03020000,,,,,,,2,,3,6,,,2,2,,,,,,,,,,,
2022-12-10T04:31:32+00:00,6858223,Mogielnica - UHF,16,C080010C02800C080200000000000000,,,,,,,,,12,12,,,2,1,,,,,,,,,,,8
2022-12-10T04:31:32+00:00,6855848,M0KSF,16,C080010C02800C080200000000000000,,,,,,,,,12,12,,,2,1,,,,,,,,,,,8
2022-12-10T04:31:32+00:00,6855130,SP7THR-UHF,16,C080010C02800C080200000000000000,,,,,,,,,12,12,,,2,1,,,,,,,,,,,8
2022-12-10T04:31:33+00:00,6858223,Mogielnica - UHF,10,C0800306022C08020000,,,,,,,,2,8,6,,,2,3,,,,,,,,,,,
2022-12-10T04:31:47+00:00,6858223,Mogielnica - UHF,16,C080010C02800C080200000000000000,,,,,,,,,12,12,,,2,1,,,,,,,,,,,8
2022-12-10T04:31:48+00:00,6858223,Mogielnica - UHF,10,C0800206022C03020000,,,,,,,2,,3,6,,,2,2,,,,,,,,,,,
2022-12-10T04:31:49+00:00,6858223,Mogielnica - UHF,16,C080010C02800C080200000000000000,,,,,,,,,12,12,,,2,1,,,,,,,,,,,8
2022-12-10T04:31:49+00:00,6855848,M0KSF,16,C080010C02800C080200000000000000,,,,,,,,,12,12,,,2,1,,,,,,,,,,,8
2022-12-10T04:31:49+00:00,6855130,SP7THR-UHF,16,C080010C02800C080200000000000000,,,,,,,,,12,12,,,2,1,,,,,,,,,,,8
2022-12-10T04:31:50+00:00,6858223,Mogielnica - UHF,10,C0800306022C08020000,,,,,,,,2,8,6,,,2,3,,,,,,,,,,,
2022-12-10T04:31:59+00:00,6858219,SA2KNG Omni UHF/VHF,10,C0800306022C08020000,,,,,,,,2,8,6,,,2,3,,,,,,,,,,,
2022-12-10T04:32:03+00:00,6858223,Mogielnica - UHF,16,C080010C02800C080200000000000000,,,,,,,,,12,12,,,2,1,,,,,,,,,,,8
2022-12-10T04:32:05+00:00,6858223,Mogielnica - UHF,10,C0800206022C03020000,,,,,,,2,,3,6,,,2,2,,,,,,,,,,,
2022-12-10T04:32:06+00:00,6858219,SA2KNG Omni UHF/VHF,16,C080010C02800C080200000000000000,,,,,,,,,12,12,,,2,1,,,,,,,,,,,8
2022-12-10T04:32:06+00:00,6858223,Mogielnica - UHF,16,C080010C02800C080200000000000000,,,,,,,,,12,12,,,2,1,,,,,,,,,,,8
2022-12-10T04:32:07+00:00,6858223,Mogielnica - UHF,10,C0800306022C08020000,,,,,,,,2,8,6,,,2,3,,,,,,,,,,,
2022-12-10T04:32:13+00:00,6858219,SA2KNG Omni UHF/VHF,16,C080010C02800C080200000000000000,,,,,,,,,12,12,,,2,1,,,,,,,,,,,8
2022-12-10T04:32:21+00:00,6858223,Mogielnica - UHF,16,C080010C02800C080200000000000000,,,,,,,,,12,12,,,2,1,,,,,,,,,,,8
2022-12-10T04:32:22+00:00,6858223,Mogielnica - UHF,10,C0800206022C03020000,,,,,,,2,,3,6,,,2,2,,,,,,,,,,,
2022-12-10T04:32:23+00:00,6858223,Mogielnica - UHF,16,C080010C02800C080200000000000000,,,,,,,,,12,12,,,2,1,,,,,,,,,,,8
2022-12-10T04:32:23+00:00,6855130,SP7THR-UHF,16,C080010C02800C080200000000000000,,,,,,,,,12,12,,,2,1,,,,,,,,,,,8
2022-12-10T04:32:29+00:00,6858219,SA2KNG Omni UHF/VHF,10,C0800206022C03020000,,,,,,,2,,3,6,,,2,2,,,,,,,,,,,
2022-12-10T04:32:30+00:00,6858219,SA2KNG Omni UHF/VHF,10,C0800306022C08020000,,,,,,,,2,8,6,,,2,3,,,,,,,,,,,
2022-12-10T04:32:32+00:00,6858219,SA2KNG Omni UHF/VHF,10,C0800406022D0D020000,,2,,,,,,,13,6,,,2,4,,,,,,,,,,,
2022-12-10T04:32:35+00:00,6858223,Mogielnica - UHF,16,C080010C02800C080200000000000000,,,,,,,,,12,12,,,2,1,,,,,,,,,,,8
2022-12-10T04:32:37+00:00,6858219,SA2KNG Omni UHF/VHF,16,C080010C02800C080200000000000000,,,,,,,,,12,12,,,2,1,,,,,,,,,,,8
2022-12-10T04:32:37+00:00,6858223,Mogielnica - UHF,16,C080010C02800C080200000000000000,,,,,,,,,12,12,,,2,1,,,,,,,,,,,8
2022-12-10T04:32:37+00:00,6855848,M0KSF,16,C080010C02800C080200000000000000,,,,,,,,,12,12,,,2,1,,,,,,,,,,,8
2022-12-10T04:32:38+00:00,6858223,Mogielnica - UHF,10,C0800306022C08020000,,,,,,,,2,8,6,,,2,3,,,,,,,,,,,
2022-12-10T04:32:40+00:00,6858223,Mogielnica - UHF,10,C0800406022D0D020000,,2,,,,,,,13,6,,,2,4,,,,,,,,,,,
2022-12-10T04:32:46+00:00,6858219,SA2KNG Omni UHF/VHF,10,C0800206022C03020000,,,,,,,2,,3,6,,,2,2,,,,,,,,,,,
2022-12-10T04:32:49+00:00,6858219,SA2KNG Omni UHF/VHF,10,C0800406022D0D020000,,2,,,,,,,13,6,,,2,4,,,,,,,,,,,
2022-12-10T04:32:54+00:00,6858219,SA2KNG Omni UHF/VHF,16,C080010C02800C080200000000000000,,,,,,,,,12,12,,,2,1,,,,,,,,,,,8
2022-12-10T04:32:54+00:00,6858223,Mogielnica - UHF,16,C080010C02800C080200000000000000,,,,,,,,,12,12,,,2,1,,,,,,,,,,,8
2022-12-10T04:33:01+00:00,6858219,SA2KNG Omni UHF/VHF,16,C080010C02800C080200000000000000,,,,,,,,,12,12,,,2,1,,,,,,,,,,,8
2022-12-10T04:33:03+00:00,6858219,SA2KNG Omni UHF/VHF,10,C0800206022C03020000,,,,,,,2,,3,6,,,2,2,,,,,,,,,,,
2022-12-10T04:33:04+00:00,6858219,SA2KNG Omni UHF/VHF,10,C0800306022C08020000,,,,,,,,2,8,6,,,2,3,,,,,,,,,,,
2022-12-10T04:33:06+00:00,6858219,SA2KNG Omni UHF/VHF,10,C0800406022D0D020000,,2,,,,,,,13,6,,,2,4,,,,,,,,,,,
2022-12-10T04:33:11+00:00,6858219,SA2KNG Omni UHF/VHF,16,C080010C02800C080200000000000000,,,,,,,,,12,12,,,2,1,,,,,,,,,,,8
2022-12-10T04:33:21+00:00,6858219,SA2KNG Omni UHF/VHF,16,C080010C02800C080200000000000000,,,,,,,,,12,12,,,2,1,,,,,,,,,,,8
2022-12-10T04:33:22+00:00,6858219,SA2KNG Omni UHF/VHF,10,C0800206022C03020000,,,,,,,2,,3,6,,,2,2,,,,,,,,,,,
2022-12-10T04:33:24+00:00,6858219,SA2KNG Omni UHF/VHF,10,C0800306022C08020000,,,,,,,,2,8,6,,,2,3,,,,,,,,,,,
2022-12-10T04:33:25+00:00,6858219,SA2KNG Omni UHF/VHF,10,C0800406022D0D020000,,2,,,,,,,13,6,,,2,4,,,,,,,,,,,
2022-12-10T04:33:27+00:00,6858219,SA2KNG Omni UHF/VHF,10,C0800506022D07020000,,,,,,2,,,7,6,,,2,5,,,,,,,,,,,
2022-12-10T04:33:29+00:00,6858219,SA2KNG Omni UHF/VHF,10,C0800606022D01020000,,,2,,,,,,1,6,,,2,6,,,,,,,,,,,
2022-12-10T04:33:30+00:00,6858219,SA2KNG Omni UHF/VHF,10,C0800706022D04020000,,,,,2,,,,4,6,,,2,7,,,,,,,,,,,
2022-12-10T04:33:31+00:00,6858219,SA2KNG Omni UHF/VHF,16,C080010C02800C080200000000000000,,,,,,,,,12,12,,,2,1,,,,,,,,,,,8
2022-12-10T04:33:31+00:00,6858219,SA2KNG Omni UHF/VHF,10,C0800806022D0A020000,2,,,,,,,,10,6,,,2,8,,,,,,,,,,,
2022-12-10T04:33:33+00:00,6858219,SA2KNG Omni UHF/VHF,16,C0800A0C02890308243C050022E0FDFF,,,,,,,,,3,12,8,,2,10,,,,,,,,,,,
2022-12-10T04:33:33+00:00,6858219,SA2KNG Omni UHF/VHF,10,C0800906022D1F020000,,,,2,,,,,31,6,,,2,9,,,,,,,,,,,
2022-12-10T04:33:34+00:00,6858219,SA2KNG Omni UHF/VHF,13,C0800C0902668105000059005A,,,,,,,,,129,9,,,2,12,5,,,,,,,,,,
2022-12-10T04:33:34+00:00,6858219,SA2KNG Omni UHF/VHF,16,C0800B0C0289050858D8000006000000,,,,,,,,,5,12,,8,2,11,,,,,,,,,,,
2022-12-10T04:33:35+00:00,6858219,SA2KNG Omni UHF/VHF,13,C0800E0902668B05000059005A,,,,,,,,,139,9,,,2,14,,,5,,,,,,,,
2022-12-10T04:33:35+00:00,6858219,SA2KNG Omni UHF/VHF,13,C0800D09026686050003BA0258,,,,,,,,,134,9,,,2,13,,5,,,,,,,,,
2022-12-10T04:33:36+00:00,6858219,SA2KNG Omni UHF/VHF,13,C08010090266950500005A0059,,,,,,,,,149,9,,,2,16,,,,,5,,,,,,
2022-12-10T04:33:36+00:00,6858219,SA2KNG Omni UHF/VHF,13,C0800F090266900500005A005B,,,,,,,,,144,9,,,2,15,,,,5,,,,,,,
2022-12-10T04:33:37+00:00,6858219,SA2KNG Omni UHF/VHF,13,C080120902669F05000059005A,,,,,,,,,159,9,,,2,18,,,,,,,5,,,,
2022-12-10T04:33:37+00:00,6858219,SA2KNG Omni UHF/VHF,13,C080110902669A05000059005A,,,,,,,,,154,9,,,2,17,,,,,,5,,,,,
2022-12-10T04:33:39+00:00,6858219,SA2KNG Omni UHF/VHF,13,C08015090266AC059A3468D0A0,,,,,,,,,172,9,,,2,21,,,,,,,,,,5,
2022-12-10T04:33:39+00:00,6858219,SA2KNG Omni UHF/VHF,13,C08014090266A9050000000000,,,,,,,,,169,9,,,2,20,,,,,,,,,5,,
2022-12-10T04:33:40+00:00,6858219,SA2KNG Omni UHF/VHF,16,C080160C02800C080C00000010E50A00,,,,,,,,,12,12,,,2,22,,,,,,,,,,,8
2022-12-10T04:33:41+00:00,6858219,SA2KNG Omni UHF/VHF,10,C0801706022C03020000,,,,,,,2,,3,6,,,2,23,,,,,,,,,,,
2022-12-10T04:33:42+00:00,6858219,SA2KNG Omni UHF/VHF,10,C0801806022C08020000,,,,,,,,2,8,6,,,2,24,,,,,,,,,,,
2022-12-10T04:33:43+00:00,6858219,SA2KNG Omni UHF/VHF,16,C0800A0C02890308243C050022E0FDFF,,,,,,,,,3,12,8,,2,10,,,,,,,,,,,
2022-12-10T04:33:44+00:00,6858219,SA2KNG Omni UHF/VHF,16,C0800B0C0289050858D8000006000000,,,,,,,,,5,12,,8,2,11,,,,,,,,,,,
2022-12-10T04:33:44+00:00,6858219,SA2KNG Omni UHF/VHF,10,C0801906022D0D020000,,2,,,,,,,13,6,,,2,25,,,,,,,,,,,
2022-12-10T04:33:46+00:00,6858219,SA2KNG Omni UHF/VHF,10,C0801A06022D07020000,,,,,,2,,,7,6,,,2,26,,,,,,,,,,,
2022-12-10T04:33:49+00:00,6858219,SA2KNG Omni UHF/VHF,16,C080160C02800C080C00000010E50A00,,,,,,,,,12,12,,,2,22,,,,,,,,,,,8
2022-12-10T04:33:49+00:00,6858219,SA2KNG Omni UHF/VHF,10,C0801B06022D01020000,,,2,,,,,,1,6,,,2,27,,,,,,,,,,,
2022-12-10T04:33:52+00:00,6858219,SA2KNG Omni UHF/VHF,10,C0801C06022D04020000,,,,,2,,,,4,6,,,2,28,,,,,,,,,,,
2022-12-10T04:33:53+00:00,6858219,SA2KNG Omni UHF/VHF,10,C0801D06022D0A020000,2,,,,,,,,10,6,,,2,29,,,,,,,,,,,
2022-12-10T04:33:55+00:00,6858219,SA2KNG Omni UHF/VHF,16,C0801F0C0289030814150500FD85FDFF,,,,,,,,,3,12,8,,2,31,,,,,,,,,,,
2022-12-10T04:33:55+00:00,6858219,SA2KNG Omni UHF/VHF,10,C0801E06022D1F020000,,,,2,,,,,31,6,,,2,30,,,,,,,,,,,
2022-12-10T04:33:56+00:00,6858219,SA2KNG Omni UHF/VHF,13,C080210902668105000059005A,,,,,,,,,129,9,,,2,33,5,,,,,,,,,,
2022-12-10T04:33:56+00:00,6858219,SA2KNG Omni UHF/VHF,16,C080200C028905083787000011000000,,,,,,,,,5,12,,8,2,32,,,,,,,,,,,
2022-12-10T04:33:57+00:00,6858219,SA2KNG Omni UHF/VHF,13,C080230902668B059A3468D0A0,,,,,,,,,139,9,,,2,35,,,5,,,,,,,,
2022-12-10T04:33:57+00:00,6858219,SA2KNG Omni UHF/VHF,13,C0802209026686050003B90258,,,,,,,,,134,9,,,2,34,,5,,,,,,,,,
2022-12-10T04:33:58+00:00,6858219,SA2KNG Omni UHF/VHF,13,C08025090266950500005A0058,,,,,,,,,149,9,,,2,37,,,,,5,,,,,,
2022-12-10T04:33:58+00:00,6858219,SA2KNG Omni UHF/VHF,13,C080240902669005000059005C,,,,,,,,,144,9,,,2,36,,,,5,,,,,,,
2022-12-10T04:33:59+00:00,6858219,SA2KNG Omni UHF/VHF,13,C080270902669F05000059005A,,,,,,,,,159,9,,,2,39,,,,,,,5,,,,
2022-12-10T04:33:59+00:00,6858219,SA2KNG Omni UHF/VHF,13,C080260902669A05000059005A,,,,,,,,,154,9,,,2,38,,,,,,5,,,,,
2022-12-10T04:34:00+00:00,6858219,SA2KNG Omni UHF/VHF,13,C08029090266A9050000000000,,,,,,,,,169,9,,,2,41,,,,,,,,,5,,
2022-12-10T04:34:00+00:00,6858219,SA2KNG Omni UHF/VHF,13,C08028090266A405000059005A,,,,,,,,,164,9,,,2,40,,,,,,,,5,,,
2022-12-10T04:34:01+00:00,6858219,SA2KNG Omni UHF/VHF,16,C0802B0C02800C081700000088F50400,,,,,,,,,12,12,,,2,43,,,,,,,,,,,8
2022-12-10T04:34:01+00:00,6858219,SA2KNG Omni UHF/VHF,13,C0802A090266AC050000000000,,,,,,,,,172,9,,,2,42,,,,,,,,,,5,
2022-12-10T04:34:03+00:00,6858219,SA2KNG Omni UHF/VHF,10,C0802C06022C03020000,,,,,,,2,,3,6,,,2,44,,,,,,,,,,,
2022-12-10T04:34:04+00:00,6858219,SA2KNG Omni UHF/VHF,10,C0802D06022C08020000,,,,,,,,2,8,6,,,2,45,,,,,,,,,,,
2022-12-10T04:34:05+00:00,6858219,SA2KNG Omni UHF/VHF,16,C080200C028905083787000011000000,,,,,,,,,5,12,,8,2,32,,,,,,,,,,,
2022-12-10T04:34:05+00:00,6858219,SA2KNG Omni UHF/VHF,16,C0801F0C0289030814150500FD85FDFF,,,,,,,,,3,12,8,,2,31,,,,,,,,,,,
2022-12-10T04:34:06+00:00,6858219,SA2KNG Omni UHF/VHF,10,C0802E06022D0D020000,,2,,,,,,,13,6,,,2,46,,,,,,,,,,,
2022-12-10T04:34:09+00:00,6858219,SA2KNG Omni UHF/VHF,10,C0803006022D01020000,,,2,,,,,,1,6,,,2,48,,,,,,,,,,,
2022-12-10T04:34:10+00:00,6858219,SA2KNG Omni UHF/VHF,10,C0803106022D04020000,,,,,2,,,,4,6,,,2,49,,,,,,,,,,,
2022-12-10T04:34:11+00:00,6858219,SA2KNG Omni UHF/VHF,16,C0802B0C02800C081700000088F50400,,,,,,,,,12,12,,,2,43,,,,,,,,,,,8
2022-12-10T04:34:12+00:00,6858219,SA2KNG Omni UHF/VHF,10,C0803206022D0A020000,2,,,,,,,,10,6,,,2,50,,,,,,,,,,,
2022-12-10T04:34:13+00:00,6858219,SA2KNG Omni UHF/VHF,10,C0803306022D1F020000,,,,2,,,,,31,6,,,2,51,,,,,,,,,,,
2022-12-10T04:34:14+00:00,6858219,SA2KNG Omni UHF/VHF,16,C080350C02890508173900001C000000,,,,,,,,,5,12,,8,2,53,,,,,,,,,,,
2022-12-10T04:34:14+00:00,6858219,SA2KNG Omni UHF/VHF,16,C080340C028903081E2D0500E449FDFF,,,,,,,,,3,12,8,,2,52,,,,,,,,,,,
2022-12-10T04:34:15+00:00,6858219,SA2KNG Omni UHF/VHF,13,C0803709026686050003B80258,,,,,,,,,134,9,,,2,55,,5,,,,,,,,,
2022-12-10T04:34:15+00:00,6858219,SA2KNG Omni UHF/VHF,13,C080360902668105000059005B,,,,,,,,,129,9,,,2,54,5,,,,,,,,,,
2022-12-10T04:34:16+00:00,6858219,SA2KNG Omni UHF/VHF,13,C080380902668B0500005A005B,,,,,,,,,139,9,,,2,56,,,5,,,,,,,,
2022-12-10T04:34:19+00:00,6858219,SA2KNG Omni UHF/VHF,13,C08039090266900500005A005B,,,,,,,,,144,9,,,2,57,,,,5,,,,,,,
2022-12-10T04:34:23+00:00,6858219,SA2KNG Omni UHF/VHF,16,C080340C028903081E2D0500E449FDFF,,,,,,,,,3,12,8,,2,52,,,,,,,,,,,
2022-12-10T04:34:24+00:00,6858219,SA2KNG Omni UHF/VHF,16,C080350C02890508173900001C000000,,,,,,,,,5,12,,8,2,53,,,,,,,,,,,
2022-12-10T04:34:25+00:00,6858219,SA2KNG Omni UHF/VHF,13,C0803A090266950500005A0059,,,,,,,,,149,9,,,2,58,,,,,5,,,,,,
2022-12-10T04:34:30+00:00,6858219,SA2KNG Omni UHF/VHF,13,C0803B0902669A050000590059,,,,,,,,,154,9,,,2,59,,,,,,5,,,,,
2022-12-10T04:34:34+00:00,6858219,SA2KNG Omni UHF/VHF,13,C0803D090266A405000059005A,,,,,,,,,164,9,,,2,61,,,,,,,,5,,,
2022-12-10T04:34:34+00:00,6858219,SA2KNG Omni UHF/VHF,13,C0803C0902669F050000000000,,,,,,,,,159,9,,,2,60,,,,,,,5,,,,
2022-12-10T04:34:35+00:00,6858219,SA2KNG Omni UHF/VHF,13,C0803F090266AC050000000000,,,,,,,,,172,9,,,2,63,,,,,,,,,,5,
2022-12-10T04:34:35+00:00,6858219,SA2KNG Omni UHF/VHF,13,C0803E090266A9050000000000,,,,,,,,,169,9,,,2,62,,,,,,,,,5,,
2022-12-10T04:34:36+00:00,6858219,SA2KNG Omni UHF/VHF,16,C080400C02800C0822000000983A0000,,,,,,,,,12,12,,,2,64,,,,,,,,,,,8
2022-12-10T04:34:37+00:00,6858219,SA2KNG Omni UHF/VHF,10,C0804106022C03020000,,,,,,,2,,3,6,,,2,65,,,,,,,,,,,
2022-12-10T04:34:39+00:00,6858219,SA2KNG Omni UHF/VHF,10,C0804206022C08020000,,,,,,,,2,8,6,,,2,66,,,,,,,,,,,
2022-12-10T04:34:41+00:00,6858219,SA2KNG Omni UHF/VHF,10,C0804306022D0D020000,,2,,,,,,,13,6,,,2,67,,,,,,,,,,,
2022-12-10T04:34:42+00:00,6858219,SA2KNG Omni UHF/VHF,10,C0804406022D07020000,,,,,,2,,,7,6,,,2,68,,,,,,,,,,,
2022-12-10T04:34:43+00:00,6858219,SA2KNG Omni UHF/VHF,10,C0804506022D01020000,,,2,,,,,,1,6,,,2,69,,,,,,,,,,,
2022-12-10T04:34:45+00:00,6858219,SA2KNG Omni UHF/VHF,10,C0804606022D04020000,,,,,2,,,,4,6,,,2,70,,,,,,,,,,,
2022-12-10T04:34:46+00:00,6858219,SA2KNG Omni UHF/VHF,16,C080400C02800C0822000000983A0000,,,,,,,,,12,12,,,2,64,,,,,,,,,,,8
2022-12-10T04:34:47+00:00,6858219,SA2KNG Omni UHF/VHF,10,C0804706022D0A020000,2,,,,,,,,10,6,,,2,71,,,,,,,,,,,
2022-12-10T04:34:48+00:00,6858219,SA2KNG Omni UHF/VHF,16,C080490C02890308F4C60400C5FEFCFF,,,,,,,,,3,12,8,,2,73,,,,,,,,,,,
2022-12-10T04:34:48+00:00,6858219,SA2KNG Omni UHF/VHF,10,C0804806022D1F020000,,,,2,,,,,31,6,,,2,72,,,,,,,,,,,
2022-12-10T04:34:49+00:00,6858219,SA2KNG Omni UHF/VHF,13,C0804B0902668105000059005A,,,,,,,,,129,9,,,2,75,5,,,,,,,,,,
2022-12-10T04:34:49+00:00,6858219,SA2KNG Omni UHF/VHF,16,C0804A0C028905081C45000026000000,,,,,,,,,5,12,,8,2,74,,,,,,,,,,,
2022-12-10T04:34:50+00:00,6858219,SA2KNG Omni UHF/VHF,13,C0804C09026686050003B90257,,,,,,,,,134,9,,,2,76,,5,,,,,,,,,
2022-12-10T04:34:51+00:00,6858219,SA2KNG Omni UHF/VHF,13,C0804E0902669005000059005B,,,,,,,,,144,9,,,2,78,,,,5,,,,,,,
2022-12-10T04:34:51+00:00,6858219,SA2KNG Omni UHF/VHF,13,C0804D0902668B0500005B005C,,,,,,,,,139,9,,,2,77,,,5,,,,,,,,
2022-12-10T04:34:52+00:00,6858219,SA2KNG Omni UHF/VHF,13,C080500902669A05000058005A,,,,,,,,,154,9,,,2,80,,,,,,5,,,,,
2022-12-10T04:34:52+00:00,6858219,SA2KNG Omni UHF/VHF,13,C0804F090266950500005B0058,,,,,,,,,149,9,,,2,79,,,,,5,,,,,,
2022-12-10T04:34:53+00:00,6858219,SA2KNG Omni UHF/VHF,13,C08052090266A405000059005A,,,,,,,,,164,9,,,2,82,,,,,,,,5,,,
2022-12-10T04:34:53+00:00,6858219,SA2KNG Omni UHF/VHF,13,C080510902669F0500005A005B,,,,,,,,,159,9,,,2,81,,,,,,,5,,,,
2022-12-10T04:34:54+00:00,6858219,SA2KNG Omni UHF/VHF,13,C08054090266AC050000000000,,,,,,,,,172,9,,,2,84,,,,,,,,,,5,
2022-12-10T04:34:54+00:00,6858219,SA2KNG Omni UHF/VHF,13,C08053090266A9050000000000,,,,,,,,,169,9,,,2,83,,,,,,,,,5,,
2022-12-10T04:34:55+00:00,6858219,SA2KNG Omni UHF/VHF,16,C080550C02800C082C00000050040B00,,,,,,,,,12,12,,,2,85,,,,,,,,,,,8
2022-12-10T04:34:56+00:00,6858219,SA2KNG Omni UHF/VHF,10,C0805606022C03020000,,,,,,,2,,3,6,,,2,86,,,,,,,,,,,
2022-12-10T04:34:58+00:00,6858219,SA2KNG Omni UHF/VHF,16,C080490C02890308F4C60400C5FEFCFF,,,,,,,,,3,12,8,,2,73,,,,,,,,,,,
2022-12-10T04:34:58+00:00,6858219,SA2KNG Omni UHF/VHF,10,C0805706022C08020000,,,,,,,,2,8,6,,,2,87,,,,,,,,,,,
2022-12-10T04:34:59+00:00,6858219,SA2KNG Omni UHF/VHF,16,C0804A0C028905081C45000026000000,,,,,,,,,5,12,,8,2,74,,,,,,,,,,,
2022-12-10T04:34:59+00:00,6858219,SA2KNG Omni UHF/VHF,10,C0805806022D0D020000,,2,,,,,,,13,6,,,2,88,,,,,,,,,,,
2022-12-10T04:35:02+00:00,6858219,SA2KNG Omni UHF/VHF,10,C0805906022D07020000,,,,,,2,,,7,6,,,2,89,,,,,,,,,,,
2022-12-10T04:35:04+00:00,6858219,SA2KNG Omni UHF/VHF,16,C080550C02800C082C00000050040B00,,,,,,,,,12,12,,,2,85,,,,,,,,,,,8
2022-12-10T04:35:05+00:00,6858219,SA2KNG Omni UHF/VHF,10,C0805A06022D01020000,,,2,,,,,,1,6,,,2,90,,,,,,,,,,,
2022-12-10T04:35:07+00:00,6858219,SA2KNG Omni UHF/VHF,10,C0805B06022D04020000,,,,,2,,,,4,6,,,2,91,,,,,,,,,,,
2022-12-10T04:37:36+00:00,6858219,SA2KNG Omni UHF/VHF,10,C0805C06022D0A020000,2,,,,,,,,10,6,,,2,92,,,,,,,,,,,
2022-12-10T04:37:38+00:00,6858219,SA2KNG Omni UHF/VHF,16,C0805E0C02890308B206090084D0FEFF,,,,,,,,,3,12,8,,2,94,,,,,,,,,,,
2022-12-10T04:37:38+00:00,6858219,SA2KNG Omni UHF/VHF,10,C0805D06022D1F020000,,,,2,,,,,31,6,,,2,93,,,,,,,,,,,
2022-12-10T04:37:39+00:00,6858219,SA2KNG Omni UHF/VHF,13,C08060090266810500005A005B,,,,,,,,,129,9,,,2,96,5,,,,,,,,,,
2022-12-10T04:37:39+00:00,6858219,SA2KNG Omni UHF/VHF,16,C0805F0C02890508FA7FFDFF8C000000,,,,,,,,,5,12,,8,2,95,,,,,,,,,,,
2022-12-10T04:37:40+00:00,6858219,SA2KNG Omni UHF/VHF,13,C080620902668B0500005B005A,,,,,,,,,139,9,,,2,98,,,5,,,,,,,,
2022-12-10T04:37:40+00:00,6858219,SA2KNG Omni UHF/VHF,13,C0806109026686050003B70256,,,,,,,,,134,9,,,2,97,,5,,,,,,,,,
2022-12-10T04:37:48+00:00,6858219,SA2KNG Omni UHF/VHF,16,C0805F0C02890508FA7FFDFF8C000000,,,,,,,,,5,12,,8,2,95,,,,,,,,,,,
2022-12-10T04:37:48+00:00,6858219,SA2KNG Omni UHF/VHF,16,C0805E0C02890308B206090084D0FEFF,,,,,,,,,3,12,8,,2,94,,,,,,,,,,,
2022-12-10T04:37:48+00:00,6855848,M0KSF,16,C0805E0C02890308B206090084D0FEFF,,,,,,,,,3,12,8,,2,94,,,,,,,,,,,
2022-12-10T04:38:03+00:00,6858219,SA2KNG Omni UHF/VHF,16,C080010C02800C080200000000000000,,,,,,,,,12,12,,,2,1,,,,,,,,,,,8
2022-12-10T07:56:33+00:00,6855851,M0KSF,16,C080010C02800C080200000000000000,,,,,,,,,12,12,,,2,1,,,,,,,,,,,8
2022-12-10T07:57:08+00:00,6855851,M0KSF,16,C080010C02800C080200000000000000,,,,,,,,,12,12,,,2,1,,,,,,,,,,,8
2022-12-10T09:33:44+00:00,6855508,MAUSyagi,16,C080010C02800C080200000000000000,,,,,,,,,12,12,,,2,1,,,,,,,,,,,8
2022-12-10T09:33:45+00:00,6855508,MAUSyagi,16,C080010C02800C080200000000000000,,,,,,,,,12,12,,,2,1,,,,,,,,,,,8
2022-12-10T09:33:46+00:00,6855508,MAUSyagi,10,C0800206022C03020000,,,,,,,2,,3,6,,,2,2,,,,,,,,,,,
2022-12-10T16:40:44+00:00,6855798,OE6ISP_High_Gain_LimeSDR,16,C080010C02800C080200000000000000,,,,,,,,,12,12,,,2,1,,,,,,,,,,,8
2022-12-10T16:40:45+00:00,6855802,OE6EUR15,16,C080010C02800C080200000000000000,,,,,,,,,12,12,,,2,1,,,,,,,,,,,8
2022-12-10T16:40:47+00:00,6855798,OE6ISP_High_Gain_LimeSDR,16,C080010C02800C080200000000000000,,,,,,,,,12,12,,,2,1,,,,,,,,,,,8
2022-12-10T16:40:47+00:00,6855802,OE6EUR15,16,C080010C02800C080200000000000000,,,,,,,,,12,12,,,2,1,,,,,,,,,,,8
2022-12-10T16:40:58+00:00,6855798,OE6ISP_High_Gain_LimeSDR,16,C080010C02800C080200000000000000,,,,,,,,,12,12,,,2,1,,,,,,,,,,,8
2022-12-10T16:40:58+00:00,6855802,OE6EUR15,16,C080010C02800C080200000000000000,,,,,,,,,12,12,,,2,1,,,,,,,,,,,8
2022-12-10T16:41:01+00:00,6855802,OE6EUR15,16,C080010C02800C080200000000000000,,,,,,,,,12,12,,,2,1,,,,,,,,,,,8
2022-12-10T16:41:12+00:00,6855798,OE6ISP_High_Gain_LimeSDR,10,C0800206022C03020000,,,,,,,2,,3,6,,,2,2,,,,,,,,,,,
2022-12-10T16:41:12+00:00,6855802,OE6EUR15,10,C0800206022C03020000,,,,,,,2,,3,6,,,2,2,,,,,,,,,,,
2022-12-10T16:41:13+00:00,6855798,OE6ISP_High_Gain_LimeSDR,16,C080010C02800C080200000000000000,,,,,,,,,12,12,,,2,1,,,,,,,,,,,8
2022-12-10T16:41:25+00:00,6855802,OE6EUR15,16,C080010C02800C080200000000000000,,,,,,,,,12,12,,,2,1,,,,,,,,,,,8
2022-12-10T16:41:55+00:00,6855802,OE6EUR15,16,C080010C02800C080200000000000000,,,,,,,,,12,12,,,2,1,,,,,,,,,,,8
2022-12-10T18:20:45+00:00,6855866,M0KSF,16,C080010C02800C0802000000D0070000,,,,,,,,,12,12,,,2,1,,,,,,,,,,,8
2022-12-10T18:20:46+00:00,6855866,M0KSF,10,C0800206022C03020000,,,,,,,2,,3,6,,,2,2,,,,,,,,,,,
2022-12-10T18:20:59+00:00,6861021,GAO UHF,10,C0800206022C03020000,,,,,,,2,,3,6,,,2,2,,,,,,,,,,,
2022-12-10T21:08:31+00:00,6861557,JH4XSY-pi,16,C080010C02800C080200000000000000,,,,,,,,,12,12,,,2,1,,,,,,,,,,,8
2022-12-10T21:08:48+00:00,6861557,JH4XSY-pi,16,C080010C02800C0802000000D0070000,,,,,,,,,12,12,,,2,1,,,,,,,,,,,8
2022-12-10T21:09:27+00:00,6861557,JH4XSY-pi,16,C080010C02800C080200000000000000,,,,,,,,,12,12,,,2,1,,,,,,,,,,,8
2022-12-10T21:11:15+00:00,6861557,JH4XSY-pi,16,C080010C02800C080200000000000000,,,,,,,,,12,12,,,2,1,,,,,,,,,,,8
2022-12-10T23:22:05+00:00,6860284,MAUSyagi,16,C080010C02800C080200000000000000,,,,,,,,,12,12,,,2,1,,,,,,,,,,,8
2022-12-10T23:22:08+00:00,6860292,MAUSyagi,16,C080010C02800C080200000000000000,,,,,,,,,12,12,,,2,1,,,,,,,,,,,8
2022-12-10T23:22:09+00:00,6860292,MAUSyagi,16,C080010C02800C080200000000000000,,,,,,,,,12,12,,,2,1,,,,,,,,,,,8
2022-12-10T23:22:17+00:00,6860284,MAUSyagi,16,C080010C02800C080200000000000000,,,,,,,,,12,12,,,2,1,,,,,,,,,,,8
2022-12-10T23:22:21+00:00,6860292,MAUSyagi,16,C080010C02800C080200000000000000,,,,,,,,,12,12,,,2,1,,,,,,,,,,,8
2022-12-11T03:54:35+00:00,6855132,SP7THR-UHF,16,C080010C02800C080200000000000000,,,,,,,,,12,12,,,2,1,,,,,,,,,,,8
2022-12-11T03:54:52+00:00,6855132,SP7THR-UHF,16,C080010C02800C080200000000000000,,,,,,,,,12,12,,,2,1,,,,,,,,,,,8
2022-12-11T03:55:07+00:00,6855132,SP7THR-UHF,16,C080010C02800C080200000000000000,,,,,,,,,12,12,,,2,1,,,,,,,,,,,8
2022-12-11T03:55:53+00:00,6855132,SP7THR-UHF,16,C080010C02800C080200000000000000,,,,,,,,,12,12,,,2,1,,,,,,,,,,,8
2022-12-11T03:56:06+00:00,6855132,SP7THR-UHF,16,C0800A0C02890308C4510400BDE9FCFF,,,,,,,,,3,12,8,,2,10,,,,,,,,,,,
2022-12-11T03:56:27+00:00,6855132,SP7THR-UHF,16,C0801F0C02890308C978FFFFB4D4FCFF,,,,,,,,,3,12,8,,2,31,,,,,,,,,,,
2022-12-11T03:56:28+00:00,6855132,SP7THR-UHF,16,C080200C02890508BED1010011000000,,,,,,,,,5,12,,8,2,32,,,,,,,,,,,
2022-12-11T03:56:46+00:00,6855132,SP7THR-UHF,16,C080350C028905086482FEFF1C000000,,,,,,,,,5,12,,8,2,53,,,,,,,,,,,
2022-12-11T03:56:46+00:00,6855132,SP7THR-UHF,16,C080340C02890308015607009E2DFAFF,,,,,,,,,3,12,8,,2,52,,,,,,,,,,,
2022-12-11T03:58:22+00:00,6862976,SA2KNG Omni UHF/VHF,10,C0800506022D07020000,,,,,,2,,,7,6,,,2,5,,,,,,,,,,,
2022-12-11T03:58:23+00:00,6862976,SA2KNG Omni UHF/VHF,10,C0800606022D01020000,,,2,,,,,,1,6,,,2,6,,,,,,,,,,,
2022-12-11T03:58:24+00:00,6862976,SA2KNG Omni UHF/VHF,10,C0800706022D04020000,,,,,2,,,,4,6,,,2,7,,,,,,,,,,,
2022-12-11T03:58:27+00:00,6862986,SA2KNG S-Band,10,C0800406022D0D020000,,2,,,,,,,13,6,,,2,4,,,,,,,,,,,
2022-12-11T03:58:29+00:00,6862986,SA2KNG S-Band,10,C0800506022D07020000,,,,,,2,,,7,6,,,2,5,,,,,,,,,,,
2022-12-11T03:58:37+00:00,6862976,SA2KNG Omni UHF/VHF,16,C080010C02800C080200000000000000,,,,,,,,,12,12,,,2,1,,,,,,,,,,,8
2022-12-11T03:58:42+00:00,6862976,SA2KNG Omni UHF/VHF,10,C0800406022D0D020000,,2,,,,,,,13,6,,,2,4,,,,,,,,,,,
2022-12-11T03:58:43+00:00,6862976,SA2KNG Omni UHF/VHF,10,C0800506022D07020000,,,,,,2,,,7,6,,,2,5,,,,,,,,,,,
2022-12-11T03:58:45+00:00,6862976,SA2KNG Omni UHF/VHF,10,C0800606022D01020000,,,2,,,,,,1,6,,,2,6,,,,,,,,,,,
2022-12-11T03:58:46+00:00,6862976,SA2KNG Omni UHF/VHF,10,C0800706022D04020000,,,,,2,,,,4,6,,,2,7,,,,,,,,,,,
2022-12-11T03:58:47+00:00,6862986,SA2KNG S-Band,16,C080010C02800C080200000000000000,,,,,,,,,12,12,,,2,1,,,,,,,,,,,8
2022-12-11T03:58:47+00:00,6862976,SA2KNG Omni UHF/VHF,16,C080010C02800C080200000000000000,,,,,,,,,12,12,,,2,1,,,,,,,,,,,8
2022-12-11T03:58:48+00:00,6862976,SA2KNG Omni UHF/VHF,10,C0800806022D0A020000,2,,,,,,,,10,6,,,2,8,,,,,,,,,,,
2022-12-11T03:58:50+00:00,6862976,SA2KNG Omni UHF/VHF,16,C0800B0C0289050895FAFEFF06000000,,,,,,,,,5,12,,8,2,11,,,,,,,,,,,
2022-12-11T03:58:50+00:00,6862976,SA2KNG Omni UHF/VHF,16,C0800A0C02890308CA7BFFFFB96FFAFF,,,,,,,,,3,12,8,,2,10,,,,,,,,,,,
2022-12-11T03:58:50+00:00,6862976,SA2KNG Omni UHF/VHF,10,C0800906022D1F020000,,,,2,,,,,31,6,,,2,9,,,,,,,,,,,
2022-12-11T03:58:51+00:00,6862986,SA2KNG S-Band,10,C0800506022D07020000,,,,,,2,,,7,6,,,2,5,,,,,,,,,,,
2022-12-11T03:58:51+00:00,6862976,SA2KNG Omni UHF/VHF,13,C0800D09026686050003C7025D,,,,,,,,,134,9,,,2,13,,5,,,,,,,,,
2022-12-11T03:58:51+00:00,6862976,SA2KNG Omni UHF/VHF,13,C0800C090266810500005A005C,,,,,,,,,129,9,,,2,12,5,,,,,,,,,,
2022-12-11T03:58:59+00:00,6862976,SA2KNG Omni UHF/VHF,16,C0800A0C02890308CA7BFFFFB96FFAFF,,,,,,,,,3,12,8,,2,10,,,,,,,,,,,
2022-12-11T03:58:59+00:00,6855132,SP7THR-UHF,16,C0800A0C02890308CA7BFFFFB96FFAFF,,,,,,,,,3,12,8,,2,10,,,,,,,,,,,
2022-12-11T03:59:00+00:00,6862976,SA2KNG Omni UHF/VHF,16,C0800B0C0289050895FAFEFF06000000,,,,,,,,,5,12,,8,2,11,,,,,,,,,,,
2022-12-11T03:59:04+00:00,6862976,SA2KNG Omni UHF/VHF,16,C080010C02800C080200000000000000,,,,,,,,,12,12,,,2,1,,,,,,,,,,,8
2022-12-11T03:59:06+00:00,6862976,SA2KNG Omni UHF/VHF,10,C0800206022C03020000,,,,,,,2,,3,6,,,2,2,,,,,,,,,,,
2022-12-11T03:59:07+00:00,6862976,SA2KNG Omni UHF/VHF,10,C0800306022C08020000,,,,,,,,2,8,6,,,2,3,,,,,,,,,,,
2022-12-11T03:59:09+00:00,6862976,SA2KNG Omni UHF/VHF,10,C0800406022D0D020000,,2,,,,,,,13,6,,,2,4,,,,,,,,,,,
2022-12-11T03:59:10+00:00,6862976,SA2KNG Omni UHF/VHF,10,C0800506022D07020000,,,,,,2,,,7,6,,,2,5,,,,,,,,,,,
2022-12-11T03:59:12+00:00,6862976,SA2KNG Omni UHF/VHF,10,C0800606022D01020000,,,2,,,,,,1,6,,,2,6,,,,,,,,,,,
2022-12-11T03:59:13+00:00,6862976,SA2KNG Omni UHF/VHF,16,C080010C02800C080200000000000000,,,,,,,,,12,12,,,2,1,,,,,,,,,,,8
2022-12-11T03:59:13+00:00,6862976,SA2KNG Omni UHF/VHF,10,C0800706022D04020000,,,,,2,,,,4,6,,,2,7,,,,,,,,,,,
2022-12-11T03:59:13+00:00,6855132,SP7THR-UHF,16,C080010C02800C080200000000000000,,,,,,,,,12,12,,,2,1,,,,,,,,,,,8
2022-12-11T03:59:15+00:00,6862976,SA2KNG Omni UHF/VHF,10,C0800806022D0A020000,2,,,,,,,,10,6,,,2,8,,,,,,,,,,,
2022-12-11T03:59:16+00:00,6862976,SA2KNG Omni UHF/VHF,10,C0800906022D1F020000,,,,2,,,,,31,6,,,2,9,,,,,,,,,,,
2022-12-11T03:59:17+00:00,6862976,SA2KNG Omni UHF/VHF,16,C0800B0C02890508688BFEFF06000000,,,,,,,,,5,12,,8,2,11,,,,,,,,,,,
2022-12-11T03:59:18+00:00,6862976,SA2KNG Omni UHF/VHF,13,C0800D09026686050003C2025B,,,,,,,,,134,9,,,2,13,,5,,,,,,,,,
2022-12-11T03:59:18+00:00,6862976,SA2KNG Omni UHF/VHF,13,C0800C0902668105000059005C,,,,,,,,,129,9,,,2,12,5,,,,,,,,,,
2022-12-11T03:59:19+00:00,6862976,SA2KNG Omni UHF/VHF,13,C0800F0902669005000059005B,,,,,,,,,144,9,,,2,15,,,,5,,,,,,,
2022-12-11T03:59:19+00:00,6862976,SA2KNG Omni UHF/VHF,13,C0800E0902668B0500005A005B,,,,,,,,,139,9,,,2,14,,,5,,,,,,,,
2022-12-11T03:59:20+00:00,6862976,SA2KNG Omni UHF/VHF,13,C080110902669A05000059005B,,,,,,,,,154,9,,,2,17,,,,,,5,,,,,
2022-12-11T03:59:20+00:00,6862976,SA2KNG Omni UHF/VHF,13,C08010090266950500005A0058,,,,,,,,,149,9,,,2,16,,,,,5,,,,,,
2022-12-11T03:59:21+00:00,6862976,SA2KNG Omni UHF/VHF,13,C080120902669F0500005B005A,,,,,,,,,159,9,,,2,18,,,,,,,5,,,,
2022-12-11T03:59:22+00:00,6862976,SA2KNG Omni UHF/VHF,13,C08014090266A9050000000000,,,,,,,,,169,9,,,2,20,,,,,,,,,5,,
2022-12-11T03:59:22+00:00,6862976,SA2KNG Omni UHF/VHF,13,C08013090266A405000059005A,,,,,,,,,164,9,,,2,19,,,,,,,,5,,,
2022-12-11T03:59:23+00:00,6862976,SA2KNG Omni UHF/VHF,16,C080160C02800C080C00000010E50A00,,,,,,,,,12,12,,,2,22,,,,,,,,,,,8
2022-12-11T03:59:23+00:00,6862976,SA2KNG Omni UHF/VHF,13,C08015090266AC050000000000,,,,,,,,,172,9,,,2,21,,,,,,,,,,5,
2022-12-11T03:59:24+00:00,6862976,SA2KNG Omni UHF/VHF,10,C0801706022C03020000,,,,,,,2,,3,6,,,2,23,,,,,,,,,,,
2022-12-11T03:59:25+00:00,6862986,SA2KNG S-Band,16,C0800B0C02890508688BFEFF06000000,,,,,,,,,5,12,,8,2,11,,,,,,,,,,,
2022-12-11T03:59:26+00:00,6862986,SA2KNG S-Band,16,C0800B0C02890508688BFEFF06000000,,,,,,,,,5,12,,8,2,11,,,,,,,,,,,
2022-12-11T03:59:26+00:00,6862986,SA2KNG S-Band,16,C0800A0C02890308C063FFFFB96FFAFF,,,,,,,,,3,12,8,,2,10,,,,,,,,,,,
2022-12-11T03:59:26+00:00,6862976,SA2KNG Omni UHF/VHF,16,C0800B0C02890508688BFEFF06000000,,,,,,,,,5,12,,8,2,11,,,,,,,,,,,
2022-12-11T03:59:26+00:00,6862976,SA2KNG Omni UHF/VHF,10,C0801806022C08020000,,,,,,,,2,8,6,,,2,24,,,,,,,,,,,
2022-12-11T03:59:29+00:00,6862986,SA2KNG S-Band,13,C08013090266A405000059005A,,,,,,,,,164,9,,,2,19,,,,,,,,5,,,
2022-12-11T03:59:29+00:00,6862976,SA2KNG Omni UHF/VHF,10,C0801A06022D07020000,,,,,,2,,,7,6,,,2,26,,,,,,,,,,,
2022-12-11T03:59:30+00:00,6862986,SA2KNG S-Band,13,C08015090266AC050000000000,,,,,,,,,172,9,,,2,21,,,,,,,,,,5,
2022-12-11T03:59:30+00:00,6862986,SA2KNG S-Band,13,C08014090266A9050000000000,,,,,,,,,169,9,,,2,20,,,,,,,,,5,,
2022-12-11T03:59:31+00:00,6862986,SA2KNG S-Band,16,C080160C02800C080C00000010E50A00,,,,,,,,,12,12,,,2,22,,,,,,,,,,,8
2022-12-11T03:59:32+00:00,6862986,SA2KNG S-Band,16,C080160C02800C080C00000010E50A00,,,,,,,,,12,12,,,2,22,,,,,,,,,,,8
2022-12-11T03:59:32+00:00,6862986,SA2KNG S-Band,10,C0801706022C03020000,,,,,,,2,,3,6,,,2,23,,,,,,,,,,,
2022-12-11T03:59:32+00:00,6862976,SA2KNG Omni UHF/VHF,16,C080160C02800C080C00000010E50A00,,,,,,,,,12,12,,,2,22,,,,,,,,,,,8
2022-12-11T03:59:33+00:00,6862976,SA2KNG Omni UHF/VHF,10,C0801B06022D01020000,,,2,,,,,,1,6,,,2,27,,,,,,,,,,,
2022-12-11T03:59:34+00:00,6862986,SA2KNG S-Band,10,C0801806022C08020000,,,,,,,,2,8,6,,,2,24,,,,,,,,,,,
2022-12-11T03:59:35+00:00,6862986,SA2KNG S-Band,10,C0801906022D0D020000,,2,,,,,,,13,6,,,2,25,,,,,,,,,,,
2022-12-11T03:59:35+00:00,6862976,SA2KNG Omni UHF/VHF,10,C0801C06022D04020000,,,,,2,,,,4,6,,,2,28,,,,,,,,,,,
2022-12-11T03:59:37+00:00,6862986,SA2KNG S-Band,10,C0801A06022D07020000,,,,,,2,,,7,6,,,2,26,,,,,,,,,,,
2022-12-11T03:59:37+00:00,6862976,SA2KNG Omni UHF/VHF,10,C0801D06022D0A020000,2,,,,,,,,10,6,,,2,29,,,,,,,,,,,
2022-12-11T03:59:38+00:00,6862981,SA2KNG Experimental,16,C0801F0C028903082C6C0000C790FAFF,,,,,,,,,3,12,8,,2,31,,,,,,,,,,,
2022-12-11T03:59:38+00:00,6862976,SA2KNG Omni UHF/VHF,10,C0801E06022D1F020000,,,,2,,,,,31,6,,,2,30,,,,,,,,,,,
2022-12-11T03:59:39+00:00,6862976,SA2KNG Omni UHF/VHF,16,C080200C0289050870A0FEFF11000000,,,,,,,,,5,12,,8,2,32,,,,,,,,,,,
2022-12-11T03:59:39+00:00,6862976,SA2KNG Omni UHF/VHF,16,C0801F0C028903082C6C0000C790FAFF,,,,,,,,,3,12,8,,2,31,,,,,,,,,,,
2022-12-11T03:59:40+00:00,6862986,SA2KNG S-Band,10,C0801B06022D01020000,,,2,,,,,,1,6,,,2,27,,,,,,,,,,,
2022-12-11T03:59:40+00:00,6862976,SA2KNG Omni UHF/VHF,13,C0802209026686050003C1025C,,,,,,,,,134,9,,,2,34,,5,,,,,,,,,
2022-12-11T03:59:40+00:00,6862976,SA2KNG Omni UHF/VHF,13,C08021090266810500005A005C,,,,,,,,,129,9,,,2,33,5,,,,,,,,,,
2022-12-11T03:59:41+00:00,6862976,SA2KNG Omni UHF/VHF,13,C080230902668B0500005A005B,,,,,,,,,139,9,,,2,35,,,5,,,,,,,,
2022-12-11T03:59:43+00:00,6862986,SA2KNG S-Band,10,C0801C06022D04020000,,,,,2,,,,4,6,,,2,28,,,,,,,,,,,
2022-12-11T03:59:44+00:00,6862986,SA2KNG S-Band,10,C0801D06022D0A020000,2,,,,,,,,10,6,,,2,29,,,,,,,,,,,
2022-12-11T03:59:46+00:00,6862986,SA2KNG S-Band,16,C0801F0C028903082C6C0000C790FAFF,,,,,,,,,3,12,8,,2,31,,,,,,,,,,,
2022-12-11T03:59:46+00:00,6862986,SA2KNG S-Band,10,C0801E06022D1F020000,,,,2,,,,,31,6,,,2,30,,,,,,,,,,,
2022-12-11T03:59:47+00:00,6862986,SA2KNG S-Band,13,C08021090266810500005A005C,,,,,,,,,129,9,,,2,33,5,,,,,,,,,,
2022-12-11T03:59:47+00:00,6862986,SA2KNG S-Band,16,C080200C0289050870A0FEFF11000000,,,,,,,,,5,12,,8,2,32,,,,,,,,,,,
2022-12-11T03:59:48+00:00,6862986,SA2KNG S-Band,16,C080200C0289050870A0FEFF11000000,,,,,,,,,5,12,,8,2,32,,,,,,,,,,,
2022-12-11T03:59:48+00:00,6862986,SA2KNG S-Band,16,C0801F0C028903082C6C0000C790FAFF,,,,,,,,,3,12,8,,2,31,,,,,,,,,,,
2022-12-11T03:59:48+00:00,6862986,SA2KNG S-Band,13,C080230902668B0500005A005B,,,,,,,,,139,9,,,2,35,,,5,,,,,,,,
2022-12-11T03:59:48+00:00,6862986,SA2KNG S-Band,13,C0802209026686050003C1025C,,,,,,,,,134,9,,,2,34,,5,,,,,,,,,
2022-12-11T03:59:48+00:00,6862976,SA2KNG Omni UHF/VHF,16,C080200C0289050870A0FEFF11000000,,,,,,,,,5,12,,8,2,32,,,,,,,,,,,
2022-12-11T03:59:48+00:00,6862976,SA2KNG Omni UHF/VHF,16,C0801F0C028903082C6C0000C790FAFF,,,,,,,,,3,12,8,,2,31,,,,,,,,,,,
2022-12-11T03:59:52+00:00,6862981,SA2KNG Experimental,16,C080010C02800C080200000000000000,,,,,,,,,12,12,,,2,1,,,,,,,,,,,8
2022-12-11T03:59:53+00:00,6862976,SA2KNG Omni UHF/VHF,16,C080010C02800C080200000000000000,,,,,,,,,12,12,,,2,1,,,,,,,,,,,8
2022-12-11T03:59:54+00:00,6862981,SA2KNG Experimental,10,C0800206022C03020000,,,,,,,2,,3,6,,,2,2,,,,,,,,,,,
2022-12-11T03:59:55+00:00,6862976,SA2KNG Omni UHF/VHF,10,C0800206022C03020000,,,,,,,2,,3,6,,,2,2,,,,,,,,,,,
2022-12-11T03:59:56+00:00,6862976,SA2KNG Omni UHF/VHF,10,C0800306022C08020000,,,,,,,,2,8,6,,,2,3,,,,,,,,,,,
2022-12-11T03:59:58+00:00,6862976,SA2KNG Omni UHF/VHF,10,C0800406022D0D020000,,2,,,,,,,13,6,,,2,4,,,,,,,,,,,
2022-12-11T03:59:59+00:00,6862976,SA2KNG Omni UHF/VHF,10,C0800506022D07020000,,,,,,2,,,7,6,,,2,5,,,,,,,,,,,
2022-12-11T04:00:01+00:00,6862986,SA2KNG S-Band,16,C080010C02800C080200000000000000,,,,,,,,,12,12,,,2,1,,,,,,,,,,,8
2022-12-11T04:00:01+00:00,6862976,SA2KNG Omni UHF/VHF,10,C0800606022D01020000,,,2,,,,,,1,6,,,2,6,,,,,,,,,,,
2022-12-11T04:00:02+00:00,6862981,SA2KNG Experimental,16,C080010C02800C080200000000000000,,,,,,,,,12,12,,,2,1,,,,,,,,,,,8
2022-12-11T04:00:02+00:00,6862986,SA2KNG S-Band,16,C080010C02800C080200000000000000,,,,,,,,,12,12,,,2,1,,,,,,,,,,,8
2022-12-11T04:00:02+00:00,6862986,SA2KNG S-Band,10,C0800206022C03020000,,,,,,,2,,3,6,,,2,2,,,,,,,,,,,
2022-12-11T04:00:02+00:00,6862976,SA2KNG Omni UHF/VHF,16,C080010C02800C080200000000000000,,,,,,,,,12,12,,,2,1,,,,,,,,,,,8
2022-12-11T04:00:02+00:00,6862976,SA2KNG Omni UHF/VHF,10,C0800706022D04020000,,,,,2,,,,4,6,,,2,7,,,,,,,,,,,
2022-12-11T04:00:04+00:00,6862986,SA2KNG S-Band,10,C0800306022C08020000,,,,,,,,2,8,6,,,2,3,,,,,,,,,,,
2022-12-11T04:00:04+00:00,6862976,SA2KNG Omni UHF/VHF,10,C0800806022D0A020000,2,,,,,,,,10,6,,,2,8,,,,,,,,,,,
2022-12-11T04:00:05+00:00,6862986,SA2KNG S-Band,10,C0800406022D0D020000,,2,,,,,,,13,6,,,2,4,,,,,,,,,,,
2022-12-11T04:00:05+00:00,6862976,SA2KNG Omni UHF/VHF,10,C0800906022D1F020000,,,,2,,,,,31,6,,,2,9,,,,,,,,,,,
2022-12-11T04:00:06+00:00,6862981,SA2KNG Experimental,13,C0800D09026686050003C1025A,,,,,,,,,134,9,,,2,13,,5,,,,,,,,,
2022-12-11T04:00:06+00:00,6862981,SA2KNG Experimental,13,C0800C090266810500005A005D,,,,,,,,,129,9,,,2,12,5,,,,,,,,,,
2022-12-11T04:00:06+00:00,6862976,SA2KNG Omni UHF/VHF,16,C0800B0C02890508BCE6FCFF06000000,,,,,,,,,5,12,,8,2,11,,,,,,,,,,,
2022-12-11T04:00:06+00:00,6862976,SA2KNG Omni UHF/VHF,16,C0800A0C0289030800530700577FF9FF,,,,,,,,,3,12,8,,2,10,,,,,,,,,,,
2022-12-11T04:00:07+00:00,6862981,SA2KNG Experimental,13,C0800F0902669005000059005B,,,,,,,,,144,9,,,2,15,,,,5,,,,,,,
2022-12-11T04:00:07+00:00,6862981,SA2KNG Experimental,13,C0800E0902668B0500005A005C,,,,,,,,,139,9,,,2,14,,,5,,,,,,,,
2022-12-11T04:00:07+00:00,6862986,SA2KNG S-Band,10,C0800506022D07020000,,,,,,2,,,7,6,,,2,5,,,,,,,,,,,
2022-12-11T04:00:07+00:00,6862976,SA2KNG Omni UHF/VHF,13,C0800D09026686050003C1025A,,,,,,,,,134,9,,,2,13,,5,,,,,,,,,
2022-12-11T04:00:07+00:00,6862976,SA2KNG Omni UHF/VHF,13,C0800C090266810500005A005D,,,,,,,,,129,9,,,2,12,5,,,,,,,,,,
2022-12-11T04:00:08+00:00,6862981,SA2KNG Experimental,13,C080110902669A0500005A005A,,,,,,,,,154,9,,,2,17,,,,,,5,,,,,
2022-12-11T04:00:08+00:00,6862981,SA2KNG Experimental,13,C08010090266950500005A0059,,,,,,,,,149,9,,,2,16,,,,,5,,,,,,
2022-12-11T04:00:08+00:00,6862986,SA2KNG S-Band,10,C0800606022D01020000,,,2,,,,,,1,6,,,2,6,,,,,,,,,,,
2022-12-11T04:00:08+00:00,6862976,SA2KNG Omni UHF/VHF,13,C0800F0902669005000059005B,,,,,,,,,144,9,,,2,15,,,,5,,,,,,,
2022-12-11T04:00:08+00:00,6862976,SA2KNG Omni UHF/VHF,13,C0800E0902668B0500005A005C,,,,,,,,,139,9,,,2,14,,,5,,,,,,,,
2022-12-11T04:00:09+00:00,6862981,SA2KNG Experimental,13,C080120902669F0500005B005A,,,,,,,,,159,9,,,2,18,,,,,,,5,,,,
2022-12-11T04:00:09+00:00,6862976,SA2KNG Omni UHF/VHF,13,C080110902669A0500005A005A,,,,,,,,,154,9,,,2,17,,,,,,5,,,,,
2022-12-11T04:00:09+00:00,6862976,SA2KNG Omni UHF/VHF,13,C08010090266950500005A0059,,,,,,,,,149,9,,,2,16,,,,,5,,,,,,
2022-12-11T04:00:10+00:00,6862981,SA2KNG Experimental,13,C08014090266A905000058005B,,,,,,,,,169,9,,,2,20,,,,,,,,,5,,
2022-12-11T04:00:10+00:00,6862981,SA2KNG Experimental,13,C08013090266A405000058005B,,,,,,,,,164,9,,,2,19,,,,,,,,5,,,
2022-12-11T04:00:10+00:00,6862986,SA2KNG S-Band,10,C0800706022D04020000,,,,,2,,,,4,6,,,2,7,,,,,,,,,,,
2022-12-11T04:00:10+00:00,6862976,SA2KNG Omni UHF/VHF,13,C08013090266A405000058005B,,,,,,,,,164,9,,,2,19,,,,,,,,5,,,
2022-12-11T04:00:10+00:00,6862976,SA2KNG Omni UHF/VHF,13,C080120902669F0500005B005A,,,,,,,,,159,9,,,2,18,,,,,,,5,,,,
2022-12-11T04:00:11+00:00,6862981,SA2KNG Experimental,16,C080160C02800C080C00000010E50A00,,,,,,,,,12,12,,,2,22,,,,,,,,,,,8
2022-12-11T04:00:11+00:00,6862981,SA2KNG Experimental,13,C08015090266AC050000000000,,,,,,,,,172,9,,,2,21,,,,,,,,,,5,
2022-12-11T04:00:11+00:00,6862986,SA2KNG S-Band,10,C0800806022D0A020000,2,,,,,,,,10,6,,,2,8,,,,,,,,,,,
2022-12-11T04:00:11+00:00,6862976,SA2KNG Omni UHF/VHF,13,C08015090266AC050000000000,,,,,,,,,172,9,,,2,21,,,,,,,,,,5,
2022-12-11T04:00:11+00:00,6862976,SA2KNG Omni UHF/VHF,13,C08014090266A905000058005B,,,,,,,,,169,9,,,2,20,,,,,,,,,5,,
2022-12-11T04:00:12+00:00,6862976,SA2KNG Omni UHF/VHF,16,C080160C02800C080C00000010E50A00,,,,,,,,,12,12,,,2,22,,,,,,,,,,,8
2022-12-11T04:00:13+00:00,6862981,SA2KNG Experimental,10,C0801706022C03020000,,,,,,,2,,3,6,,,2,23,,,,,,,,,,,
2022-12-11T04:00:13+00:00,6862986,SA2KNG S-Band,16,C0800A0C0289030800530700577FF9FF,,,,,,,,,3,12,8,,2,10,,,,,,,,,,,
2022-12-11T04:00:13+00:00,6862986,SA2KNG S-Band,10,C0800906022D1F020000,,,,2,,,,,31,6,,,2,9,,,,,,,,,,,
2022-12-11T04:00:14+00:00,6862981,SA2KNG Experimental,10,C0801806022C08020000,,,,,,,,2,8,6,,,2,24,,,,,,,,,,,
2022-12-11T04:00:14+00:00,6862986,SA2KNG S-Band,13,C0800C090266810500005A005D,,,,,,,,,129,9,,,2,12,5,,,,,,,,,,
2022-12-11T04:00:14+00:00,6862986,SA2KNG S-Band,16,C0800B0C02890508BCE6FCFF06000000,,,,,,,,,5,12,,8,2,11,,,,,,,,,,,
2022-12-11T04:00:14+00:00,6862976,SA2KNG Omni UHF/VHF,10,C0801706022C03020000,,,,,,,2,,3,6,,,2,23,,,,,,,,,,,
2022-12-11T04:00:15+00:00,6862986,SA2KNG S-Band,16,C0800B0C02890508BCE6FCFF06000000,,,,,,,,,5,12,,8,2,11,,,,,,,,,,,
2022-12-11T04:00:15+00:00,6862986,SA2KNG S-Band,16,C0800A0C0289030800530700577FF9FF,,,,,,,,,3,12,8,,2,10,,,,,,,,,,,
2022-12-11T04:00:15+00:00,6862986,SA2KNG S-Band,13,C0800E0902668B0500005A005C,,,,,,,,,139,9,,,2,14,,,5,,,,,,,,
2022-12-11T04:00:15+00:00,6862986,SA2KNG S-Band,13,C0800D09026686050003C1025A,,,,,,,,,134,9,,,2,13,,5,,,,,,,,,
2022-12-11T04:00:15+00:00,6862976,SA2KNG Omni UHF/VHF,16,C0800B0C02890508BCE6FCFF06000000,,,,,,,,,5,12,,8,2,11,,,,,,,,,,,
2022-12-11T04:00:15+00:00,6862976,SA2KNG Omni UHF/VHF,16,C0800A0C0289030800530700577FF9FF,,,,,,,,,3,12,8,,2,10,,,,,,,,,,,
2022-12-11T04:00:15+00:00,6862976,SA2KNG Omni UHF/VHF,10,C0801806022C08020000,,,,,,,,2,8,6,,,2,24,,,,,,,,,,,
2022-12-11T04:00:16+00:00,6862981,SA2KNG Experimental,10,C0801906022D0D020000,,2,,,,,,,13,6,,,2,25,,,,,,,,,,,
2022-12-11T04:00:16+00:00,6862986,SA2KNG S-Band,13,C08010090266950500005A0059,,,,,,,,,149,9,,,2,16,,,,,5,,,,,,
2022-12-11T04:00:16+00:00,6862986,SA2KNG S-Band,13,C0800F0902669005000059005B,,,,,,,,,144,9,,,2,15,,,,5,,,,,,,
2022-12-11T04:00:16+00:00,6862976,SA2KNG Omni UHF/VHF,10,C0801906022D0D020000,,2,,,,,,,13,6,,,2,25,,,,,,,,,,,
2022-12-11T04:00:17+00:00,6862981,SA2KNG Experimental,10,C0801A06022D07020000,,,,,,2,,,7,6,,,2,26,,,,,,,,,,,
2022-12-11T04:00:17+00:00,6862986,SA2KNG S-Band,13,C080120902669F0500005B005A,,,,,,,,,159,9,,,2,18,,,,,,,5,,,,
2022-12-11T04:00:17+00:00,6862986,SA2KNG S-Band,13,C080110902669A0500005A005A,,,,,,,,,154,9,,,2,17,,,,,,5,,,,,
2022-12-11T04:00:18+00:00,6862986,SA2KNG S-Band,13,C08014090266A905000058005B,,,,,,,,,169,9,,,2,20,,,,,,,,,5,,
2022-12-11T04:00:18+00:00,6862986,SA2KNG S-Band,13,C08013090266A405000058005B,,,,,,,,,164,9,,,2,19,,,,,,,,5,,,
2022-12-11T04:00:18+00:00,6862976,SA2KNG Omni UHF/VHF,10,C0801A06022D07020000,,,,,,2,,,7,6,,,2,26,,,,,,,,,,,
2022-12-11T04:00:19+00:00,6862986,SA2KNG S-Band,13,C08015090266AC050000000000,,,,,,,,,172,9,,,2,21,,,,,,,,,,5,
2022-12-11T04:00:20+00:00,6862986,SA2KNG S-Band,16,C080160C02800C080C00000010E50A00,,,,,,,,,12,12,,,2,22,,,,,,,,,,,8
2022-12-11T04:00:21+00:00,6862981,SA2KNG Experimental,16,C080160C02800C080C00000010E50A00,,,,,,,,,12,12,,,2,22,,,,,,,,,,,8
2022-12-11T04:00:21+00:00,6862986,SA2KNG S-Band,16,C080160C02800C080C00000010E50A00,,,,,,,,,12,12,,,2,22,,,,,,,,,,,8
2022-12-11T04:00:21+00:00,6862986,SA2KNG S-Band,10,C0801706022C03020000,,,,,,,2,,3,6,,,2,23,,,,,,,,,,,
2022-12-11T04:00:21+00:00,6862976,SA2KNG Omni UHF/VHF,16,C080160C02800C080C00000010E50A00,,,,,,,,,12,12,,,2,22,,,,,,,,,,,8
2022-12-11T04:00:22+00:00,6862976,SA2KNG Omni UHF/VHF,10,C0801B06022D01020000,,,2,,,,,,1,6,,,2,27,,,,,,,,,,,
2022-12-11T04:00:23+00:00,6862981,SA2KNG Experimental,10,C0801C06022D04020000,,,,,2,,,,4,6,,,2,28,,,,,,,,,,,
2022-12-11T04:00:23+00:00,6862986,SA2KNG S-Band,10,C0801806022C08020000,,,,,,,,2,8,6,,,2,24,,,,,,,,,,,
2022-12-11T04:00:24+00:00,6862986,SA2KNG S-Band,10,C0801906022D0D020000,,2,,,,,,,13,6,,,2,25,,,,,,,,,,,
2022-12-11T04:00:24+00:00,6862976,SA2KNG Omni UHF/VHF,10,C0801C06022D04020000,,,,,2,,,,4,6,,,2,28,,,,,,,,,,,
2022-12-11T04:00:25+00:00,6862981,SA2KNG Experimental,10,C0801D06022D0A020000,2,,,,,,,,10,6,,,2,29,,,,,,,,,,,
2022-12-11T04:00:26+00:00,6862981,SA2KNG Experimental,10,C0801E06022D1F020000,,,,2,,,,,31,6,,,2,30,,,,,,,,,,,
2022-12-11T04:00:26+00:00,6862986,SA2KNG S-Band,10,C0801A06022D07020000,,,,,,2,,,7,6,,,2,26,,,,,,,,,,,
2022-12-11T04:00:26+00:00,6862976,SA2KNG Omni UHF/VHF,10,C0801D06022D0A020000,2,,,,,,,,10,6,,,2,29,,,,,,,,,,,
2022-12-11T04:00:27+00:00,6862981,SA2KNG Experimental,16,C080200C02890508D799FFFF11000000,,,,,,,,,5,12,,8,2,32,,,,,,,,,,,
2022-12-11T04:00:27+00:00,6862981,SA2KNG Experimental,16,C0801F0C028903084C46FEFFC2F5FCFF,,,,,,,,,3,12,8,,2,31,,,,,,,,,,,
2022-12-11T04:00:27+00:00,6862976,SA2KNG Omni UHF/VHF,16,C0801F0C028903084C46FEFFC2F5FCFF,,,,,,,,,3,12,8,,2,31,,,,,,,,,,,
2022-12-11T04:00:27+00:00,6862976,SA2KNG Omni UHF/VHF,10,C0801E06022D1F020000,,,,2,,,,,31,6,,,2,30,,,,,,,,,,,
2022-12-11T04:00:28+00:00,6862981,SA2KNG Experimental,13,C0802209026686050003C0025B,,,,,,,,,134,9,,,2,34,,5,,,,,,,,,
2022-12-11T04:00:28+00:00,6862981,SA2KNG Experimental,13,C080210902668105000058005B,,,,,,,,,129,9,,,2,33,5,,,,,,,,,,
2022-12-11T04:00:28+00:00,6862976,SA2KNG Omni UHF/VHF,13,C080210902668105000058005B,,,,,,,,,129,9,,,2,33,5,,,,,,,,,,
2022-12-11T04:00:28+00:00,6862976,SA2KNG Omni UHF/VHF,16,C080200C02890508D799FFFF11000000,,,,,,,,,5,12,,8,2,32,,,,,,,,,,,
2022-12-11T04:00:29+00:00,6862981,SA2KNG Experimental,13,C08024090266900500005A005B,,,,,,,,,144,9,,,2,36,,,,5,,,,,,,
2022-12-11T04:00:29+00:00,6862981,SA2KNG Experimental,13,C080230902668B0500005A005C,,,,,,,,,139,9,,,2,35,,,5,,,,,,,,
2022-12-11T04:00:29+00:00,6862986,SA2KNG S-Band,10,C0801B06022D01020000,,,2,,,,,,1,6,,,2,27,,,,,,,,,,,
2022-12-11T04:00:29+00:00,6862976,SA2KNG Omni UHF/VHF,13,C0802209026686050003C0025B,,,,,,,,,134,9,,,2,34,,5,,,,,,,,,
2022-12-11T04:00:30+00:00,6862981,SA2KNG Experimental,13,C080260902669A050000570059,,,,,,,,,154,9,,,2,38,,,,,,5,,,,,
2022-12-11T04:00:30+00:00,6862981,SA2KNG Experimental,13,C08025090266950500005A0059,,,,,,,,,149,9,,,2,37,,,,,5,,,,,,
2022-12-11T04:00:30+00:00,6862976,SA2KNG Omni UHF/VHF,13,C08024090266900500005A005B,,,,,,,,,144,9,,,2,36,,,,5,,,,,,,
2022-12-11T04:00:30+00:00,6862976,SA2KNG Omni UHF/VHF,13,C080230902668B0500005A005C,,,,,,,,,139,9,,,2,35,,,5,,,,,,,,
2022-12-11T04:00:31+00:00,6862981,SA2KNG Experimental,13,C08028090266A40500005A005B,,,,,,,,,164,9,,,2,40,,,,,,,,5,,,
2022-12-11T04:00:31+00:00,6862981,SA2KNG Experimental,13,C080270902669F0500005B005A,,,,,,,,,159,9,,,2,39,,,,,,,5,,,,
2022-12-11T04:00:31+00:00,6862976,SA2KNG Omni UHF/VHF,13,C080260902669A050000570059,,,,,,,,,154,9,,,2,38,,,,,,5,,,,,
2022-12-11T04:00:31+00:00,6862976,SA2KNG Omni UHF/VHF,13,C08025090266950500005A0059,,,,,,,,,149,9,,,2,37,,,,,5,,,,,,
2022-12-11T04:00:32+00:00,6862981,SA2KNG Experimental,13,C0802A090266AC050000000000,,,,,,,,,172,9,,,2,42,,,,,,,,,,5,
2022-12-11T04:00:32+00:00,6862981,SA2KNG Experimental,13,C08029090266A9050000000000,,,,,,,,,169,9,,,2,41,,,,,,,,,5,,
2022-12-11T04:00:32+00:00,6862986,SA2KNG S-Band,10,C0801C06022D04020000,,,,,2,,,,4,6,,,2,28,,,,,,,,,,,
2022-12-11T04:00:32+00:00,6862976,SA2KNG Omni UHF/VHF,13,C08029090266A9050000000000,,,,,,,,,169,9,,,2,41,,,,,,,,,5,,
2022-12-11T04:00:32+00:00,6862976,SA2KNG Omni UHF/VHF,13,C08028090266A40500005A005B,,,,,,,,,164,9,,,2,40,,,,,,,,5,,,
2022-12-11T04:00:32+00:00,6862976,SA2KNG Omni UHF/VHF,13,C080270902669F0500005B005A,,,,,,,,,159,9,,,2,39,,,,,,,5,,,,
2022-12-11T04:00:33+00:00,6862981,SA2KNG Experimental,16,C0802B0C02800C081700000088F50400,,,,,,,,,12,12,,,2,43,,,,,,,,,,,8
2022-12-11T04:00:33+00:00,6862986,SA2KNG S-Band,10,C0801D06022D0A020000,2,,,,,,,,10,6,,,2,29,,,,,,,,,,,
2022-12-11T04:00:33+00:00,6862976,SA2KNG Omni UHF/VHF,16,C0802B0C02800C081700000088F50400,,,,,,,,,12,12,,,2,43,,,,,,,,,,,8
2022-12-11T04:00:33+00:00,6862976,SA2KNG Omni UHF/VHF,13,C0802A090266AC050000000000,,,,,,,,,172,9,,,2,42,,,,,,,,,,5,
2022-12-11T04:00:34+00:00,6862981,SA2KNG Experimental,10,C0802C06022C03020000,,,,,,,2,,3,6,,,2,44,,,,,,,,,,,
2022-12-11T04:00:35+00:00,6862986,SA2KNG S-Band,16,C080200C02890508D799FFFF11000000,,,,,,,,,5,12,,8,2,32,,,,,,,,,,,
2022-12-11T04:00:35+00:00,6862986,SA2KNG S-Band,16,C0801F0C028903084C46FEFFC2F5FCFF,,,,,,,,,3,12,8,,2,31,,,,,,,,,,,
2022-12-11T04:00:35+00:00,6862986,SA2KNG S-Band,10,C0801E06022D1F020000,,,,2,,,,,31,6,,,2,30,,,,,,,,,,,
2022-12-11T04:00:35+00:00,6862976,SA2KNG Omni UHF/VHF,10,C0802C06022C03020000,,,,,,,2,,3,6,,,2,44,,,,,,,,,,,
2022-12-11T04:00:36+00:00,6862981,SA2KNG Experimental,10,C0802D06022C08020000,,,,,,,,2,8,6,,,2,45,,,,,,,,,,,
2022-12-11T04:00:36+00:00,6862986,SA2KNG S-Band,13,C080210902668105000058005B,,,,,,,,,129,9,,,2,33,5,,,,,,,,,,
2022-12-11T04:00:37+00:00,6862981,SA2KNG Experimental,16,C080200C02890508D799FFFF11000000,,,,,,,,,5,12,,8,2,32,,,,,,,,,,,
2022-12-11T04:00:37+00:00,6862981,SA2KNG Experimental,16,C0801F0C028903084C46FEFFC2F5FCFF,,,,,,,,,3,12,8,,2,31,,,,,,,,,,,
2022-12-11T04:00:37+00:00,6862981,SA2KNG Experimental,10,C0802E06022D0D020000,,2,,,,,,,13,6,,,2,46,,,,,,,,,,,
2022-12-11T04:00:37+00:00,6862986,SA2KNG S-Band,16,C080200C02890508D799FFFF11000000,,,,,,,,,5,12,,8,2,32,,,,,,,,,,,
2022-12-11T04:00:37+00:00,6862986,SA2KNG S-Band,16,C0801F0C028903084C46FEFFC2F5FCFF,,,,,,,,,3,12,8,,2,31,,,,,,,,,,,
2022-12-11T04:00:37+00:00,6862986,SA2KNG S-Band,13,C080230902668B0500005A005C,,,,,,,,,139,9,,,2,35,,,5,,,,,,,,
2022-12-11T04:00:37+00:00,6862986,SA2KNG S-Band,13,C0802209026686050003C0025B,,,,,,,,,134,9,,,2,34,,5,,,,,,,,,
2022-12-11T04:00:37+00:00,6862976,SA2KNG Omni UHF/VHF,16,C080200C02890508D799FFFF11000000,,,,,,,,,5,12,,8,2,32,,,,,,,,,,,
2022-12-11T04:00:37+00:00,6862976,SA2KNG Omni UHF/VHF,16,C0801F0C028903084C46FEFFC2F5FCFF,,,,,,,,,3,12,8,,2,31,,,,,,,,,,,
2022-12-11T04:00:37+00:00,6862976,SA2KNG Omni UHF/VHF,10,C0802D06022C08020000,,,,,,,,2,8,6,,,2,45,,,,,,,,,,,
2022-12-11T04:00:38+00:00,6862986,SA2KNG S-Band,13,C080260902669A050000570059,,,,,,,,,154,9,,,2,38,,,,,,5,,,,,
2022-12-11T04:00:38+00:00,6862986,SA2KNG S-Band,13,C08025090266950500005A0059,,,,,,,,,149,9,,,2,37,,,,,5,,,,,,
2022-12-11T04:00:38+00:00,6862986,SA2KNG S-Band,13,C08024090266900500005A005B,,,,,,,,,144,9,,,2,36,,,,5,,,,,,,
2022-12-11T04:00:38+00:00,6862976,SA2KNG Omni UHF/VHF,10,C0802E06022D0D020000,,2,,,,,,,13,6,,,2,46,,,,,,,,,,,
2022-12-11T04:00:39+00:00,6862981,SA2KNG Experimental,10,C0802F06022D07020000,,,,,,2,,,7,6,,,2,47,,,,,,,,,,,
2022-12-11T04:00:39+00:00,6862986,SA2KNG S-Band,13,C080270902669F0500005B005A,,,,,,,,,159,9,,,2,39,,,,,,,5,,,,
2022-12-11T04:00:39+00:00,6862976,SA2KNG Omni UHF/VHF,10,C0802F06022D07020000,,,,,,2,,,7,6,,,2,47,,,,,,,,,,,
2022-12-11T04:00:40+00:00,6862981,SA2KNG Experimental,10,C0803006022D01020000,,,2,,,,,,1,6,,,2,48,,,,,,,,,,,
2022-12-11T04:00:40+00:00,6862986,SA2KNG S-Band,13,C0802A090266AC050000000000,,,,,,,,,172,9,,,2,42,,,,,,,,,,5,
2022-12-11T04:00:40+00:00,6862986,SA2KNG S-Band,13,C08029090266A9050000000000,,,,,,,,,169,9,,,2,41,,,,,,,,,5,,
2022-12-11T04:00:40+00:00,6862986,SA2KNG S-Band,13,C08028090266A40500005A005B,,,,,,,,,164,9,,,2,40,,,,,,,,5,,,
2022-12-11T04:00:41+00:00,6862986,SA2KNG S-Band,16,C0802B0C02800C081700000088F50400,,,,,,,,,12,12,,,2,43,,,,,,,,,,,8
2022-12-11T04:00:41+00:00,6862976,SA2KNG Omni UHF/VHF,10,C0803006022D01020000,,,2,,,,,,1,6,,,2,48,,,,,,,,,,,
2022-12-11T04:00:42+00:00,6862981,SA2KNG Experimental,10,C0803106022D04020000,,,,,2,,,,4,6,,,2,49,,,,,,,,,,,
2022-12-11T04:00:43+00:00,6862981,SA2KNG Experimental,16,C0802B0C02800C081700000088F50400,,,,,,,,,12,12,,,2,43,,,,,,,,,,,8
2022-12-11T04:00:43+00:00,6862986,SA2KNG S-Band,16,C0802B0C02800C081700000088F50400,,,,,,,,,12,12,,,2,43,,,,,,,,,,,8
2022-12-11T04:00:43+00:00,6862986,SA2KNG S-Band,10,C0802C06022C03020000,,,,,,,2,,3,6,,,2,44,,,,,,,,,,,
2022-12-11T04:00:43+00:00,6862976,SA2KNG Omni UHF/VHF,16,C0802B0C02800C081700000088F50400,,,,,,,,,12,12,,,2,43,,,,,,,,,,,8
2022-12-11T04:00:43+00:00,6862976,SA2KNG Omni UHF/VHF,10,C0803106022D04020000,,,,,2,,,,4,6,,,2,49,,,,,,,,,,,
2022-12-11T04:00:44+00:00,6862981,SA2KNG Experimental,10,C0803206022D0A020000,2,,,,,,,,10,6,,,2,50,,,,,,,,,,,
2022-12-11T04:00:44+00:00,6862986,SA2KNG S-Band,10,C0802D06022C08020000,,,,,,,,2,8,6,,,2,45,,,,,,,,,,,
2022-12-11T04:00:44+00:00,6862976,SA2KNG Omni UHF/VHF,10,C0803206022D0A020000,2,,,,,,,,10,6,,,2,50,,,,,,,,,,,
2022-12-11T04:00:45+00:00,6862981,SA2KNG Experimental,16,C080340C02890308603D08007232FCFF,,,,,,,,,3,12,8,,2,52,,,,,,,,,,,
2022-12-11T04:00:45+00:00,6862981,SA2KNG Experimental,10,C0803306022D1F020000,,,,2,,,,,31,6,,,2,51,,,,,,,,,,,
2022-12-11T04:00:45+00:00,6862976,SA2KNG Omni UHF/VHF,10,C0803306022D1F020000,,,,2,,,,,31,6,,,2,51,,,,,,,,,,,
2022-12-11T04:00:46+00:00,6862981,SA2KNG Experimental,13,C080360902668105000056005C,,,,,,,,,129,9,,,2,54,5,,,,,,,,,,
2022-12-11T04:00:46+00:00,6862981,SA2KNG Experimental,16,C080350C028905081248FBFF1C000000,,,,,,,,,5,12,,8,2,53,,,,,,,,,,,
2022-12-11T04:00:46+00:00,6862986,SA2KNG S-Band,10,C0802E06022D0D020000,,2,,,,,,,13,6,,,2,46,,,,,,,,,,,
2022-12-11T04:00:46+00:00,6862976,SA2KNG Omni UHF/VHF,16,C080340C02890308603D08007232FCFF,,,,,,,,,3,12,8,,2,52,,,,,,,,,,,
2022-12-11T04:00:47+00:00,6862981,SA2KNG Experimental,13,C080380902668B0500005B005B,,,,,,,,,139,9,,,2,56,,,5,,,,,,,,
2022-12-11T04:00:47+00:00,6862981,SA2KNG Experimental,13,C0803709026686050003C0025B,,,,,,,,,134,9,,,2,55,,5,,,,,,,,,
2022-12-11T04:00:47+00:00,6862986,SA2KNG S-Band,10,C0802F06022D07020000,,,,,,2,,,7,6,,,2,47,,,,,,,,,,,
2022-12-11T04:00:47+00:00,6862976,SA2KNG Omni UHF/VHF,13,C080360902668105000056005C,,,,,,,,,129,9,,,2,54,5,,,,,,,,,,
2022-12-11T04:00:47+00:00,6862976,SA2KNG Omni UHF/VHF,16,C080350C028905081248FBFF1C000000,,,,,,,,,5,12,,8,2,53,,,,,,,,,,,
2022-12-11T04:00:48+00:00,6862976,SA2KNG Omni UHF/VHF,13,C080380902668B0500005B005B,,,,,,,,,139,9,,,2,56,,,5,,,,,,,,
2022-12-11T04:00:48+00:00,6862976,SA2KNG Omni UHF/VHF,13,C0803709026686050003C0025B,,,,,,,,,134,9,,,2,55,,5,,,,,,,,,
2022-12-11T04:00:49+00:00,6862986,SA2KNG S-Band,10,C0803006022D01020000,,,2,,,,,,1,6,,,2,48,,,,,,,,,,,
2022-12-11T04:00:50+00:00,6862986,SA2KNG S-Band,10,C0803106022D04020000,,,,,2,,,,4,6,,,2,49,,,,,,,,,,,
2022-12-11T04:00:51+00:00,6862981,SA2KNG Experimental,13,C08039090266900500005A005A,,,,,,,,,144,9,,,2,57,,,,5,,,,,,,
2022-12-11T04:00:52+00:00,6862986,SA2KNG S-Band,10,C0803206022D0A020000,2,,,,,,,,10,6,,,2,50,,,,,,,,,,,
2022-12-11T04:00:52+00:00,6862976,SA2KNG Omni UHF/VHF,13,C08039090266900500005A005A,,,,,,,,,144,9,,,2,57,,,,5,,,,,,,
2022-12-11T04:00:53+00:00,6862986,SA2KNG S-Band,10,C0803306022D1F020000,,,,2,,,,,31,6,,,2,51,,,,,,,,,,,
2022-12-11T04:00:54+00:00,6862986,SA2KNG S-Band,16,C080350C028905081248FBFF1C000000,,,,,,,,,5,12,,8,2,53,,,,,,,,,,,
2022-12-11T04:00:54+00:00,6862986,SA2KNG S-Band,16,C080340C02890308603D08007232FCFF,,,,,,,,,3,12,8,,2,52,,,,,,,,,,,
2022-12-11T04:00:55+00:00,6862981,SA2KNG Experimental,16,C080340C02890308603D08007232FCFF,,,,,,,,,3,12,8,,2,52,,,,,,,,,,,
2022-12-11T04:00:55+00:00,6862986,SA2KNG S-Band,16,C080340C02890308603D08007232FCFF,,,,,,,,,3,12,8,,2,52,,,,,,,,,,,
2022-12-11T04:00:55+00:00,6862986,SA2KNG S-Band,13,C0803709026686050003C0025B,,,,,,,,,134,9,,,2,55,,5,,,,,,,,,
2022-12-11T04:00:55+00:00,6862986,SA2KNG S-Band,13,C080360902668105000056005C,,,,,,,,,129,9,,,2,54,5,,,,,,,,,,
2022-12-11T04:00:55+00:00,6862976,SA2KNG Omni UHF/VHF,16,C080340C02890308603D08007232FCFF,,,,,,,,,3,12,8,,2,52,,,,,,,,,,,
2022-12-11T04:00:56+00:00,6862981,SA2KNG Experimental,16,C080350C028905081248FBFF1C000000,,,,,,,,,5,12,,8,2,53,,,,,,,,,,,
2022-12-11T04:00:56+00:00,6862986,SA2KNG S-Band,16,C080350C028905081248FBFF1C000000,,,,,,,,,5,12,,8,2,53,,,,,,,,,,,
2022-12-11T04:00:56+00:00,6862986,SA2KNG S-Band,13,C080380902668B0500005B005B,,,,,,,,,139,9,,,2,56,,,5,,,,,,,,
2022-12-11T04:00:56+00:00,6862976,SA2KNG Omni UHF/VHF,16,C080350C028905081248FBFF1C000000,,,,,,,,,5,12,,8,2,53,,,,,,,,,,,
2022-12-11T04:00:59+00:00,6862986,SA2KNG S-Band,13,C08039090266900500005A005A,,,,,,,,,144,9,,,2,57,,,,5,,,,,,,
2022-12-11T04:01:07+00:00,6862981,SA2KNG Experimental,16,C080010C02800C0802000000D0070000,,,,,,,,,12,12,,,2,1,,,,,,,,,,,8
2022-12-11T04:01:08+00:00,6862976,SA2KNG Omni UHF/VHF,16,C080010C02800C0802000000D0070000,,,,,,,,,12,12,,,2,1,,,,,,,,,,,8
2022-12-11T04:01:09+00:00,6862981,SA2KNG Experimental,10,C0800206022C03020000,,,,,,,2,,3,6,,,2,2,,,,,,,,,,,
2022-12-11T04:01:10+00:00,6862981,SA2KNG Experimental,10,C0800306022C08020000,,,,,,,,2,8,6,,,2,3,,,,,,,,,,,
2022-12-11T04:01:10+00:00,6862976,SA2KNG Omni UHF/VHF,10,C0800206022C03020000,,,,,,,2,,3,6,,,2,2,,,,,,,,,,,
2022-12-11T04:01:11+00:00,6862976,SA2KNG Omni UHF/VHF,10,C0800306022C08020000,,,,,,,,2,8,6,,,2,3,,,,,,,,,,,
2022-12-11T04:01:12+00:00,6862981,SA2KNG Experimental,10,C0800406022D0D020000,,2,,,,,,,13,6,,,2,4,,,,,,,,,,,
2022-12-11T04:01:13+00:00,6862976,SA2KNG Omni UHF/VHF,10,C0800406022D0D020000,,2,,,,,,,13,6,,,2,4,,,,,,,,,,,
2022-12-11T04:01:16+00:00,6862986,SA2KNG S-Band,16,C080010C02800C0802000000D0070000,,,,,,,,,12,12,,,2,1,,,,,,,,,,,8
2022-12-11T04:01:17+00:00,6862981,SA2KNG Experimental,16,C080010C02800C0802000000D0070000,,,,,,,,,12,12,,,2,1,,,,,,,,,,,8
2022-12-11T04:01:17+00:00,6862986,SA2KNG S-Band,16,C080010C02800C0802000000D0070000,,,,,,,,,12,12,,,2,1,,,,,,,,,,,8
2022-12-11T04:01:17+00:00,6862986,SA2KNG S-Band,10,C0800206022C03020000,,,,,,,2,,3,6,,,2,2,,,,,,,,,,,
2022-12-11T04:01:17+00:00,6862976,SA2KNG Omni UHF/VHF,16,C080010C02800C0802000000D0070000,,,,,,,,,12,12,,,2,1,,,,,,,,,,,8
2022-12-11T04:01:19+00:00,6862986,SA2KNG S-Band,10,C0800306022C08020000,,,,,,,,2,8,6,,,2,3,,,,,,,,,,,
2022-12-11T04:01:20+00:00,6862986,SA2KNG S-Band,10,C0800406022D0D020000,,2,,,,,,,13,6,,,2,4,,,,,,,,,,,
2022-12-11T04:01:25+00:00,6862976,SA2KNG Omni UHF/VHF,16,C080010C02800C080200000000000000,,,,,,,,,12,12,,,2,1,,,,,,,,,,,8
2022-12-11T04:01:27+00:00,6862976,SA2KNG Omni UHF/VHF,10,C0800206022C03020000,,,,,,,2,,3,6,,,2,2,,,,,,,,,,,
2022-12-11T04:01:28+00:00,6862976,SA2KNG Omni UHF/VHF,10,C0800306022C08020000,,,,,,,,2,8,6,,,2,3,,,,,,,,,,,
2022-12-11T04:01:30+00:00,6862976,SA2KNG Omni UHF/VHF,10,C0800406022D0D020000,,2,,,,,,,13,6,,,2,4,,,,,,,,,,,
2022-12-11T04:01:33+00:00,6862986,SA2KNG S-Band,16,C080010C02800C080200000000000000,,,,,,,,,12,12,,,2,1,,,,,,,,,,,8
2022-12-11T04:01:34+00:00,6862986,SA2KNG S-Band,16,C080010C02800C080200000000000000,,,,,,,,,12,12,,,2,1,,,,,,,,,,,8
2022-12-11T04:01:34+00:00,6862986,SA2KNG S-Band,10,C0800206022C03020000,,,,,,,2,,3,6,,,2,2,,,,,,,,,,,
2022-12-11T04:01:34+00:00,6862976,SA2KNG Omni UHF/VHF,16,C080010C02800C080200000000000000,,,,,,,,,12,12,,,2,1,,,,,,,,,,,8
2022-12-11T04:01:36+00:00,6862986,SA2KNG S-Band,10,C0800306022C08020000,,,,,,,,2,8,6,,,2,3,,,,,,,,,,,
2022-12-11T04:01:37+00:00,6862986,SA2KNG S-Band,10,C0800406022D0D020000,,2,,,,,,,13,6,,,2,4,,,,,,,,,,,
2022-12-11T04:01:42+00:00,6862976,SA2KNG Omni UHF/VHF,16,C080010C02800C080200000000000000,,,,,,,,,12,12,,,2,1,,,,,,,,,,,8
2022-12-11T04:01:44+00:00,6862976,SA2KNG Omni UHF/VHF,10,C0800206022C03020000,,,,,,,2,,3,6,,,2,2,,,,,,,,,,,
2022-12-11T04:01:45+00:00,6862976,SA2KNG Omni UHF/VHF,10,C0800306022C08020000,,,,,,,,2,8,6,,,2,3,,,,,,,,,,,
2022-12-11T04:01:47+00:00,6862976,SA2KNG Omni UHF/VHF,10,C0800406022D0D020000,,2,,,,,,,13,6,,,2,4,,,,,,,,,,,
2022-12-11T04:01:48+00:00,6862976,SA2KNG Omni UHF/VHF,10,C0800506022D07020000,,,,,,2,,,7,6,,,2,5,,,,,,,,,,,
2022-12-11T04:01:50+00:00,6862986,SA2KNG S-Band,16,C080010C02800C080200000000000000,,,,,,,,,12,12,,,2,1,,,,,,,,,,,8
2022-12-11T04:01:51+00:00,6862986,SA2KNG S-Band,16,C080010C02800C080200000000000000,,,,,,,,,12,12,,,2,1,,,,,,,,,,,8
2022-12-11T04:01:51+00:00,6862976,SA2KNG Omni UHF/VHF,16,C080010C02800C080200000000000000,,,,,,,,,12,12,,,2,1,,,,,,,,,,,8
2022-12-11T04:01:51+00:00,6862986,SA2KNG S-Band,10,C0800206022C03020000,,,,,,,2,,3,6,,,2,2,,,,,,,,,,,
2022-12-11T04:01:53+00:00,6862986,SA2KNG S-Band,10,C0800306022C08020000,,,,,,,,2,8,6,,,2,3,,,,,,,,,,,
2022-12-11T04:01:54+00:00,6862986,SA2KNG S-Band,10,C0800406022D0D020000,,2,,,,,,,13,6,,,2,4,,,,,,,,,,,
2022-12-11T04:01:56+00:00,6862986,SA2KNG S-Band,10,C0800506022D07020000,,,,,,2,,,7,6,,,2,5,,,,,,,,,,,
2022-12-11T04:02:02+00:00,6862976,SA2KNG Omni UHF/VHF,16,C080010C02800C0802000000D0070000,,,,,,,,,12,12,,,2,1,,,,,,,,,,,8
2022-12-11T04:02:03+00:00,6862976,SA2KNG Omni UHF/VHF,10,C0800206022C03020000,,,,,,,2,,3,6,,,2,2,,,,,,,,,,,
2022-12-11T04:02:05+00:00,6862976,SA2KNG Omni UHF/VHF,10,C0800306022C08020000,,,,,,,,2,8,6,,,2,3,,,,,,,,,,,
2022-12-11T04:02:06+00:00,6862976,SA2KNG Omni UHF/VHF,10,C0800406022D0D020000,,2,,,,,,,13,6,,,2,4,,,,,,,,,,,
2022-12-11T04:02:09+00:00,6862986,SA2KNG S-Band,16,C080010C02800C0802000000D0070000,,,,,,,,,12,12,,,2,1,,,,,,,,,,,8
2022-12-11T04:02:11+00:00,6862986,SA2KNG S-Band,10,C0800206022C03020000,,,,,,,2,,3,6,,,2,2,,,,,,,,,,,
2022-12-11T04:02:12+00:00,6862986,SA2KNG S-Band,10,C0800306022C08020000,,,,,,,,2,8,6,,,2,3,,,,,,,,,,,
2022-12-11T04:02:14+00:00,6862986,SA2KNG S-Band,10,C0800406022D0D020000,,2,,,,,,,13,6,,,2,4,,,,,,,,,,,
2022-12-11T04:02:19+00:00,6862976,SA2KNG Omni UHF/VHF,16,C080010C02800C080200000000000000,,,,,,,,,12,12,,,2,1,,,,,,,,,,,8
2022-12-11T04:02:20+00:00,6862976,SA2KNG Omni UHF/VHF,10,C0800206022C03020000,,,,,,,2,,3,6,,,2,2,,,,,,,,,,,
2022-12-11T04:02:22+00:00,6862976,SA2KNG Omni UHF/VHF,10,C0800306022C08020000,,,,,,,,2,8,6,,,2,3,,,,,,,,,,,
2022-12-11T04:02:23+00:00,6862976,SA2KNG Omni UHF/VHF,10,C0800406022D0D020000,,2,,,,,,,13,6,,,2,4,,,,,,,,,,,
2022-12-11T04:02:25+00:00,6862976,SA2KNG Omni UHF/VHF,10,C0800506022D07020000,,,,,,2,,,7,6,,,2,5,,,,,,,,,,,
2022-12-11T04:02:28+00:00,6862976,SA2KNG Omni UHF/VHF,16,C080010C02800C080200000000000000,,,,,,,,,12,12,,,2,1,,,,,,,,,,,8
2022-12-11T04:02:38+00:00,6862976,SA2KNG Omni UHF/VHF,16,C080010C02800C0802000000D0070000,,,,,,,,,12,12,,,2,1,,,,,,,,,,,8
2022-12-11T04:02:40+00:00,6862976,SA2KNG Omni UHF/VHF,10,C0800206022C03020000,,,,,,,2,,3,6,,,2,2,,,,,,,,,,,
2022-12-11T04:02:41+00:00,6862976,SA2KNG Omni UHF/VHF,10,C0800306022C08020000,,,,,,,,2,8,6,,,2,3,,,,,,,,,,,
2022-12-11T04:02:43+00:00,6862976,SA2KNG Omni UHF/VHF,10,C0800406022D0D020000,,2,,,,,,,13,6,,,2,4,,,,,,,,,,,
2022-12-11T04:02:47+00:00,6862986,SA2KNG S-Band,16,C080010C02800C0802000000D0070000,,,,,,,,,12,12,,,2,1,,,,,,,,,,,8
2022-12-11T04:02:47+00:00,6862976,SA2KNG Omni UHF/VHF,16,C080010C02800C0802000000D0070000,,,,,,,,,12,12,,,2,1,,,,,,,,,,,8
2022-12-11T04:02:55+00:00,6862976,SA2KNG Omni UHF/VHF,16,C080010C02800C080200000000000000,,,,,,,,,12,12,,,2,1,,,,,,,,,,,8
2022-12-11T04:02:57+00:00,6862976,SA2KNG Omni UHF/VHF,10,C0800206022C03020000,,,,,,,2,,3,6,,,2,2,,,,,,,,,,,
2022-12-11T04:03:04+00:00,6862986,SA2KNG S-Band,16,C080010C02800C080200000000000000,,,,,,,,,12,12,,,2,1,,,,,,,,,,,8
2022-12-11T04:03:04+00:00,6862976,SA2KNG Omni UHF/VHF,16,C080010C02800C080200000000000000,,,,,,,,,12,12,,,2,1,,,,,,,,,,,8
2022-12-11T05:36:55+00:00,6863395,PF_DE_UHF_X_DIPOLE,16,C080010C02800C0802000000D0070000,,,,,,,,,12,12,,,2,1,,,,,,,,,,,8
2022-12-11T05:36:59+00:00,6863395,PF_DE_UHF_X_DIPOLE,10,C0800306022C08020000,,,,,,,,2,8,6,,,2,3,,,,,,,,,,,
2022-12-11T05:37:00+00:00,6863395,PF_DE_UHF_X_DIPOLE,10,C0800406022D0D020000,,2,,,,,,,13,6,,,2,4,,,,,,,,,,,
2022-12-11T05:37:10+00:00,6863395,PF_DE_UHF_X_DIPOLE,16,C080010C02800C0802000000D0070000,,,,,,,,,12,12,,,2,1,,,,,,,,,,,8
2022-12-11T05:37:16+00:00,6863395,PF_DE_UHF_X_DIPOLE,10,C0800206022C03020000,,,,,,,2,,3,6,,,2,2,,,,,,,,,,,
2022-12-11T05:37:17+00:00,6863395,PF_DE_UHF_X_DIPOLE,10,C0800306022C08020000,,,,,,,,2,8,6,,,2,3,,,,,,,,,,,
2022-12-11T05:37:19+00:00,6863395,PF_DE_UHF_X_DIPOLE,10,C0800406022D0D020000,,2,,,,,,,13,6,,,2,4,,,,,,,,,,,
2022-12-11T05:37:20+00:00,6863395,PF_DE_UHF_X_DIPOLE,10,C0800506022D07020000,,,,,,2,,,7,6,,,2,5,,,,,,,,,,,
2022-12-11T05:37:29+00:00,6863395,PF_DE_UHF_X_DIPOLE,16,C080010C02800C080200000000000000,,,,,,,,,12,12,,,2,1,,,,,,,,,,,8
2022-12-11T05:37:34+00:00,6863395,PF_DE_UHF_X_DIPOLE,16,C080010C02800C080200000000000000,,,,,,,,,12,12,,,2,1,,,,,,,,,,,8
2022-12-11T05:37:35+00:00,6863395,PF_DE_UHF_X_DIPOLE,10,C0800206022C03020000,,,,,,,2,,3,6,,,2,2,,,,,,,,,,,
2022-12-11T05:37:37+00:00,6863395,PF_DE_UHF_X_DIPOLE,10,C0800306022C08020000,,,,,,,,2,8,6,,,2,3,,,,,,,,,,,
2022-12-11T05:37:49+00:00,6862762,M0ZJO Station #2,16,C080010C02800C080200000000000000,,,,,,,,,12,12,,,2,1,,,,,,,,,,,8
2022-12-11T05:37:49+00:00,6863395,PF_DE_UHF_X_DIPOLE,16,C080010C02800C080200000000000000,,,,,,,,,12,12,,,2,1,,,,,,,,,,,8
2022-12-11T05:37:51+00:00,6863395,PF_DE_UHF_X_DIPOLE,16,C080010C02800C0802000000E8030000,,,,,,,,,12,12,,,2,1,,,,,,,,,,,8
2022-12-11T05:37:52+00:00,6863395,PF_DE_UHF_X_DIPOLE,10,C0800206022C03020000,,,,,,,2,,3,6,,,2,2,,,,,,,,,,,
2022-12-11T05:37:54+00:00,6863395,PF_DE_UHF_X_DIPOLE,10,C0800306022C08020000,,,,,,,,2,8,6,,,2,3,,,,,,,,,,,
2022-12-11T05:38:06+00:00,6862762,M0ZJO Station #2,16,C080010C02800C0802000000E8030000,,,,,,,,,12,12,,,2,1,,,,,,,,,,,8
2022-12-11T05:38:06+00:00,6863395,PF_DE_UHF_X_DIPOLE,16,C080010C02800C0802000000E8030000,,,,,,,,,12,12,,,2,1,,,,,,,,,,,8
2022-12-11T05:38:08+00:00,6863395,PF_DE_UHF_X_DIPOLE,16,C080010C02800C080200000000000000,,,,,,,,,12,12,,,2,1,,,,,,,,,,,8
2022-12-11T05:38:23+00:00,6862762,M0ZJO Station #2,16,C080010C02800C080200000000000000,,,,,,,,,12,12,,,2,1,,,,,,,,,,,8
2022-12-11T05:38:23+00:00,6863395,PF_DE_UHF_X_DIPOLE,16,C080010C02800C080200000000000000,,,,,,,,,12,12,,,2,1,,,,,,,,,,,8
2022-12-11T10:37:39+00:00,6860290,MAUSyagi-AK,16,C080010C02800C080200000000000000,,,,,,,,,12,12,,,2,1,,,,,,,,,,,8
2022-12-11T10:37:42+00:00,6860290,MAUSyagi-AK,16,C080010C02800C080200000000000000,,,,,,,,,12,12,,,2,1,,,,,,,,,,,8
2022-12-11T10:37:42+00:00,6860286,MAUSyagi,16,C080010C02800C080200000000000000,,,,,,,,,12,12,,,2,1,,,,,,,,,,,8
2022-12-11T10:38:20+00:00,6860286,MAUSyagi,16,C080010C02800C0802000000D0070000,,,,,,,,,12,12,,,2,1,,,,,,,,,,,8
2022-12-11T17:45:56+00:00,6864209,OE6ISP_High_Gain_LimeSDR,16,C080010C02800C080200000000000000,,,,,,,,,12,12,,,2,1,,,,,,,,,,,8
2022-12-11T17:45:59+00:00,6864209,OE6ISP_High_Gain_LimeSDR,16,C080010C02800C080200000000000000,,,,,,,,,12,12,,,2,1,,,,,,,,,,,8
2022-12-11T17:46:09+00:00,6864209,OE6ISP_High_Gain_LimeSDR,16,C080010C02800C0802000000D0070000,,,,,,,,,12,12,,,2,1,,,,,,,,,,,8
2022-12-11T17:46:09+00:00,6864217,OE6EUR15,16,C080010C02800C0802000000D0070000,,,,,,,,,12,12,,,2,1,,,,,,,,,,,8
2022-12-11T17:46:11+00:00,6864209,OE6ISP_High_Gain_LimeSDR,10,C0800206022C03020000,,,,,,,2,,3,6,,,2,2,,,,,,,,,,,
2022-12-11T17:46:11+00:00,6864217,OE6EUR15,10,C0800206022C03020000,,,,,,,2,,3,6,,,2,2,,,,,,,,,,,
2022-12-11T17:46:12+00:00,6864209,OE6ISP_High_Gain_LimeSDR,16,C080010C02800C0802000000D0070000,,,,,,,,,12,12,,,2,1,,,,,,,,,,,8
2022-12-11T17:46:12+00:00,6864217,OE6EUR15,16,C080010C02800C0802000000D0070000,,,,,,,,,12,12,,,2,1,,,,,,,,,,,8
2022-12-11T17:46:24+00:00,6864209,OE6ISP_High_Gain_LimeSDR,16,C080010C02800C0802000000D0070000,,,,,,,,,12,12,,,2,1,,,,,,,,,,,8
2022-12-11T17:46:24+00:00,6864217,OE6EUR15,16,C080010C02800C0802000000D0070000,,,,,,,,,12,12,,,2,1,,,,,,,,,,,8
2022-12-11T17:46:25+00:00,6864209,OE6ISP_High_Gain_LimeSDR,10,C0800206022C03020000,,,,,,,2,,3,6,,,2,2,,,,,,,,,,,
2022-12-11T17:46:25+00:00,6864217,OE6EUR15,10,C0800206022C03020000,,,,,,,2,,3,6,,,2,2,,,,,,,,,,,
2022-12-11T17:46:27+00:00,6864209,OE6ISP_High_Gain_LimeSDR,16,C080010C02800C0802000000D0070000,,,,,,,,,12,12,,,2,1,,,,,,,,,,,8
2022-12-11T17:46:27+00:00,6864217,OE6EUR15,16,C080010C02800C0802000000D0070000,,,,,,,,,12,12,,,2,1,,,,,,,,,,,8
2022-12-11T17:46:38+00:00,6864209,OE6ISP_High_Gain_LimeSDR,16,C080010C02800C0802000000D0070000,,,,,,,,,12,12,,,2,1,,,,,,,,,,,8
2022-12-11T17:46:39+00:00,6864217,OE6EUR15,16,C080010C02800C0802000000D0070000,,,,,,,,,12,12,,,2,1,,,,,,,,,,,8
2022-12-11T17:46:40+00:00,6864209,OE6ISP_High_Gain_LimeSDR,10,C0800206022C03020000,,,,,,,2,,3,6,,,2,2,,,,,,,,,,,
2022-12-11T17:46:40+00:00,6864217,OE6EUR15,10,C0800206022C03020000,,,,,,,2,,3,6,,,2,2,,,,,,,,,,,
2022-12-11T17:46:42+00:00,6864209,OE6ISP_High_Gain_LimeSDR,16,C080010C02800C0802000000D0070000,,,,,,,,,12,12,,,2,1,,,,,,,,,,,8
2022-12-11T17:46:53+00:00,6864217,OE6EUR15,16,C080010C02800C080200000000000000,,,,,,,,,12,12,,,2,1,,,,,,,,,,,8
2022-12-11T17:46:54+00:00,6864209,OE6ISP_High_Gain_LimeSDR,10,C0800206022C03020000,,,,,,,2,,3,6,,,2,2,,,,,,,,,,,
2022-12-11T17:46:55+00:00,6864217,OE6EUR15,10,C0800206022C03020000,,,,,,,2,,3,6,,,2,2,,,,,,,,,,,
2022-12-11T17:47:07+00:00,6864209,OE6ISP_High_Gain_LimeSDR,16,C080010C02800C0802000000D0070000,,,,,,,,,12,12,,,2,1,,,,,,,,,,,8
2022-12-11T17:47:08+00:00,6864217,OE6EUR15,16,C080010C02800C0802000000D0070000,,,,,,,,,12,12,,,2,1,,,,,,,,,,,8
2022-12-11T17:47:11+00:00,6864209,OE6ISP_High_Gain_LimeSDR,16,C080010C02800C0802000000D0070000,,,,,,,,,12,12,,,2,1,,,,,,,,,,,8
2022-12-11T17:47:11+00:00,6864217,OE6EUR15,16,C080010C02800C0802000000D0070000,,,,,,,,,12,12,,,2,1,,,,,,,,,,,8
2022-12-11T17:47:22+00:00,6864209,OE6ISP_High_Gain_LimeSDR,16,C080010C02800C080200000000000000,,,,,,,,,12,12,,,2,1,,,,,,,,,,,8
2022-12-11T17:47:25+00:00,6864209,OE6ISP_High_Gain_LimeSDR,16,C080010C02800C080200000000000000,,,,,,,,,12,12,,,2,1,,,,,,,,,,,8
2022-12-11T17:47:25+00:00,6864217,OE6EUR15,16,C080010C02800C080200000000000000,,,,,,,,,12,12,,,2,1,,,,,,,,,,,8
2022-12-11T17:48:11+00:00,6864209,OE6ISP_High_Gain_LimeSDR,16,C080010C02800C0802000000D0070000,,,,,,,,,12,12,,,2,1,,,,,,,,,,,8
2022-12-11T17:48:14+00:00,6864209,OE6ISP_High_Gain_LimeSDR,16,C080010C02800C0802000000D0070000,,,,,,,,,12,12,,,2,1,,,,,,,,,,,8
2022-12-11T17:48:14+00:00,6864217,OE6EUR15,10,C0800306022C08020000,,,,,,,,2,8,6,,,2,3,,,,,,,,,,,
2022-12-11T17:49:22+00:00,6864217,OE6EUR15,16,C080010C02800C080200000000000000,,,,,,,,,12,12,,,2,1,,,,,,,,,,,8
2022-12-11T17:49:57+00:00,6864217,OE6EUR15,10,C0800406022D0D020000,,2,,,,,,,13,6,,,2,4,,,,,,,,,,,
2022-12-12T05:07:41+00:00,6865468,M0KSF,16,C080010C02800C080200000000000000,,,,,,,,,12,12,,,2,1,,,,,,,,,,,8
2022-12-12T05:07:54+00:00,6865468,M0KSF,16,C080010C02800C080200000000000000,,,,,,,,,12,12,,,2,1,,,,,,,,,,,8
2022-12-12T05:08:06+00:00,6865468,M0KSF,16,C080010C02800C080200000000000000,,,,,,,,,12,12,,,2,1,,,,,,,,,,,8
2022-12-12T10:01:42+00:00,6868782,MAUSyagi,16,C080010C02800C080200000000000000,,,,,,,,,12,12,,,2,1,,,,,,,,,,,8
2022-12-12T10:01:52+00:00,6868782,MAUSyagi,16,C080010C02800C080200000000000000,,,,,,,,,12,12,,,2,1,,,,,,,,,,,8
2022-12-12T10:01:54+00:00,6868782,MAUSyagi,10,C0800206022C03020000,,,,,,,2,,3,6,,,2,2,,,,,,,,,,,
2022-12-12T10:01:55+00:00,6868761,MAUSyagi,16,C080010C02800C080200000000000000,,,,,,,,,12,12,,,2,1,,,,,,,,,,,8
2022-12-12T10:01:57+00:00,6868761,MAUSyagi,16,C080010C02800C080200000000000000,,,,,,,,,12,12,,,2,1,,,,,,,,,,,8
2022-12-12T10:01:57+00:00,6868761,MAUSyagi,10,C0800206022C03020000,,,,,,,2,,3,6,,,2,2,,,,,,,,,,,
2022-12-12T10:02:07+00:00,6868782,MAUSyagi,16,C080010C02800C080200000000000000,,,,,,,,,12,12,,,2,1,,,,,,,,,,,8
2022-12-12T10:02:08+00:00,6868782,MAUSyagi,10,C0800206022C03020000,,,,,,,2,,3,6,,,2,2,,,,,,,,,,,
2022-12-12T10:02:10+00:00,6868761,MAUSyagi,16,C080010C02800C080200000000000000,,,,,,,,,12,12,,,2,1,,,,,,,,,,,8
2022-12-12T10:02:11+00:00,6868761,MAUSyagi,16,C080010C02800C080200000000000000,,,,,,,,,12,12,,,2,1,,,,,,,,,,,8
2022-12-12T10:02:11+00:00,6868761,MAUSyagi,10,C0800206022C03020000,,,,,,,2,,3,6,,,2,2,,,,,,,,,,,
2022-12-12T10:02:21+00:00,6868782,MAUSyagi,16,C080010C02800C080200000000000000,,,,,,,,,12,12,,,2,1,,,,,,,,,,,8
2022-12-12T10:02:23+00:00,6868782,MAUSyagi,10,C0800206022C03020000,,,,,,,2,,3,6,,,2,2,,,,,,,,,,,
2022-12-12T10:02:25+00:00,6868761,MAUSyagi,16,C080010C02800C080200000000000000,,,,,,,,,12,12,,,2,1,,,,,,,,,,,8
2022-12-12T10:02:26+00:00,6868761,MAUSyagi,16,C080010C02800C080200000000000000,,,,,,,,,12,12,,,2,1,,,,,,,,,,,8
2022-12-12T10:02:26+00:00,6868761,MAUSyagi,10,C0800206022C03020000,,,,,,,2,,3,6,,,2,2,,,,,,,,,,,
2022-12-12T10:02:36+00:00,6868782,MAUSyagi,16,C080010C02800C080200000000000000,,,,,,,,,12,12,,,2,1,,,,,,,,,,,8
2022-12-12T10:02:37+00:00,6868782,MAUSyagi,10,C0800206022C03020000,,,,,,,2,,3,6,,,2,2,,,,,,,,,,,
2022-12-12T10:02:39+00:00,6868761,MAUSyagi,16,C080010C02800C080200000000000000,,,,,,,,,12,12,,,2,1,,,,,,,,,,,8
2022-12-12T10:02:40+00:00,6868761,MAUSyagi,16,C080010C02800C080200000000000000,,,,,,,,,12,12,,,2,1,,,,,,,,,,,8
2022-12-12T10:02:40+00:00,6868761,MAUSyagi,10,C0800206022C03020000,,,,,,,2,,3,6,,,2,2,,,,,,,,,,,
2022-12-12T10:02:50+00:00,6868782,MAUSyagi,16,C080010C02800C080200000000000000,,,,,,,,,12,12,,,2,1,,,,,,,,,,,8
2022-12-12T10:02:52+00:00,6868782,MAUSyagi,10,C0800206022C03020000,,,,,,,2,,3,6,,,2,2,,,,,,,,,,,
2022-12-12T10:02:54+00:00,6868761,MAUSyagi,16,C080010C02800C080200000000000000,,,,,,,,,12,12,,,2,1,,,,,,,,,,,8
2022-12-12T10:02:55+00:00,6868761,MAUSyagi,16,C080010C02800C080200000000000000,,,,,,,,,12,12,,,2,1,,,,,,,,,,,8
2022-12-12T10:02:55+00:00,6868761,MAUSyagi,10,C0800206022C03020000,,,,,,,2,,3,6,,,2,2,,,,,,,,,,,
2022-12-12T10:03:05+00:00,6868782,MAUSyagi,16,C080010C02800C0802000000D0070000,,,,,,,,,12,12,,,2,1,,,,,,,,,,,8
2022-12-12T10:03:07+00:00,6868761,MAUSyagi,16,C080010C02800C0802000000D0070000,,,,,,,,,12,12,,,2,1,,,,,,,,,,,8
2022-12-12T10:03:09+00:00,6868761,MAUSyagi,16,C080010C02800C0802000000D0070000,,,,,,,,,12,12,,,2,1,,,,,,,,,,,8
2022-12-12T10:03:18+00:00,6868782,MAUSyagi,16,C080010C02800C0802000000D0070000,,,,,,,,,12,12,,,2,1,,,,,,,,,,,8
2022-12-12T10:03:21+00:00,6868761,MAUSyagi,16,C080010C02800C0802000000D0070000,,,,,,,,,12,12,,,2,1,,,,,,,,,,,8
2022-12-12T10:03:23+00:00,6868761,MAUSyagi,16,C080010C02800C0802000000D0070000,,,,,,,,,12,12,,,2,1,,,,,,,,,,,8
2022-12-12T10:03:31+00:00,6868782,MAUSyagi,16,C080010C02800C080200000000000000,,,,,,,,,12,12,,,2,1,,,,,,,,,,,8
2022-12-12T10:03:34+00:00,6868761,MAUSyagi,16,C080010C02800C080200000000000000,,,,,,,,,12,12,,,2,1,,,,,,,,,,,8
2022-12-12T10:03:36+00:00,6868761,MAUSyagi,16,C080010C02800C080200000000000000,,,,,,,,,12,12,,,2,1,,,,,,,,,,,8
2022-12-12T10:03:44+00:00,6868782,MAUSyagi,16,C080010C02800C080200000000000000,,,,,,,,,12,12,,,2,1,,,,,,,,,,,8
2022-12-12T10:03:47+00:00,6868761,MAUSyagi,16,C080010C02800C080200000000000000,,,,,,,,,12,12,,,2,1,,,,,,,,,,,8
2022-12-12T10:03:48+00:00,6868761,MAUSyagi,16,C080010C02800C080200000000000000,,,,,,,,,12,12,,,2,1,,,,,,,,,,,8
2022-12-13T02:51:59+00:00,6871809,SA2KNG Omni UHF/VHF,16,C080010C02800C0802000000D0070000,,,,,,,,,12,12,,,2,1,,,,,,,,,,,8
2022-12-13T02:52:07+00:00,6871964,SA2KNG S-Band,16,C080010C02800C0802000000D0070000,,,,,,,,,12,12,,,2,1,,,,,,,,,,,8
2022-12-13T02:52:09+00:00,6871964,SA2KNG S-Band,16,C080010C02800C0802000000D0070000,,,,,,,,,12,12,,,2,1,,,,,,,,,,,8
2022-12-13T02:52:09+00:00,6870172,M0KSF,16,C080010C02800C0802000000D0070000,,,,,,,,,12,12,,,2,1,,,,,,,,,,,8
2022-12-13T02:52:09+00:00,6871809,SA2KNG Omni UHF/VHF,16,C080010C02800C0802000000D0070000,,,,,,,,,12,12,,,2,1,,,,,,,,,,,8
2022-12-13T02:52:12+00:00,6871809,SA2KNG Omni UHF/VHF,16,C080010C02800C0802000000D0070000,,,,,,,,,12,12,,,2,1,,,,,,,,,,,8
2022-12-13T02:52:20+00:00,6871964,SA2KNG S-Band,16,C080010C02800C0802000000D0070000,,,,,,,,,12,12,,,2,1,,,,,,,,,,,8
2022-12-13T02:52:21+00:00,6871964,SA2KNG S-Band,16,C080010C02800C0802000000D0070000,,,,,,,,,12,12,,,2,1,,,,,,,,,,,8
2022-12-13T02:52:21+00:00,6870172,M0KSF,16,C080010C02800C0802000000D0070000,,,,,,,,,12,12,,,2,1,,,,,,,,,,,8
2022-12-13T02:52:21+00:00,6871809,SA2KNG Omni UHF/VHF,16,C080010C02800C0802000000D0070000,,,,,,,,,12,12,,,2,1,,,,,,,,,,,8
2022-12-13T02:52:24+00:00,6871809,SA2KNG Omni UHF/VHF,16,C080010C02800C0802000000D0070000,,,,,,,,,12,12,,,2,1,,,,,,,,,,,8
2022-12-13T02:52:32+00:00,6871964,SA2KNG S-Band,16,C080010C02800C0802000000D0070000,,,,,,,,,12,12,,,2,1,,,,,,,,,,,8
2022-12-13T02:52:34+00:00,6871964,SA2KNG S-Band,16,C080010C02800C0802000000D0070000,,,,,,,,,12,12,,,2,1,,,,,,,,,,,8
2022-12-13T02:52:34+00:00,6870172,M0KSF,16,C080010C02800C0802000000D0070000,,,,,,,,,12,12,,,2,1,,,,,,,,,,,8
2022-12-13T02:52:34+00:00,6871809,SA2KNG Omni UHF/VHF,16,C080010C02800C0802000000D0070000,,,,,,,,,12,12,,,2,1,,,,,,,,,,,8
2022-12-13T02:52:37+00:00,6871809,SA2KNG Omni UHF/VHF,16,C080010C02800C0802000000D0070000,,,,,,,,,12,12,,,2,1,,,,,,,,,,,8
2022-12-13T02:52:45+00:00,6871964,SA2KNG S-Band,16,C080010C02800C0802000000D0070000,,,,,,,,,12,12,,,2,1,,,,,,,,,,,8
2022-12-13T02:52:46+00:00,6871964,SA2KNG S-Band,16,C080010C02800C0802000000D0070000,,,,,,,,,12,12,,,2,1,,,,,,,,,,,8
2022-12-13T02:52:46+00:00,6870172,M0KSF,16,C080010C02800C0802000000D0070000,,,,,,,,,12,12,,,2,1,,,,,,,,,,,8
2022-12-13T02:52:46+00:00,6871809,SA2KNG Omni UHF/VHF,16,C080010C02800C0802000000D0070000,,,,,,,,,12,12,,,2,1,,,,,,,,,,,8
2022-12-13T02:53:02+00:00,6871809,SA2KNG Omni UHF/VHF,16,C080010C02800C0802000000D0070000,,,,,,,,,12,12,,,2,1,,,,,,,,,,,8
2022-12-13T02:53:12+00:00,6870172,M0KSF,16,C080010C02800C0802000000D0070000,,,,,,,,,12,12,,,2,1,,,,,,,,,,,8
2022-12-13T02:53:12+00:00,6871809,SA2KNG Omni UHF/VHF,16,C080010C02800C0802000000D0070000,,,,,,,,,12,12,,,2,1,,,,,,,,,,,8
2022-12-13T02:53:15+00:00,6871809,SA2KNG Omni UHF/VHF,16,C080010C02800C080200000000000000,,,,,,,,,12,12,,,2,1,,,,,,,,,,,8
2022-12-13T02:53:25+00:00,6870172,M0KSF,16,C080010C02800C080200000000000000,,,,,,,,,12,12,,,2,1,,,,,,,,,,,8
2022-12-13T02:53:25+00:00,6871809,SA2KNG Omni UHF/VHF,16,C080010C02800C080200000000000000,,,,,,,,,12,12,,,2,1,,,,,,,,,,,8
2022-12-13T04:27:52+00:00,6864215,OE6ISP_High_Gain_LimeSDR,16,C080010C02800C080200000000000000,,,,,,,,,12,12,,,2,1,,,,,,,,,,,8
2022-12-13T04:27:53+00:00,6864223,OE6EUR15,16,C080010C02800C080200000000000000,,,,,,,,,12,12,,,2,1,,,,,,,,,,,8
2022-12-13T04:27:54+00:00,6872083,Mogielnica - UHF,16,C080010C02800C080200000000000000,,,,,,,,,12,12,,,2,1,,,,,,,,,,,8
2022-12-13T04:27:56+00:00,6872083,Mogielnica - UHF,16,C080010C02800C080200000000000000,,,,,,,,,12,12,,,2,1,,,,,,,,,,,8
2022-12-13T04:27:56+00:00,6863631,SP7THR-UHF,16,C080010C02800C080200000000000000,,,,,,,,,12,12,,,2,1,,,,,,,,,,,8
2022-12-13T04:27:56+00:00,6864215,OE6ISP_High_Gain_LimeSDR,16,C080010C02800C080200000000000000,,,,,,,,,12,12,,,2,1,,,,,,,,,,,8
2022-12-13T04:27:56+00:00,6864223,OE6EUR15,16,C080010C02800C080200000000000000,,,,,,,,,12,12,,,2,1,,,,,,,,,,,8
2022-12-13T04:28:05+00:00,6864215,OE6ISP_High_Gain_LimeSDR,16,C080010C02800C080200000000000000,,,,,,,,,12,12,,,2,1,,,,,,,,,,,8
2022-12-13T04:28:05+00:00,6864223,OE6EUR15,16,C080010C02800C080200000000000000,,,,,,,,,12,12,,,2,1,,,,,,,,,,,8
2022-12-13T04:28:06+00:00,6872083,Mogielnica - UHF,16,C080010C02800C080200000000000000,,,,,,,,,12,12,,,2,1,,,,,,,,,,,8
2022-12-13T04:28:08+00:00,6872083,Mogielnica - UHF,16,C080010C02800C080200000000000000,,,,,,,,,12,12,,,2,1,,,,,,,,,,,8
2022-12-13T04:28:08+00:00,6863631,SP7THR-UHF,16,C080010C02800C080200000000000000,,,,,,,,,12,12,,,2,1,,,,,,,,,,,8
2022-12-13T04:28:08+00:00,6864215,OE6ISP_High_Gain_LimeSDR,16,C080010C02800C080200000000000000,,,,,,,,,12,12,,,2,1,,,,,,,,,,,8
2022-12-13T04:28:08+00:00,6864223,OE6EUR15,16,C080010C02800C080200000000000000,,,,,,,,,12,12,,,2,1,,,,,,,,,,,8
2022-12-13T04:28:17+00:00,6864215,OE6ISP_High_Gain_LimeSDR,16,C080010C02800C080200000000000000,,,,,,,,,12,12,,,2,1,,,,,,,,,,,8
2022-12-13T04:28:18+00:00,6864223,OE6EUR15,16,C080010C02800C080200000000000000,,,,,,,,,12,12,,,2,1,,,,,,,,,,,8
2022-12-13T04:28:19+00:00,6872083,Mogielnica - UHF,16,C080010C02800C080200000000000000,,,,,,,,,12,12,,,2,1,,,,,,,,,,,8
2022-12-13T04:28:20+00:00,6872083,Mogielnica - UHF,16,C080010C02800C080200000000000000,,,,,,,,,12,12,,,2,1,,,,,,,,,,,8
2022-12-13T04:28:20+00:00,6870175,M0KSF,16,C080010C02800C080200000000000000,,,,,,,,,12,12,,,2,1,,,,,,,,,,,8
2022-12-13T04:28:20+00:00,6863631,SP7THR-UHF,16,C080010C02800C080200000000000000,,,,,,,,,12,12,,,2,1,,,,,,,,,,,8
2022-12-13T04:28:20+00:00,6864215,OE6ISP_High_Gain_LimeSDR,16,C080010C02800C080200000000000000,,,,,,,,,12,12,,,2,1,,,,,,,,,,,8
2022-12-13T04:28:20+00:00,6864223,OE6EUR15,16,C080010C02800C080200000000000000,,,,,,,,,12,12,,,2,1,,,,,,,,,,,8
2022-12-13T04:28:30+00:00,6864215,OE6ISP_High_Gain_LimeSDR,16,C080010C02800C080200000000000000,,,,,,,,,12,12,,,2,1,,,,,,,,,,,8
2022-12-13T04:28:30+00:00,6864223,OE6EUR15,16,C080010C02800C080200000000000000,,,,,,,,,12,12,,,2,1,,,,,,,,,,,8
2022-12-13T04:28:32+00:00,6872083,Mogielnica - UHF,16,C080010C02800C080200000000000000,,,,,,,,,12,12,,,2,1,,,,,,,,,,,8
2022-12-13T04:28:33+00:00,6872083,Mogielnica - UHF,16,C080010C02800C080200000000000000,,,,,,,,,12,12,,,2,1,,,,,,,,,,,8
2022-12-13T04:28:33+00:00,6870175,M0KSF,16,C080010C02800C080200000000000000,,,,,,,,,12,12,,,2,1,,,,,,,,,,,8
2022-12-13T04:28:33+00:00,6863631,SP7THR-UHF,16,C080010C02800C080200000000000000,,,,,,,,,12,12,,,2,1,,,,,,,,,,,8
2022-12-13T04:28:33+00:00,6864215,OE6ISP_High_Gain_LimeSDR,16,C080010C02800C080200000000000000,,,,,,,,,12,12,,,2,1,,,,,,,,,,,8
2022-12-13T04:28:33+00:00,6864223,OE6EUR15,16,C080010C02800C080200000000000000,,,,,,,,,12,12,,,2,1,,,,,,,,,,,8
2022-12-13T04:28:43+00:00,6864215,OE6ISP_High_Gain_LimeSDR,16,C080010C02800C080200000000000000,,,,,,,,,12,12,,,2,1,,,,,,,,,,,8
2022-12-13T04:28:43+00:00,6864223,OE6EUR15,16,C080010C02800C080200000000000000,,,,,,,,,12,12,,,2,1,,,,,,,,,,,8
2022-12-13T04:28:44+00:00,6872083,Mogielnica - UHF,16,C080010C02800C080200000000000000,,,,,,,,,12,12,,,2,1,,,,,,,,,,,8
2022-12-13T04:28:46+00:00,6872083,Mogielnica - UHF,16,C080010C02800C080200000000000000,,,,,,,,,12,12,,,2,1,,,,,,,,,,,8
2022-12-13T04:28:46+00:00,6863631,SP7THR-UHF,16,C080010C02800C080200000000000000,,,,,,,,,12,12,,,2,1,,,,,,,,,,,8
2022-12-13T04:28:46+00:00,6864215,OE6ISP_High_Gain_LimeSDR,16,C080010C02800C080200000000000000,,,,,,,,,12,12,,,2,1,,,,,,,,,,,8
2022-12-13T04:28:46+00:00,6864223,OE6EUR15,16,C080010C02800C080200000000000000,,,,,,,,,12,12,,,2,1,,,,,,,,,,,8
2022-12-13T04:28:56+00:00,6864215,OE6ISP_High_Gain_LimeSDR,16,C080010C02800C0802000000E8030000,,,,,,,,,12,12,,,2,1,,,,,,,,,,,8
2022-12-13T04:28:56+00:00,6864223,OE6EUR15,16,C080010C02800C0802000000E8030000,,,,,,,,,12,12,,,2,1,,,,,,,,,,,8
2022-12-13T04:28:57+00:00,6872083,Mogielnica - UHF,16,C080010C02800C0802000000E8030000,,,,,,,,,12,12,,,2,1,,,,,,,,,,,8
2022-12-13T04:28:59+00:00,6872083,Mogielnica - UHF,16,C080010C02800C0802000000E8030000,,,,,,,,,12,12,,,2,1,,,,,,,,,,,8
2022-12-13T04:28:59+00:00,6870175,M0KSF,16,C080010C02800C0802000000E8030000,,,,,,,,,12,12,,,2,1,,,,,,,,,,,8
2022-12-13T04:28:59+00:00,6863631,SP7THR-UHF,16,C080010C02800C0802000000E8030000,,,,,,,,,12,12,,,2,1,,,,,,,,,,,8
2022-12-13T04:28:59+00:00,6864215,OE6ISP_High_Gain_LimeSDR,16,C080010C02800C0802000000E8030000,,,,,,,,,12,12,,,2,1,,,,,,,,,,,8
2022-12-13T04:28:59+00:00,6864223,OE6EUR15,16,C080010C02800C0802000000E8030000,,,,,,,,,12,12,,,2,1,,,,,,,,,,,8
2022-12-13T04:29:08+00:00,6864215,OE6ISP_High_Gain_LimeSDR,16,C080010C02800C0802000000E8030000,,,,,,,,,12,12,,,2,1,,,,,,,,,,,8
2022-12-13T04:29:09+00:00,6864223,OE6EUR15,16,C080010C02800C0802000000E8030000,,,,,,,,,12,12,,,2,1,,,,,,,,,,,8
2022-12-13T04:29:10+00:00,6872083,Mogielnica - UHF,16,C080010C02800C0802000000E8030000,,,,,,,,,12,12,,,2,1,,,,,,,,,,,8
2022-12-13T04:29:12+00:00,6872083,Mogielnica - UHF,16,C080010C02800C0802000000E8030000,,,,,,,,,12,12,,,2,1,,,,,,,,,,,8
2022-12-13T04:29:12+00:00,6870175,M0KSF,16,C080010C02800C0802000000E8030000,,,,,,,,,12,12,,,2,1,,,,,,,,,,,8
2022-12-13T04:29:12+00:00,6863631,SP7THR-UHF,16,C080010C02800C0802000000E8030000,,,,,,,,,12,12,,,2,1,,,,,,,,,,,8
2022-12-13T04:29:12+00:00,6864215,OE6ISP_High_Gain_LimeSDR,16,C080010C02800C0802000000E8030000,,,,,,,,,12,12,,,2,1,,,,,,,,,,,8
2022-12-13T04:29:12+00:00,6864223,OE6EUR15,16,C080010C02800C0802000000E8030000,,,,,,,,,12,12,,,2,1,,,,,,,,,,,8
2022-12-13T04:29:22+00:00,6864215,OE6ISP_High_Gain_LimeSDR,16,C080010C02800C080200000000000000,,,,,,,,,12,12,,,2,1,,,,,,,,,,,8
2022-12-13T04:29:22+00:00,6864223,OE6EUR15,16,C080010C02800C080200000000000000,,,,,,,,,12,12,,,2,1,,,,,,,,,,,8
2022-12-13T04:29:23+00:00,6872113,SA2KNG S-Band,16,C080010C02800C080200000000000000,,,,,,,,,12,12,,,2,1,,,,,,,,,,,8
2022-12-13T04:29:23+00:00,6872083,Mogielnica - UHF,16,C080010C02800C080200000000000000,,,,,,,,,12,12,,,2,1,,,,,,,,,,,8
2022-12-13T04:29:25+00:00,6872113,SA2KNG S-Band,16,C080010C02800C080200000000000000,,,,,,,,,12,12,,,2,1,,,,,,,,,,,8
2022-12-13T04:29:25+00:00,6872083,Mogielnica - UHF,16,C080010C02800C080200000000000000,,,,,,,,,12,12,,,2,1,,,,,,,,,,,8
2022-12-13T04:29:25+00:00,6870175,M0KSF,16,C080010C02800C080200000000000000,,,,,,,,,12,12,,,2,1,,,,,,,,,,,8
2022-12-13T04:29:25+00:00,6864215,OE6ISP_High_Gain_LimeSDR,16,C080010C02800C080200000000000000,,,,,,,,,12,12,,,2,1,,,,,,,,,,,8
2022-12-13T04:29:25+00:00,6864223,OE6EUR15,16,C080010C02800C080200000000000000,,,,,,,,,12,12,,,2,1,,,,,,,,,,,8
2022-12-13T04:29:34+00:00,6864215,OE6ISP_High_Gain_LimeSDR,16,C080010C02800C0802000000D0070000,,,,,,,,,12,12,,,2,1,,,,,,,,,,,8
2022-12-13T04:29:35+00:00,6864223,OE6EUR15,16,C080010C02800C0802000000D0070000,,,,,,,,,12,12,,,2,1,,,,,,,,,,,8
2022-12-13T04:29:36+00:00,6872113,SA2KNG S-Band,16,C080010C02800C0802000000D0070000,,,,,,,,,12,12,,,2,1,,,,,,,,,,,8
2022-12-13T04:29:48+00:00,6864215,OE6ISP_High_Gain_LimeSDR,16,C080010C02800C080200000000000000,,,,,,,,,12,12,,,2,1,,,,,,,,,,,8
2022-12-13T04:29:48+00:00,6864223,OE6EUR15,16,C080010C02800C080200000000000000,,,,,,,,,12,12,,,2,1,,,,,,,,,,,8
2022-12-13T04:29:51+00:00,6872083,Mogielnica - UHF,16,C080010C02800C080200000000000000,,,,,,,,,12,12,,,2,1,,,,,,,,,,,8
2022-12-13T04:29:51+00:00,6870175,M0KSF,16,C080010C02800C080200000000000000,,,,,,,,,12,12,,,2,1,,,,,,,,,,,8
2022-12-13T04:29:51+00:00,6863631,SP7THR-UHF,16,C080010C02800C080200000000000000,,,,,,,,,12,12,,,2,1,,,,,,,,,,,8
2022-12-13T04:29:51+00:00,6864215,OE6ISP_High_Gain_LimeSDR,16,C080010C02800C080200000000000000,,,,,,,,,12,12,,,2,1,,,,,,,,,,,8
2022-12-13T04:29:51+00:00,6864223,OE6EUR15,16,C080010C02800C080200000000000000,,,,,,,,,12,12,,,2,1,,,,,,,,,,,8
2022-12-13T04:30:03+00:00,6872113,SA2KNG S-Band,16,C080010C02800C080200000000000000,,,,,,,,,12,12,,,2,1,,,,,,,,,,,8
2022-12-13T04:30:04+00:00,6872113,SA2KNG S-Band,16,C080010C02800C080200000000000000,,,,,,,,,12,12,,,2,1,,,,,,,,,,,8
2022-12-13T04:30:04+00:00,6870175,M0KSF,16,C080010C02800C080200000000000000,,,,,,,,,12,12,,,2,1,,,,,,,,,,,8
2022-12-13T04:30:04+00:00,6864223,OE6EUR15,16,C080010C02800C080200000000000000,,,,,,,,,12,12,,,2,1,,,,,,,,,,,8
2022-12-13T04:30:28+00:00,6864223,OE6EUR15,16,C080010C02800C0802000000D0070000,,,,,,,,,12,12,,,2,1,,,,,,,,,,,8
2022-12-13T04:30:30+00:00,6872113,SA2KNG S-Band,16,C080010C02800C0802000000D0070000,,,,,,,,,12,12,,,2,1,,,,,,,,,,,8
2022-12-13T04:30:42+00:00,6864215,OE6ISP_High_Gain_LimeSDR,16,C080010C02800C080200000000000000,,,,,,,,,12,12,,,2,1,,,,,,,,,,,8
2022-12-13T04:30:42+00:00,6864223,OE6EUR15,16,C080010C02800C080200000000000000,,,,,,,,,12,12,,,2,1,,,,,,,,,,,8
2022-12-13T04:30:43+00:00,6872113,SA2KNG S-Band,16,C080010C02800C080200000000000000,,,,,,,,,12,12,,,2,1,,,,,,,,,,,8
2022-12-13T04:30:45+00:00,6872113,SA2KNG S-Band,16,C080010C02800C080200000000000000,,,,,,,,,12,12,,,2,1,,,,,,,,,,,8
2022-12-13T04:30:45+00:00,6870175,M0KSF,16,C080010C02800C080200000000000000,,,,,,,,,12,12,,,2,1,,,,,,,,,,,8
2022-12-13T04:30:45+00:00,6863631,SP7THR-UHF,16,C080010C02800C080200000000000000,,,,,,,,,12,12,,,2,1,,,,,,,,,,,8
2022-12-13T04:30:45+00:00,6864215,OE6ISP_High_Gain_LimeSDR,16,C080010C02800C080200000000000000,,,,,,,,,12,12,,,2,1,,,,,,,,,,,8
2022-12-13T04:30:45+00:00,6864223,OE6EUR15,16,C080010C02800C080200000000000000,,,,,,,,,12,12,,,2,1,,,,,,,,,,,8
2022-12-13T04:30:56+00:00,6872113,SA2KNG S-Band,16,C080010C02800C0802000000D0070000,,,,,,,,,12,12,,,2,1,,,,,,,,,,,8
2022-12-13T04:30:58+00:00,6872113,SA2KNG S-Band,16,C080010C02800C0802000000D0070000,,,,,,,,,12,12,,,2,1,,,,,,,,,,,8
2022-12-13T04:30:58+00:00,6870175,M0KSF,16,C080010C02800C0802000000D0070000,,,,,,,,,12,12,,,2,1,,,,,,,,,,,8
2022-12-13T04:30:58+00:00,6864215,OE6ISP_High_Gain_LimeSDR,16,C080010C02800C0802000000D0070000,,,,,,,,,12,12,,,2,1,,,,,,,,,,,8
2022-12-13T04:30:58+00:00,6864223,OE6EUR15,16,C080010C02800C0802000000D0070000,,,,,,,,,12,12,,,2,1,,,,,,,,,,,8
2022-12-13T04:31:09+00:00,6864215,OE6ISP_High_Gain_LimeSDR,16,C080010C02800C080200000000000000,,,,,,,,,12,12,,,2,1,,,,,,,,,,,8
2022-12-13T04:31:09+00:00,6864223,OE6EUR15,16,C080010C02800C080200000000000000,,,,,,,,,12,12,,,2,1,,,,,,,,,,,8
2022-12-13T04:31:10+00:00,6872113,SA2KNG S-Band,16,C080010C02800C080200000000000000,,,,,,,,,12,12,,,2,1,,,,,,,,,,,8
2022-12-13T04:31:12+00:00,6872113,SA2KNG S-Band,16,C080010C02800C080200000000000000,,,,,,,,,12,12,,,2,1,,,,,,,,,,,8
2022-12-13T04:31:12+00:00,6870175,M0KSF,16,C080010C02800C080200000000000000,,,,,,,,,12,12,,,2,1,,,,,,,,,,,8
2022-12-13T04:31:23+00:00,6872113,SA2KNG S-Band,16,C080010C02800C0802000000D0070000,,,,,,,,,12,12,,,2,1,,,,,,,,,,,8
2022-12-13T04:31:25+00:00,6872113,SA2KNG S-Band,16,C080010C02800C0802000000D0070000,,,,,,,,,12,12,,,2,1,,,,,,,,,,,8
2022-12-13T04:31:25+00:00,6870175,M0KSF,16,C080010C02800C0802000000D0070000,,,,,,,,,12,12,,,2,1,,,,,,,,,,,8
2022-12-13T04:31:35+00:00,6864223,OE6EUR15,16,C080010C02800C0802000000D0070000,,,,,,,,,12,12,,,2,1,,,,,,,,,,,8
2022-12-13T04:31:37+00:00,6872113,SA2KNG S-Band,16,C080010C02800C0802000000D0070000,,,,,,,,,12,12,,,2,1,,,,,,,,,,,8
2022-12-13T04:31:38+00:00,6872113,SA2KNG S-Band,16,C080010C02800C0802000000D0070000,,,,,,,,,12,12,,,2,1,,,,,,,,,,,8
2022-12-13T04:31:38+00:00,6870175,M0KSF,16,C080010C02800C0802000000D0070000,,,,,,,,,12,12,,,2,1,,,,,,,,,,,8
2022-12-13T04:31:38+00:00,6864223,OE6EUR15,16,C080010C02800C0802000000D0070000,,,,,,,,,12,12,,,2,1,,,,,,,,,,,8
2022-12-13T04:31:42+00:00,6872108,SA2KNG Experimental,16,C080010C02800C080200000000000000,,,,,,,,,12,12,,,2,1,,,,,,,,,,,8
2022-12-13T04:31:48+00:00,6864215,OE6ISP_High_Gain_LimeSDR,16,C080010C02800C080200000000000000,,,,,,,,,12,12,,,2,1,,,,,,,,,,,8
2022-12-13T04:31:49+00:00,6864223,OE6EUR15,16,C080010C02800C080200000000000000,,,,,,,,,12,12,,,2,1,,,,,,,,,,,8
2022-12-13T04:31:50+00:00,6872113,SA2KNG S-Band,16,C080010C02800C080200000000000000,,,,,,,,,12,12,,,2,1,,,,,,,,,,,8
2022-12-13T04:31:52+00:00,6872108,SA2KNG Experimental,16,C080010C02800C080200000000000000,,,,,,,,,12,12,,,2,1,,,,,,,,,,,8
2022-12-13T04:31:52+00:00,6872113,SA2KNG S-Band,16,C080010C02800C080200000000000000,,,,,,,,,12,12,,,2,1,,,,,,,,,,,8
2022-12-13T04:31:52+00:00,6870175,M0KSF,16,C080010C02800C080200000000000000,,,,,,,,,12,12,,,2,1,,,,,,,,,,,8
2022-12-13T04:31:52+00:00,6864215,OE6ISP_High_Gain_LimeSDR,16,C080010C02800C080200000000000000,,,,,,,,,12,12,,,2,1,,,,,,,,,,,8
2022-12-13T04:31:52+00:00,6864223,OE6EUR15,16,C080010C02800C080200000000000000,,,,,,,,,12,12,,,2,1,,,,,,,,,,,8
2022-12-13T04:32:03+00:00,6872113,SA2KNG S-Band,16,C080010C02800C0802000000D0070000,,,,,,,,,12,12,,,2,1,,,,,,,,,,,8
2022-12-13T04:32:05+00:00,6872113,SA2KNG S-Band,16,C080010C02800C0802000000D0070000,,,,,,,,,12,12,,,2,1,,,,,,,,,,,8
2022-12-13T04:32:05+00:00,6870175,M0KSF,16,C080010C02800C0802000000D0070000,,,,,,,,,12,12,,,2,1,,,,,,,,,,,8
2022-12-13T04:32:05+00:00,6864215,OE6ISP_High_Gain_LimeSDR,16,C080010C02800C0802000000D0070000,,,,,,,,,12,12,,,2,1,,,,,,,,,,,8
2022-12-13T04:32:05+00:00,6864223,OE6EUR15,16,C080010C02800C0802000000D0070000,,,,,,,,,12,12,,,2,1,,,,,,,,,,,8
2022-12-13T04:32:17+00:00,6872113,SA2KNG S-Band,16,C080010C02800C0802000000D0070000,,,,,,,,,12,12,,,2,1,,,,,,,,,,,8
2022-12-13T04:32:18+00:00,6872113,SA2KNG S-Band,16,C080010C02800C0802000000D0070000,,,,,,,,,12,12,,,2,1,,,,,,,,,,,8
2022-12-13T04:32:18+00:00,6870175,M0KSF,16,C080010C02800C0802000000D0070000,,,,,,,,,12,12,,,2,1,,,,,,,,,,,8
2022-12-13T04:32:30+00:00,6872113,SA2KNG S-Band,16,C080010C02800C080200000000000000,,,,,,,,,12,12,,,2,1,,,,,,,,,,,8
2022-12-13T04:32:31+00:00,6872113,SA2KNG S-Band,16,C080010C02800C080200000000000000,,,,,,,,,12,12,,,2,1,,,,,,,,,,,8
2022-12-13T04:32:31+00:00,6870175,M0KSF,16,C080010C02800C080200000000000000,,,,,,,,,12,12,,,2,1,,,,,,,,,,,8
2022-12-13T04:32:43+00:00,6872113,SA2KNG S-Band,16,C080010C02800C080200000000000000,,,,,,,,,12,12,,,2,1,,,,,,,,,,,8
2022-12-13T04:32:44+00:00,6872108,SA2KNG Experimental,16,C080010C02800C080200000000000000,,,,,,,,,12,12,,,2,1,,,,,,,,,,,8
2022-12-13T04:32:44+00:00,6872113,SA2KNG S-Band,16,C080010C02800C080200000000000000,,,,,,,,,12,12,,,2,1,,,,,,,,,,,8
2022-12-13T04:32:44+00:00,6870175,M0KSF,16,C080010C02800C080200000000000000,,,,,,,,,12,12,,,2,1,,,,,,,,,,,8
2022-12-13T04:33:10+00:00,6870175,M0KSF,16,C080010C02800C080200000000000000,,,,,,,,,12,12,,,2,1,,,,,,,,,,,8
2022-12-13T04:33:20+00:00,6872113,SA2KNG S-Band,16,C080010C02800C080200000000000000,,,,,,,,,12,12,,,2,1,,,,,,,,,,,8
2022-12-13T04:33:22+00:00,6872113,SA2KNG S-Band,16,C080010C02800C080200000000000000,,,,,,,,,12,12,,,2,1,,,,,,,,,,,8
2022-12-13T04:33:22+00:00,6870175,M0KSF,16,C080010C02800C080200000000000000,,,,,,,,,12,12,,,2,1,,,,,,,,,,,8
2022-12-13T04:33:33+00:00,6872113,SA2KNG S-Band,16,C080010C02800C0802000000D0070000,,,,,,,,,12,12,,,2,1,,,,,,,,,,,8
2022-12-13T04:33:34+00:00,6872113,SA2KNG S-Band,16,C080010C02800C0802000000D0070000,,,,,,,,,12,12,,,2,1,,,,,,,,,,,8
2022-12-13T07:47:05+00:00,6870180,M0KSF,16,C080010C02800C080200000000000000,,,,,,,,,12,12,,,2,1,,,,,,,,,,,8
2022-12-13T07:47:22+00:00,6870180,M0KSF,16,C080010C02800C080200000000000000,,,,,,,,,12,12,,,2,1,,,,,,,,,,,8
2022-12-13T07:47:39+00:00,6870180,M0KSF,16,C080010C02800C0802000000D0070000,,,,,,,,,12,12,,,2,1,,,,,,,,,,,8
2022-12-13T07:47:51+00:00,6870180,M0KSF,16,C0800A0C028903083B01030028EFFDFF,,,,,,,,,3,12,8,,2,10,,,,,,,,,,,
2022-12-13T07:47:52+00:00,6870180,M0KSF,16,C0800B0C02890508A0A4FCFF06000000,,,,,,,,,5,12,,8,2,11,,,,,,,,,,,
2022-12-13T07:47:57+00:00,6870180,M0KSF,16,C080160C02800C080C00000050040B00,,,,,,,,,12,12,,,2,22,,,,,,,,,,,8
2022-12-13T07:48:13+00:00,6870180,M0KSF,16,C0801F0C02890308753BFCFF6F9DFEFF,,,,,,,,,3,12,8,,2,31,,,,,,,,,,,
2022-12-13T07:48:14+00:00,6870180,M0KSF,16,C080200C02890508C2F5FCFF11000000,,,,,,,,,5,12,,8,2,32,,,,,,,,,,,
2022-12-13T07:48:19+00:00,6870180,M0KSF,16,C0802B0C02800C081700000088F50400,,,,,,,,,12,12,,,2,43,,,,,,,,,,,8
2022-12-13T07:48:32+00:00,6870180,M0KSF,16,C080340C0289030851370300A2A7FCFF,,,,,,,,,3,12,8,,2,52,,,,,,,,,,,
2022-12-13T07:51:56+00:00,6870180,M0KSF,16,C0805E0C02890308CCD40600E243FDFF,,,,,,,,,3,12,8,,2,94,,,,,,,,,,,
2022-12-13T07:52:21+00:00,6870180,M0KSF,16,C080730C02890308C7E601006A91FEFF,,,,,,,,,3,12,8,,2,115,,,,,,,,,,,
2022-12-13T07:52:25+00:00,6870180,M0KSF,16,C080740C02890508D3AEFAFF97000000,,,,,,,,,5,12,,8,2,116,,,,,,,,,,,
2022-12-13T07:52:37+00:00,6870180,M0KSF,16,C0807F0C02800C089C000000F0010E00,,,,,,,,,12,12,,,2,127,,,,,,,,,,,8
2022-12-13T07:52:49+00:00,6870180,M0KSF,16,C080880C028903082EE302008EE8FEFF,,,,,,,,,3,12,8,,2,136,,,,,,,,,,,
2022-12-13T07:52:50+00:00,6870180,M0KSF,16,C080890C028905087D4DFCFFA1000000,,,,,,,,,5,12,,8,2,137,,,,,,,,,,,
2022-12-13T07:52:58+00:00,6870180,M0KSF,16,C080940C02800C08A7000000D8B20600,,,,,,,,,12,12,,,2,148,,,,,,,,,,,8
2022-12-13T07:53:26+00:00,6870180,M0KSF,16,C080010C02800C080200000000000000,,,,,,,,,12,12,,,2,1,,,,,,,,,,,8
2022-12-13T09:57:34+00:00,6873084,JH4XSY-pi,16,C080010C02800C080200000000000000,,,,,,,,,12,12,,,2,1,,,,,,,,,,,8
2022-12-13T09:57:47+00:00,6873084,JH4XSY-pi,16,C080010C02800C0802000000E8030000,,,,,,,,,12,12,,,2,1,,,,,,,,,,,8
2022-12-13T11:05:31+00:00,6873242,MAUSyagi,16,C080010C02800C080200000000000000,,,,,,,,,12,12,,,2,1,,,,,,,,,,,8
2022-12-13T16:36:33+00:00,6872847,OE6EUR15,10,C0800206022C03020000,,,,,,,2,,3,6,,,2,2,,,,,,,,,,,
2022-12-13T16:36:47+00:00,6872838,OE6ISP_High_Gain_LimeSDR,10,C0800206022C03020000,,,,,,,2,,3,6,,,2,2,,,,,,,,,,,
2022-12-13T16:37:03+00:00,6872838,OE6ISP_High_Gain_LimeSDR,10,C0800306022C08020000,,,,,,,,2,8,6,,,2,3,,,,,,,,,,,
2022-12-13T16:37:03+00:00,6872847,OE6EUR15,10,C0800306022C08020000,,,,,,,,2,8,6,,,2,3,,,,,,,,,,,
2022-12-13T16:37:05+00:00,6872838,OE6ISP_High_Gain_LimeSDR,10,C0800406022D0D020000,,2,,,,,,,13,6,,,2,4,,,,,,,,,,,
2022-12-13T16:37:05+00:00,6872847,OE6EUR15,10,C0800406022D0D020000,,2,,,,,,,13,6,,,2,4,,,,,,,,,,,
2022-12-13T16:37:19+00:00,6872838,OE6ISP_High_Gain_LimeSDR,10,C0800206022C03020000,,,,,,,2,,3,6,,,2,2,,,,,,,,,,,
2022-12-13T16:37:20+00:00,6872838,OE6ISP_High_Gain_LimeSDR,10,C0800306022C08020000,,,,,,,,2,8,6,,,2,3,,,,,,,,,,,
2022-12-13T16:37:21+00:00,6872847,OE6EUR15,10,C0800306022C08020000,,,,,,,,2,8,6,,,2,3,,,,,,,,,,,
2022-12-13T16:37:22+00:00,6872847,OE6EUR15,10,C0800406022D0D020000,,2,,,,,,,13,6,,,2,4,,,,,,,,,,,
2022-12-13T16:37:23+00:00,6872847,OE6EUR15,10,C0800506022D07020000,,,,,,2,,,7,6,,,2,5,,,,,,,,,,,
2022-12-13T18:16:59+00:00,6870198,M0KSF,16,C080010C02800C080200000000000000,,,,,,,,,12,12,,,2,1,,,,,,,,,,,8
2022-12-13T18:17:12+00:00,6872839,OE6ISP_High_Gain_LimeSDR,10,C0800206022C03020000,,,,,,,2,,3,6,,,2,2,,,,,,,,,,,
2022-12-13T18:17:12+00:00,6872848,OE6EUR15,10,C0800206022C03020000,,,,,,,2,,3,6,,,2,2,,,,,,,,,,,
2022-12-13T18:17:14+00:00,6870198,M0KSF,16,C080010C02800C080200000000000000,,,,,,,,,12,12,,,2,1,,,,,,,,,,,8
2022-12-13T18:17:15+00:00,6872848,OE6EUR15,10,C0800406022D0D020000,,2,,,,,,,13,6,,,2,4,,,,,,,,,,,
2022-12-13T18:17:31+00:00,6870198,M0KSF,16,C080010C02800C080200000000000000,,,,,,,,,12,12,,,2,1,,,,,,,,,,,8
2022-12-13T18:17:43+00:00,6872839,OE6ISP_High_Gain_LimeSDR,13,C0800F0902669005000059005B,,,,,,,,,144,9,,,2,15,,,,5,,,,,,,
2022-12-13T18:17:44+00:00,6872848,OE6EUR15,13,C080110902669A050000580058,,,,,,,,,154,9,,,2,17,,,,,,5,,,,,
2022-12-13T21:07:40+00:00,6875850,JH4XSY-pi,16,C080010C02800C080200000000000000,,,,,,,,,12,12,,,2,1,,,,,,,,,,,8
2022-12-13T23:18:03+00:00,6875951,MAUSyagi,10,C0800206022C03020000,,,,,,,2,,3,6,,,2,2,,,,,,,,,,,
2022-12-13T23:18:04+00:00,6875940,MAUSyagi,16,C080010C02800C080200000000000000,,,,,,,,,12,12,,,2,1,,,,,,,,,,,8
2022-12-13T23:18:06+00:00,6875940,MAUSyagi,16,C080010C02800C080200000000000000,,,,,,,,,12,12,,,2,1,,,,,,,,,,,8
2022-12-13T23:18:06+00:00,6875940,MAUSyagi,10,C0800206022C03020000,,,,,,,2,,3,6,,,2,2,,,,,,,,,,,
2022-12-13T23:18:16+00:00,6875951,MAUSyagi,16,C080010C02800C080200000000000000,,,,,,,,,12,12,,,2,1,,,,,,,,,,,8
2022-12-13T23:18:18+00:00,6875951,MAUSyagi,10,C0800206022C03020000,,,,,,,2,,3,6,,,2,2,,,,,,,,,,,
2022-12-13T23:18:19+00:00,6875940,MAUSyagi,16,C080010C02800C080200000000000000,,,,,,,,,12,12,,,2,1,,,,,,,,,,,8
2022-12-13T23:18:19+00:00,6875951,MAUSyagi,10,C0800306022C08020000,,,,,,,,2,8,6,,,2,3,,,,,,,,,,,
2022-12-13T23:18:21+00:00,6875940,MAUSyagi,10,C0800206022C03020000,,,,,,,2,,3,6,,,2,2,,,,,,,,,,,
2022-12-13T23:18:21+00:00,6875951,MAUSyagi,10,C0800406022D0D020000,,2,,,,,,,13,6,,,2,4,,,,,,,,,,,
2022-12-13T23:18:22+00:00,6875940,MAUSyagi,10,C0800306022C08020000,,,,,,,,2,8,6,,,2,3,,,,,,,,,,,
2022-12-13T23:18:22+00:00,6875951,MAUSyagi,10,C0800506022D07020000,,,,,,2,,,7,6,,,2,5,,,,,,,,,,,
2022-12-13T23:18:24+00:00,6875940,MAUSyagi,10,C0800406022D0D020000,,2,,,,,,,13,6,,,2,4,,,,,,,,,,,
2022-12-13T23:18:25+00:00,6875940,MAUSyagi,10,C0800506022D07020000,,,,,,2,,,7,6,,,2,5,,,,,,,,,,,
2022-12-13T23:18:36+00:00,6875951,MAUSyagi,16,C080010C02800C080200000000000000,,,,,,,,,12,12,,,2,1,,,,,,,,,,,8
2022-12-13T23:18:37+00:00,6875951,MAUSyagi,10,C0800206022C03020000,,,,,,,2,,3,6,,,2,2,,,,,,,,,,,
2022-12-13T23:18:39+00:00,6875940,MAUSyagi,16,C080010C02800C080200000000000000,,,,,,,,,12,12,,,2,1,,,,,,,,,,,8
2022-12-13T23:18:39+00:00,6875951,MAUSyagi,10,C0800306022C08020000,,,,,,,,2,8,6,,,2,3,,,,,,,,,,,
2022-12-13T23:18:40+00:00,6875940,MAUSyagi,10,C0800206022C03020000,,,,,,,2,,3,6,,,2,2,,,,,,,,,,,
2022-12-13T23:18:40+00:00,6875951,MAUSyagi,10,C0800406022D0D020000,,2,,,,,,,13,6,,,2,4,,,,,,,,,,,
2022-12-13T23:18:42+00:00,6875940,MAUSyagi,10,C0800306022C08020000,,,,,,,,2,8,6,,,2,3,,,,,,,,,,,
2022-12-13T23:18:42+00:00,6875951,MAUSyagi,10,C0800506022D07020000,,,,,,2,,,7,6,,,2,5,,,,,,,,,,,
2022-12-13T23:18:43+00:00,6875940,MAUSyagi,10,C0800406022D0D020000,,2,,,,,,,13,6,,,2,4,,,,,,,,,,,
2022-12-13T23:18:43+00:00,6875951,MAUSyagi,10,C0800606022D01020000,,,2,,,,,,1,6,,,2,6,,,,,,,,,,,
2022-12-13T23:18:45+00:00,6875940,MAUSyagi,10,C0800506022D07020000,,,,,,2,,,7,6,,,2,5,,,,,,,,,,,
2022-12-13T23:18:45+00:00,6875951,MAUSyagi,10,C0800706022D04020000,,,,,2,,,,4,6,,,2,7,,,,,,,,,,,
2022-12-13T23:18:46+00:00,6875940,MAUSyagi,10,C0800606022D01020000,,,2,,,,,,1,6,,,2,6,,,,,,,,,,,
2022-12-13T23:18:46+00:00,6875951,MAUSyagi,10,C0800806022D0A020000,2,,,,,,,,10,6,,,2,8,,,,,,,,,,,
2022-12-13T23:18:48+00:00,6875940,MAUSyagi,10,C0800706022D04020000,,,,,2,,,,4,6,,,2,7,,,,,,,,,,,
2022-12-13T23:18:48+00:00,6875951,MAUSyagi,16,C0800B0C028905081433000006000000,,,,,,,,,5,12,,8,2,11,,,,,,,,,,,
2022-12-13T23:18:48+00:00,6875951,MAUSyagi,10,C0800906022D1F020000,,,,2,,,,,31,6,,,2,9,,,,,,,,,,,
2022-12-13T23:18:48+00:00,6875951,MAUSyagi,16,C0800A0C028903087DA30300AFC8FCFF,,,,,,,,,3,12,8,,2,10,,,,,,,,,,,
2022-12-13T23:18:49+00:00,6875940,MAUSyagi,10,C0800806022D0A020000,2,,,,,,,,10,6,,,2,8,,,,,,,,,,,
2022-12-13T23:18:49+00:00,6875951,MAUSyagi,13,C0800C0902668105000059005A,,,,,,,,,129,9,,,2,12,5,,,,,,,,,,
2022-12-13T23:18:50+00:00,6875951,MAUSyagi,13,C0800D09026686050003BD0259,,,,,,,,,134,9,,,2,13,,5,,,,,,,,,
2022-12-13T23:18:50+00:00,6875951,MAUSyagi,13,C0800E0902668B0500005A005B,,,,,,,,,139,9,,,2,14,,,5,,,,,,,,
2022-12-13T23:18:51+00:00,6875940,MAUSyagi,10,C0800906022D1F020000,,,,2,,,,,31,6,,,2,9,,,,,,,,,,,
2022-12-13T23:18:51+00:00,6875940,MAUSyagi,16,C0800A0C028903087DA30300AFC8FCFF,,,,,,,,,3,12,8,,2,10,,,,,,,,,,,
2022-12-13T23:18:51+00:00,6875951,MAUSyagi,13,C08010090266950500005A0057,,,,,,,,,149,9,,,2,16,,,,,5,,,,,,
2022-12-13T23:18:51+00:00,6875951,MAUSyagi,13,C0800F090266900500005A005A,,,,,,,,,144,9,,,2,15,,,,5,,,,,,,
2022-12-13T23:18:52+00:00,6875940,MAUSyagi,16,C0800A0C028903087DA30300AFC8FCFF,,,,,,,,,3,12,8,,2,10,,,,,,,,,,,
2022-12-13T23:18:52+00:00,6875940,MAUSyagi,13,C0800C0902668105000059005A,,,,,,,,,129,9,,,2,12,5,,,,,,,,,,
2022-12-13T23:18:52+00:00,6875940,MAUSyagi,16,C0800B0C028905081433000006000000,,,,,,,,,5,12,,8,2,11,,,,,,,,,,,
2022-12-13T23:18:52+00:00,6875951,MAUSyagi,13,C080110902669A050000580058,,,,,,,,,154,9,,,2,17,,,,,,5,,,,,
2022-12-13T23:18:52+00:00,6875951,MAUSyagi,13,C080120902669F05000059005A,,,,,,,,,159,9,,,2,18,,,,,,,5,,,,
2022-12-13T23:18:53+00:00,6875940,MAUSyagi,13,C0800D09026686050003BD0259,,,,,,,,,134,9,,,2,13,,5,,,,,,,,,
2022-12-13T23:18:53+00:00,6875940,MAUSyagi,16,C0800B0C028905081433000006000000,,,,,,,,,5,12,,8,2,11,,,,,,,,,,,
2022-12-13T23:18:53+00:00,6875940,MAUSyagi,13,C0800E0902668B0500005A005B,,,,,,,,,139,9,,,2,14,,,5,,,,,,,,
2022-12-13T23:18:53+00:00,6875951,MAUSyagi,13,C08013090266A4050000580059,,,,,,,,,164,9,,,2,19,,,,,,,,5,,,
2022-12-13T23:18:53+00:00,6875951,MAUSyagi,13,C08014090266A9050000000000,,,,,,,,,169,9,,,2,20,,,,,,,,,5,,
2022-12-13T23:18:54+00:00,6875940,MAUSyagi,13,C0800F090266900500005A005A,,,,,,,,,144,9,,,2,15,,,,5,,,,,,,
2022-12-13T23:18:54+00:00,6875951,MAUSyagi,16,C080160C02800C080C00000010E50A00,,,,,,,,,12,12,,,2,22,,,,,,,,,,,8
2022-12-13T23:18:54+00:00,6875951,MAUSyagi,13,C08015090266AC050000000000,,,,,,,,,172,9,,,2,21,,,,,,,,,,5,
2022-12-13T23:18:54+00:00,6875940,MAUSyagi,13,C08010090266950500005A0057,,,,,,,,,149,9,,,2,16,,,,,5,,,,,,
2022-12-13T23:18:55+00:00,6875940,MAUSyagi,13,C080110902669A050000580058,,,,,,,,,154,9,,,2,17,,,,,,5,,,,,
2022-12-13T23:18:55+00:00,6875940,MAUSyagi,13,C080120902669F05000059005A,,,,,,,,,159,9,,,2,18,,,,,,,5,,,,
2022-12-13T23:18:56+00:00,6875940,MAUSyagi,13,C08013090266A4050000580059,,,,,,,,,164,9,,,2,19,,,,,,,,5,,,
2022-12-13T23:18:57+00:00,6875940,MAUSyagi,13,C08015090266AC050000000000,,,,,,,,,172,9,,,2,21,,,,,,,,,,5,
2022-12-13T23:18:57+00:00,6875940,MAUSyagi,13,C08014090266A9050000000000,,,,,,,,,169,9,,,2,20,,,,,,,,,5,,
2022-12-13T23:18:57+00:00,6875940,MAUSyagi,16,C080160C02800C080C00000010E50A00,,,,,,,,,12,12,,,2,22,,,,,,,,,,,8
2022-12-13T23:18:59+00:00,6875940,MAUSyagi,16,C080160C02800C080C00000010E50A00,,,,,,,,,12,12,,,2,22,,,,,,,,,,,8
2022-12-14T03:51:24+00:00,6872842,OE6ISP_High_Gain_LimeSDR,10,C0800306022C08020000,,,,,,,,2,8,6,,,2,3,,,,,,,,,,,
2022-12-14T03:51:31+00:00,6872851,OE6EUR15,10,C0800706022D04020000,,,,,2,,,,4,6,,,2,7,,,,,,,,,,,
2022-12-14T03:51:33+00:00,6872842,OE6ISP_High_Gain_LimeSDR,10,C0800906022D1F020000,,,,2,,,,,31,6,,,2,9,,,,,,,,,,,
2022-12-14T03:51:37+00:00,6872842,OE6ISP_High_Gain_LimeSDR,13,C08010090266950500005B0059,,,,,,,,,149,9,,,2,16,,,,,5,,,,,,
2022-12-14T03:51:39+00:00,6872842,OE6ISP_High_Gain_LimeSDR,13,C08014090266A9050000000000,,,,,,,,,169,9,,,2,20,,,,,,,,,5,,
2022-12-14T03:51:39+00:00,6872851,OE6EUR15,13,C08014090266A9050000000000,,,,,,,,,169,9,,,2,20,,,,,,,,,5,,
2022-12-14T03:51:40+00:00,6872851,OE6EUR15,16,C080160C02800C080C00000010E50A00,,,,,,,,,12,12,,,2,22,,,,,,,,,,,8
2022-12-14T03:51:40+00:00,6872851,OE6EUR15,13,C08015090266AC050000000000,,,,,,,,,172,9,,,2,21,,,,,,,,,,5,
2022-12-14T03:51:43+00:00,6872842,OE6ISP_High_Gain_LimeSDR,16,C080160C02800C080C00000010E50A00,,,,,,,,,12,12,,,2,22,,,,,,,,,,,8
2022-12-14T03:51:43+00:00,6872842,OE6ISP_High_Gain_LimeSDR,10,C0801806022C08020000,,,,,,,,2,8,6,,,2,24,,,,,,,,,,,
2022-12-14T03:51:43+00:00,6872851,OE6EUR15,16,C080160C02800C080C00000010E50A00,,,,,,,,,12,12,,,2,22,,,,,,,,,,,8
2022-12-14T03:51:43+00:00,6872851,OE6EUR15,10,C0801806022C08020000,,,,,,,,2,8,6,,,2,24,,,,,,,,,,,
2022-12-14T03:51:50+00:00,6872851,OE6EUR15,10,C0801B06022D01020000,,,2,,,,,,1,6,,,2,27,,,,,,,,,,,
2022-12-14T03:51:53+00:00,6872851,OE6EUR15,10,C0801C06022D04020000,,,,,2,,,,4,6,,,2,28,,,,,,,,,,,
2022-12-14T03:51:55+00:00,6872842,OE6ISP_High_Gain_LimeSDR,10,C0801E06022D1F020000,,,,2,,,,,31,6,,,2,30,,,,,,,,,,,
2022-12-14T03:51:55+00:00,6872851,OE6EUR15,10,C0801E06022D1F020000,,,,2,,,,,31,6,,,2,30,,,,,,,,,,,
2022-12-14T03:51:56+00:00,6872842,OE6ISP_High_Gain_LimeSDR,16,C080200C02890508ED5EFDFF11000000,,,,,,,,,5,12,,8,2,32,,,,,,,,,,,
2022-12-14T03:51:56+00:00,6872842,OE6ISP_High_Gain_LimeSDR,16,C0801F0C02890308C3BF06003FB7FBFF,,,,,,,,,3,12,8,,2,31,,,,,,,,,,,
2022-12-14T03:51:57+00:00,6872842,OE6ISP_High_Gain_LimeSDR,13,C0802209026686050003AA0250,,,,,,,,,134,9,,,2,34,,5,,,,,,,,,
2022-12-14T03:51:57+00:00,6872842,OE6ISP_High_Gain_LimeSDR,13,C08021090266810500005B005B,,,,,,,,,129,9,,,2,33,5,,,,,,,,,,
2022-12-14T03:51:57+00:00,6872851,OE6EUR15,13,C0802209026686050003AA0250,,,,,,,,,134,9,,,2,34,,5,,,,,,,,,
2022-12-14T03:51:57+00:00,6872851,OE6EUR15,13,C08021090266810500005B005B,,,,,,,,,129,9,,,2,33,5,,,,,,,,,,
2022-12-14T03:51:58+00:00,6872842,OE6ISP_High_Gain_LimeSDR,13,C08024090266900500005B005C,,,,,,,,,144,9,,,2,36,,,,5,,,,,,,
2022-12-14T03:51:58+00:00,6872842,OE6ISP_High_Gain_LimeSDR,13,C080230902668B0500005C005C,,,,,,,,,139,9,,,2,35,,,5,,,,,,,,
2022-12-14T03:51:58+00:00,6872851,OE6EUR15,13,C080230902668B0500005C005C,,,,,,,,,139,9,,,2,35,,,5,,,,,,,,
2022-12-14T03:51:59+00:00,6870878,SP7THR-UHF,16,C080200C02890508ED5EFDFF11000000,,,,,,,,,5,12,,8,2,32,,,,,,,,,,,
2022-12-14T03:51:59+00:00,6870878,SP7THR-UHF,16,C0801F0C02890308C3BF06003FB7FBFF,,,,,,,,,3,12,8,,2,31,,,,,,,,,,,
2022-12-14T03:51:59+00:00,6872842,OE6ISP_High_Gain_LimeSDR,16,C080200C02890508ED5EFDFF11000000,,,,,,,,,5,12,,8,2,32,,,,,,,,,,,
2022-12-14T03:51:59+00:00,6872842,OE6ISP_High_Gain_LimeSDR,16,C0801F0C02890308C3BF06003FB7FBFF,,,,,,,,,3,12,8,,2,31,,,,,,,,,,,
2022-12-14T03:51:59+00:00,6872842,OE6ISP_High_Gain_LimeSDR,13,C080260902669A0500005A005B,,,,,,,,,154,9,,,2,38,,,,,,5,,,,,
2022-12-14T03:51:59+00:00,6872842,OE6ISP_High_Gain_LimeSDR,13,C08025090266950500005B005A,,,,,,,,,149,9,,,2,37,,,,,5,,,,,,
2022-12-14T03:51:59+00:00,6872851,OE6EUR15,16,C080200C02890508ED5EFDFF11000000,,,,,,,,,5,12,,8,2,32,,,,,,,,,,,
2022-12-14T03:51:59+00:00,6872851,OE6EUR15,13,C080260902669A0500005A005B,,,,,,,,,154,9,,,2,38,,,,,,5,,,,,
2022-12-14T03:51:59+00:00,6872851,OE6EUR15,13,C08025090266950500005B005A,,,,,,,,,149,9,,,2,37,,,,,5,,,,,,
2022-12-14T03:51:59+00:00,6872851,OE6EUR15,13,C08024090266900500005B005C,,,,,,,,,144,9,,,2,36,,,,5,,,,,,,
2022-12-14T03:52:00+00:00,6872842,OE6ISP_High_Gain_LimeSDR,13,C08028090266A405000059005A,,,,,,,,,164,9,,,2,40,,,,,,,,5,,,
2022-12-14T03:52:00+00:00,6872842,OE6ISP_High_Gain_LimeSDR,13,C080270902669F0500005A005A,,,,,,,,,159,9,,,2,39,,,,,,,5,,,,
2022-12-14T03:52:00+00:00,6872851,OE6EUR15,13,C080270902669F0500005A005A,,,,,,,,,159,9,,,2,39,,,,,,,5,,,,
2022-12-14T03:52:01+00:00,6872842,OE6ISP_High_Gain_LimeSDR,13,C0802A090266AC050000000000,,,,,,,,,172,9,,,2,42,,,,,,,,,,5,
2022-12-14T03:52:01+00:00,6872851,OE6EUR15,13,C0802A090266AC050000000000,,,,,,,,,172,9,,,2,42,,,,,,,,,,5,
2022-12-14T03:52:01+00:00,6872851,OE6EUR15,13,C08029090266A9050000000000,,,,,,,,,169,9,,,2,41,,,,,,,,,5,,
2022-12-14T03:52:01+00:00,6872851,OE6EUR15,13,C08028090266A405000059005A,,,,,,,,,164,9,,,2,40,,,,,,,,5,,,
2022-12-14T03:52:02+00:00,6872842,OE6ISP_High_Gain_LimeSDR,16,C0802B0C02800C081700000088F50400,,,,,,,,,12,12,,,2,43,,,,,,,,,,,8
2022-12-14T03:52:02+00:00,6872851,OE6EUR15,16,C0802B0C02800C081700000088F50400,,,,,,,,,12,12,,,2,43,,,,,,,,,,,8
2022-12-14T03:52:03+00:00,6872842,OE6ISP_High_Gain_LimeSDR,10,C0802C06022C03020000,,,,,,,2,,3,6,,,2,44,,,,,,,,,,,
2022-12-14T03:52:03+00:00,6872851,OE6EUR15,10,C0802C06022C03020000,,,,,,,2,,3,6,,,2,44,,,,,,,,,,,
2022-12-14T03:52:05+00:00,6870878,SP7THR-UHF,16,C0802B0C02800C081700000088F50400,,,,,,,,,12,12,,,2,43,,,,,,,,,,,8
2022-12-14T03:52:05+00:00,6872842,OE6ISP_High_Gain_LimeSDR,16,C0802B0C02800C081700000088F50400,,,,,,,,,12,12,,,2,43,,,,,,,,,,,8
2022-12-14T03:52:05+00:00,6872842,OE6ISP_High_Gain_LimeSDR,10,C0802D06022C08020000,,,,,,,,2,8,6,,,2,45,,,,,,,,,,,
2022-12-14T03:52:05+00:00,6872851,OE6EUR15,16,C0802B0C02800C081700000088F50400,,,,,,,,,12,12,,,2,43,,,,,,,,,,,8
2022-12-14T03:52:05+00:00,6872851,OE6EUR15,10,C0802D06022C08020000,,,,,,,,2,8,6,,,2,45,,,,,,,,,,,
2022-12-14T03:52:06+00:00,6872842,OE6ISP_High_Gain_LimeSDR,10,C0802E06022D0D020000,,2,,,,,,,13,6,,,2,46,,,,,,,,,,,
2022-12-14T03:52:07+00:00,6872851,OE6EUR15,10,C0802E06022D0D020000,,2,,,,,,,13,6,,,2,46,,,,,,,,,,,
2022-12-14T03:52:08+00:00,6872842,OE6ISP_High_Gain_LimeSDR,10,C0802F06022D07020000,,,,,,2,,,7,6,,,2,47,,,,,,,,,,,
2022-12-14T03:52:08+00:00,6872851,OE6EUR15,10,C0802F06022D07020000,,,,,,2,,,7,6,,,2,47,,,,,,,,,,,
2022-12-14T03:52:09+00:00,6872842,OE6ISP_High_Gain_LimeSDR,10,C0803006022D01020000,,,2,,,,,,1,6,,,2,48,,,,,,,,,,,
2022-12-14T03:52:09+00:00,6872851,OE6EUR15,10,C0803006022D01020000,,,2,,,,,,1,6,,,2,48,,,,,,,,,,,
2022-12-14T03:52:11+00:00,6872842,OE6ISP_High_Gain_LimeSDR,10,C0803106022D04020000,,,,,2,,,,4,6,,,2,49,,,,,,,,,,,
2022-12-14T03:52:11+00:00,6872851,OE6EUR15,10,C0803106022D04020000,,,,,2,,,,4,6,,,2,49,,,,,,,,,,,
2022-12-14T03:52:12+00:00,6872842,OE6ISP_High_Gain_LimeSDR,10,C0803206022D0A020000,2,,,,,,,,10,6,,,2,50,,,,,,,,,,,
2022-12-14T03:52:13+00:00,6872851,OE6EUR15,10,C0803206022D0A020000,2,,,,,,,,10,6,,,2,50,,,,,,,,,,,
2022-12-14T03:52:14+00:00,6872842,OE6ISP_High_Gain_LimeSDR,16,C080340C02890308BFEFFCFFDE3AFDFF,,,,,,,,,3,12,8,,2,52,,,,,,,,,,,
2022-12-14T03:52:14+00:00,6872842,OE6ISP_High_Gain_LimeSDR,10,C0803306022D1F020000,,,,2,,,,,31,6,,,2,51,,,,,,,,,,,
2022-12-14T03:52:14+00:00,6872851,OE6EUR15,16,C080340C02890308BFEFFCFFDE3AFDFF,,,,,,,,,3,12,8,,2,52,,,,,,,,,,,
2022-12-14T03:52:14+00:00,6872851,OE6EUR15,10,C0803306022D1F020000,,,,2,,,,,31,6,,,2,51,,,,,,,,,,,
2022-12-14T03:52:15+00:00,6872842,OE6ISP_High_Gain_LimeSDR,13,C08036090266810500005A005C,,,,,,,,,129,9,,,2,54,5,,,,,,,,,,
2022-12-14T03:52:15+00:00,6872842,OE6ISP_High_Gain_LimeSDR,16,C080350C02890508D799FFFF1C000000,,,,,,,,,5,12,,8,2,53,,,,,,,,,,,
2022-12-14T03:52:15+00:00,6872851,OE6EUR15,16,C080350C02890508D799FFFF1C000000,,,,,,,,,5,12,,8,2,53,,,,,,,,,,,
2022-12-14T03:52:16+00:00,6872842,OE6ISP_High_Gain_LimeSDR,13,C080380902668B0500005B005C,,,,,,,,,139,9,,,2,56,,,5,,,,,,,,
2022-12-14T03:52:16+00:00,6872842,OE6ISP_High_Gain_LimeSDR,13,C0803709026686050003A7024E,,,,,,,,,134,9,,,2,55,,5,,,,,,,,,
2022-12-14T03:52:16+00:00,6872851,OE6EUR15,13,C080380902668B0500005B005C,,,,,,,,,139,9,,,2,56,,,5,,,,,,,,
2022-12-14T03:52:16+00:00,6872851,OE6EUR15,13,C0803709026686050003A7024E,,,,,,,,,134,9,,,2,55,,5,,,,,,,,,
2022-12-14T03:52:16+00:00,6872851,OE6EUR15,13,C08036090266810500005A005C,,,,,,,,,129,9,,,2,54,5,,,,,,,,,,
2022-12-14T03:52:17+00:00,6872842,OE6ISP_High_Gain_LimeSDR,16,C080340C02890308BFEFFCFFDE3AFDFF,,,,,,,,,3,12,8,,2,52,,,,,,,,,,,
2022-12-14T03:52:17+00:00,6872851,OE6EUR15,16,C080340C02890308BFEFFCFFDE3AFDFF,,,,,,,,,3,12,8,,2,52,,,,,,,,,,,
2022-12-14T03:52:18+00:00,6872842,OE6ISP_High_Gain_LimeSDR,16,C080350C02890508D799FFFF1C000000,,,,,,,,,5,12,,8,2,53,,,,,,,,,,,
2022-12-14T03:52:18+00:00,6872851,OE6EUR15,16,C080350C02890508D799FFFF1C000000,,,,,,,,,5,12,,8,2,53,,,,,,,,,,,
2022-12-14T03:52:20+00:00,6872842,OE6ISP_High_Gain_LimeSDR,13,C08039090266900500005A005B,,,,,,,,,144,9,,,2,57,,,,5,,,,,,,
2022-12-14T03:52:20+00:00,6872851,OE6EUR15,13,C08039090266900500005A005B,,,,,,,,,144,9,,,2,57,,,,5,,,,,,,
2022-12-14T03:52:25+00:00,6872842,OE6ISP_High_Gain_LimeSDR,13,C0803A090266950500005C0059,,,,,,,,,149,9,,,2,58,,,,,5,,,,,,
2022-12-14T03:52:25+00:00,6872851,OE6EUR15,13,C0803A090266950500005C0059,,,,,,,,,149,9,,,2,58,,,,,5,,,,,,
2022-12-14T03:52:30+00:00,6872842,OE6ISP_High_Gain_LimeSDR,13,C0803B0902669A0500005A005B,,,,,,,,,154,9,,,2,59,,,,,,5,,,,,
2022-12-14T03:52:30+00:00,6872851,OE6EUR15,13,C0803B0902669A0500005A005B,,,,,,,,,154,9,,,2,59,,,,,,5,,,,,
2022-12-14T03:52:34+00:00,6872842,OE6ISP_High_Gain_LimeSDR,13,C0803C0902669F0500005B005A,,,,,,,,,159,9,,,2,60,,,,,,,5,,,,
2022-12-14T03:52:35+00:00,6872842,OE6ISP_High_Gain_LimeSDR,13,C0803E090266A9050000000000,,,,,,,,,169,9,,,2,62,,,,,,,,,5,,
2022-12-14T03:52:35+00:00,6872842,OE6ISP_High_Gain_LimeSDR,13,C0803D090266A40500005A005C,,,,,,,,,164,9,,,2,61,,,,,,,,5,,,
2022-12-14T03:52:35+00:00,6872851,OE6EUR15,13,C0803D090266A40500005A005C,,,,,,,,,164,9,,,2,61,,,,,,,,5,,,
2022-12-14T03:52:35+00:00,6872851,OE6EUR15,13,C0803C0902669F0500005B005A,,,,,,,,,159,9,,,2,60,,,,,,,5,,,,
2022-12-14T03:52:36+00:00,6872842,OE6ISP_High_Gain_LimeSDR,16,C080400C02800C082200000000000000,,,,,,,,,12,12,,,2,64,,,,,,,,,,,8
2022-12-14T03:52:36+00:00,6872842,OE6ISP_High_Gain_LimeSDR,13,C0803F090266AC050000000000,,,,,,,,,172,9,,,2,63,,,,,,,,,,5,
2022-12-14T03:52:36+00:00,6872851,OE6EUR15,13,C0803F090266AC050000000000,,,,,,,,,172,9,,,2,63,,,,,,,,,,5,
2022-12-14T03:52:36+00:00,6872851,OE6EUR15,13,C0803E090266A9050000000000,,,,,,,,,169,9,,,2,62,,,,,,,,,5,,
2022-12-14T03:52:37+00:00,6872851,OE6EUR15,16,C080400C02800C082200000000000000,,,,,,,,,12,12,,,2,64,,,,,,,,,,,8
2022-12-14T03:52:38+00:00,6872842,OE6ISP_High_Gain_LimeSDR,10,C0804106022C03020000,,,,,,,2,,3,6,,,2,65,,,,,,,,,,,
2022-12-14T03:52:38+00:00,6872851,OE6EUR15,10,C0804106022C03020000,,,,,,,2,,3,6,,,2,65,,,,,,,,,,,
2022-12-14T03:52:40+00:00,6874601,M0KSF-BB,16,C080400C02800C082200000000000000,,,,,,,,,12,12,,,2,64,,,,,,,,,,,8
2022-12-14T03:52:40+00:00,6870878,SP7THR-UHF,16,C080400C02800C082200000000000000,,,,,,,,,12,12,,,2,64,,,,,,,,,,,8
2022-12-14T03:52:40+00:00,6872842,OE6ISP_High_Gain_LimeSDR,16,C080400C02800C082200000000000000,,,,,,,,,12,12,,,2,64,,,,,,,,,,,8
2022-12-14T03:52:40+00:00,6872842,OE6ISP_High_Gain_LimeSDR,10,C0804206022C08020000,,,,,,,,2,8,6,,,2,66,,,,,,,,,,,
2022-12-14T03:52:40+00:00,6872851,OE6EUR15,10,C0804206022C08020000,,,,,,,,2,8,6,,,2,66,,,,,,,,,,,
2022-12-14T03:52:41+00:00,6872842,OE6ISP_High_Gain_LimeSDR,10,C0804306022D0D020000,,2,,,,,,,13,6,,,2,67,,,,,,,,,,,
2022-12-14T03:52:41+00:00,6872851,OE6EUR15,10,C0804306022D0D020000,,2,,,,,,,13,6,,,2,67,,,,,,,,,,,
2022-12-14T03:52:43+00:00,6872842,OE6ISP_High_Gain_LimeSDR,10,C0804406022D07020000,,,,,,2,,,7,6,,,2,68,,,,,,,,,,,
2022-12-14T03:52:43+00:00,6872851,OE6EUR15,10,C0804406022D07020000,,,,,,2,,,7,6,,,2,68,,,,,,,,,,,
2022-12-14T03:52:44+00:00,6872842,OE6ISP_High_Gain_LimeSDR,10,C0804506022D01020000,,,2,,,,,,1,6,,,2,69,,,,,,,,,,,
2022-12-14T03:52:44+00:00,6872851,OE6EUR15,10,C0804506022D01020000,,,2,,,,,,1,6,,,2,69,,,,,,,,,,,
2022-12-14T03:52:46+00:00,6872842,OE6ISP_High_Gain_LimeSDR,10,C0804606022D04020000,,,,,2,,,,4,6,,,2,70,,,,,,,,,,,
2022-12-14T03:52:46+00:00,6872851,OE6EUR15,10,C0804606022D04020000,,,,,2,,,,4,6,,,2,70,,,,,,,,,,,
2022-12-14T03:52:47+00:00,6872842,OE6ISP_High_Gain_LimeSDR,10,C0804706022D0A020000,2,,,,,,,,10,6,,,2,71,,,,,,,,,,,
2022-12-14T03:52:47+00:00,6872851,OE6EUR15,10,C0804706022D0A020000,2,,,,,,,,10,6,,,2,71,,,,,,,,,,,
2022-12-14T03:52:49+00:00,6872842,OE6ISP_High_Gain_LimeSDR,16,C080490C028903086F2CFCFF44C3FBFF,,,,,,,,,3,12,8,,2,73,,,,,,,,,,,
2022-12-14T03:52:49+00:00,6872842,OE6ISP_High_Gain_LimeSDR,10,C0804806022D1F020000,,,,2,,,,,31,6,,,2,72,,,,,,,,,,,
2022-12-14T03:52:49+00:00,6872851,OE6EUR15,16,C080490C028903086F2CFCFF44C3FBFF,,,,,,,,,3,12,8,,2,73,,,,,,,,,,,
2022-12-14T03:52:49+00:00,6872851,OE6EUR15,10,C0804806022D1F020000,,,,2,,,,,31,6,,,2,72,,,,,,,,,,,
2022-12-14T03:52:50+00:00,6872842,OE6ISP_High_Gain_LimeSDR,13,C0804B090266810500005B005C,,,,,,,,,129,9,,,2,75,5,,,,,,,,,,
2022-12-14T03:52:50+00:00,6872842,OE6ISP_High_Gain_LimeSDR,16,C0804A0C02890508688BFEFF26000000,,,,,,,,,5,12,,8,2,74,,,,,,,,,,,
2022-12-14T03:52:50+00:00,6872851,OE6EUR15,13,C0804B090266810500005B005C,,,,,,,,,129,9,,,2,75,5,,,,,,,,,,
2022-12-14T03:52:50+00:00,6872851,OE6EUR15,16,C0804A0C02890508688BFEFF26000000,,,,,,,,,5,12,,8,2,74,,,,,,,,,,,
2022-12-14T03:52:51+00:00,6872842,OE6ISP_High_Gain_LimeSDR,13,C0804D0902668B0500005B005B,,,,,,,,,139,9,,,2,77,,,5,,,,,,,,
2022-12-14T03:52:51+00:00,6872842,OE6ISP_High_Gain_LimeSDR,13,C0804C09026686050003A6024E,,,,,,,,,134,9,,,2,76,,5,,,,,,,,,
2022-12-14T03:52:51+00:00,6872851,OE6EUR15,13,C0804D0902668B0500005B005B,,,,,,,,,139,9,,,2,77,,,5,,,,,,,,
2022-12-14T03:52:51+00:00,6872851,OE6EUR15,13,C0804C09026686050003A6024E,,,,,,,,,134,9,,,2,76,,5,,,,,,,,,
2022-12-14T03:52:52+00:00,6870878,SP7THR-UHF,16,C080490C028903086F2CFCFF44C3FBFF,,,,,,,,,3,12,8,,2,73,,,,,,,,,,,
2022-12-14T03:52:52+00:00,6872851,OE6EUR15,16,C080490C028903086F2CFCFF44C3FBFF,,,,,,,,,3,12,8,,2,73,,,,,,,,,,,
2022-12-14T03:52:52+00:00,6872851,OE6EUR15,13,C0804E090266900500005A005B,,,,,,,,,144,9,,,2,78,,,,5,,,,,,,
2022-12-14T03:52:53+00:00,6874601,M0KSF-BB,16,C0804A0C02890508688BFEFF26000000,,,,,,,,,5,12,,8,2,74,,,,,,,,,,,
2022-12-14T03:52:53+00:00,6870878,SP7THR-UHF,16,C0804A0C02890508688BFEFF26000000,,,,,,,,,5,12,,8,2,74,,,,,,,,,,,
2022-12-14T03:52:53+00:00,6872842,OE6ISP_High_Gain_LimeSDR,16,C0804A0C02890508688BFEFF26000000,,,,,,,,,5,12,,8,2,74,,,,,,,,,,,
2022-12-14T03:52:53+00:00,6872842,OE6ISP_High_Gain_LimeSDR,13,C080510902669F0500005A005B,,,,,,,,,159,9,,,2,81,,,,,,,5,,,,
2022-12-14T03:52:53+00:00,6872842,OE6ISP_High_Gain_LimeSDR,13,C080500902669A0500005A005A,,,,,,,,,154,9,,,2,80,,,,,,5,,,,,
2022-12-14T03:52:53+00:00,6872851,OE6EUR15,16,C0804A0C02890508688BFEFF26000000,,,,,,,,,5,12,,8,2,74,,,,,,,,,,,
2022-12-14T03:52:53+00:00,6872851,OE6EUR15,13,C080510902669F0500005A005B,,,,,,,,,159,9,,,2,81,,,,,,,5,,,,
2022-12-14T03:52:53+00:00,6872851,OE6EUR15,13,C080500902669A0500005A005A,,,,,,,,,154,9,,,2,80,,,,,,5,,,,,
2022-12-14T03:52:54+00:00,6872842,OE6ISP_High_Gain_LimeSDR,13,C08053090266A9050000000000,,,,,,,,,169,9,,,2,83,,,,,,,,,5,,
2022-12-14T03:52:54+00:00,6872851,OE6EUR15,13,C08053090266A9050000000000,,,,,,,,,169,9,,,2,83,,,,,,,,,5,,
2022-12-14T03:52:54+00:00,6872851,OE6EUR15,13,C08052090266A40500005B005C,,,,,,,,,164,9,,,2,82,,,,,,,,5,,,
2022-12-14T03:52:55+00:00,6872842,OE6ISP_High_Gain_LimeSDR,13,C08054090266AC050000000000,,,,,,,,,172,9,,,2,84,,,,,,,,,,5,
2022-12-14T03:52:55+00:00,6872851,OE6EUR15,13,C08054090266AC050000000000,,,,,,,,,172,9,,,2,84,,,,,,,,,,5,
2022-12-14T03:52:58+00:00,6870878,SP7THR-UHF,16,C080550C02800C082C00000098F80A00,,,,,,,,,12,12,,,2,85,,,,,,,,,,,8
2022-12-14T03:52:58+00:00,6872842,OE6ISP_High_Gain_LimeSDR,16,C080550C02800C082C00000098F80A00,,,,,,,,,12,12,,,2,85,,,,,,,,,,,8
2022-12-14T03:52:58+00:00,6872842,OE6ISP_High_Gain_LimeSDR,10,C0805606022C03020000,,,,,,,2,,3,6,,,2,86,,,,,,,,,,,
2022-12-14T03:52:59+00:00,6872842,OE6ISP_High_Gain_LimeSDR,10,C0805706022C08020000,,,,,,,,2,8,6,,,2,87,,,,,,,,,,,
2022-12-14T03:52:59+00:00,6872851,OE6EUR15,10,C0805706022C08020000,,,,,,,,2,8,6,,,2,87,,,,,,,,,,,
2022-12-14T03:53:01+00:00,6872842,OE6ISP_High_Gain_LimeSDR,10,C0805806022D0D020000,,2,,,,,,,13,6,,,2,88,,,,,,,,,,,
2022-12-14T03:53:01+00:00,6872851,OE6EUR15,10,C0805806022D0D020000,,2,,,,,,,13,6,,,2,88,,,,,,,,,,,
2022-12-14T03:53:02+00:00,6872842,OE6ISP_High_Gain_LimeSDR,10,C0805906022D07020000,,,,,,2,,,7,6,,,2,89,,,,,,,,,,,
2022-12-14T03:53:03+00:00,6872851,OE6EUR15,10,C0805906022D07020000,,,,,,2,,,7,6,,,2,89,,,,,,,,,,,
2022-12-14T03:53:06+00:00,6872842,OE6ISP_High_Gain_LimeSDR,10,C0805A06022D01020000,,,2,,,,,,1,6,,,2,90,,,,,,,,,,,
2022-12-14T03:53:07+00:00,6872842,OE6ISP_High_Gain_LimeSDR,10,C0805B06022D04020000,,,,,2,,,,4,6,,,2,91,,,,,,,,,,,
2022-12-14T03:53:07+00:00,6872851,OE6EUR15,10,C0805B06022D04020000,,,,,2,,,,4,6,,,2,91,,,,,,,,,,,
2022-12-14T03:56:08+00:00,6872842,OE6ISP_High_Gain_LimeSDR,16,C080010C02800C080200000000000000,,,,,,,,,12,12,,,2,1,,,,,,,,,,,8
2022-12-14T03:56:10+00:00,6872842,OE6ISP_High_Gain_LimeSDR,10,C0800206022C03020000,,,,,,,2,,3,6,,,2,2,,,,,,,,,,,
2022-12-14T03:56:11+00:00,6872842,OE6ISP_High_Gain_LimeSDR,16,C080010C02800C080200000000000000,,,,,,,,,12,12,,,2,1,,,,,,,,,,,8
2022-12-14T03:56:11+00:00,6872851,OE6EUR15,16,C080010C02800C080200000000000000,,,,,,,,,12,12,,,2,1,,,,,,,,,,,8
2022-12-14T03:56:17+00:00,6876792,SA2KNG Experimental,16,C080010C02800C0802000000D0070000,,,,,,,,,12,12,,,2,1,,,,,,,,,,,8
2022-12-14T03:56:32+00:00,6876792,SA2KNG Experimental,16,C080010C02800C0802000000D0070000,,,,,,,,,12,12,,,2,1,,,,,,,,,,,8
2022-12-14T03:56:33+00:00,6876792,SA2KNG Experimental,10,C0800206022C03020000,,,,,,,2,,3,6,,,2,2,,,,,,,,,,,
2022-12-14T03:56:41+00:00,6876792,SA2KNG Experimental,16,C080010C02800C0802000000D0070000,,,,,,,,,12,12,,,2,1,,,,,,,,,,,8
2022-12-14T03:56:41+00:00,6870878,SP7THR-UHF,16,C080010C02800C0802000000D0070000,,,,,,,,,12,12,,,2,1,,,,,,,,,,,8
2022-12-14T03:56:48+00:00,6876792,SA2KNG Experimental,10,C0800206022C03020000,,,,,,,2,,3,6,,,2,2,,,,,,,,,,,
2022-12-14T03:57:01+00:00,6876792,SA2KNG Experimental,16,C080010C02800C080200000000000000,,,,,,,,,12,12,,,2,1,,,,,,,,,,,8
2022-12-14T03:57:10+00:00,6876792,SA2KNG Experimental,16,C080010C02800C080200000000000000,,,,,,,,,12,12,,,2,1,,,,,,,,,,,8
2022-12-14T03:57:14+00:00,6876792,SA2KNG Experimental,16,C080010C02800C0802000000D0070000,,,,,,,,,12,12,,,2,1,,,,,,,,,,,8
2022-12-14T03:57:28+00:00,6876792,SA2KNG Experimental,16,C080010C02800C080200000000000000,,,,,,,,,12,12,,,2,1,,,,,,,,,,,8
2022-12-14T03:57:30+00:00,6876792,SA2KNG Experimental,10,C0800206022C03020000,,,,,,,2,,3,6,,,2,2,,,,,,,,,,,
2022-12-14T03:57:37+00:00,6876792,SA2KNG Experimental,16,C080010C02800C080200000000000000,,,,,,,,,12,12,,,2,1,,,,,,,,,,,8
2022-12-14T03:57:37+00:00,6870878,SP7THR-UHF,16,C080010C02800C080200000000000000,,,,,,,,,12,12,,,2,1,,,,,,,,,,,8
2022-12-14T03:57:57+00:00,6876792,SA2KNG Experimental,16,C080010C02800C080200000000000000,,,,,,,,,12,12,,,2,1,,,,,,,,,,,8
2022-12-14T03:57:59+00:00,6876792,SA2KNG Experimental,10,C0800206022C03020000,,,,,,,2,,3,6,,,2,2,,,,,,,,,,,
2022-12-14T03:58:07+00:00,6876792,SA2KNG Experimental,16,C080010C02800C080200000000000000,,,,,,,,,12,12,,,2,1,,,,,,,,,,,8
2022-12-14T03:58:07+00:00,6874544,M0KSF,16,C080010C02800C080200000000000000,,,,,,,,,12,12,,,2,1,,,,,,,,,,,8
2022-12-14T03:58:12+00:00,6876792,SA2KNG Experimental,16,C080010C02800C080200000000000000,,,,,,,,,12,12,,,2,1,,,,,,,,,,,8
2022-12-14T03:58:14+00:00,6876792,SA2KNG Experimental,10,C0800206022C03020000,,,,,,,2,,3,6,,,2,2,,,,,,,,,,,
2022-12-14T03:58:15+00:00,6876792,SA2KNG Experimental,10,C0800306022C08020000,,,,,,,,2,8,6,,,2,3,,,,,,,,,,,
2022-12-14T03:58:21+00:00,6876792,SA2KNG Experimental,16,C080010C02800C080200000000000000,,,,,,,,,12,12,,,2,1,,,,,,,,,,,8
2022-12-14T03:58:21+00:00,6874544,M0KSF,16,C080010C02800C080200000000000000,,,,,,,,,12,12,,,2,1,,,,,,,,,,,8
2022-12-14T03:58:29+00:00,6876792,SA2KNG Experimental,16,C080010C02800C080200000000000000,,,,,,,,,12,12,,,2,1,,,,,,,,,,,8
2022-12-14T03:58:31+00:00,6876792,SA2KNG Experimental,10,C0800206022C03020000,,,,,,,2,,3,6,,,2,2,,,,,,,,,,,
2022-12-14T03:58:32+00:00,6876792,SA2KNG Experimental,10,C0800306022C08020000,,,,,,,,2,8,6,,,2,3,,,,,,,,,,,
2022-12-14T03:58:38+00:00,6876792,SA2KNG Experimental,16,C080010C02800C080200000000000000,,,,,,,,,12,12,,,2,1,,,,,,,,,,,8
2022-12-14T03:58:38+00:00,6874544,M0KSF,16,C080010C02800C080200000000000000,,,,,,,,,12,12,,,2,1,,,,,,,,,,,8
2022-12-14T03:58:49+00:00,6876792,SA2KNG Experimental,16,C080010C02800C080200000000000000,,,,,,,,,12,12,,,2,1,,,,,,,,,,,8
2022-12-14T03:58:51+00:00,6876792,SA2KNG Experimental,10,C0800206022C03020000,,,,,,,2,,3,6,,,2,2,,,,,,,,,,,
2022-12-14T03:58:52+00:00,6876792,SA2KNG Experimental,10,C0800306022C08020000,,,,,,,,2,8,6,,,2,3,,,,,,,,,,,
2022-12-14T03:58:58+00:00,6876792,SA2KNG Experimental,16,C080010C02800C080200000000000000,,,,,,,,,12,12,,,2,1,,,,,,,,,,,8
2022-12-14T03:58:58+00:00,6874544,M0KSF,16,C080010C02800C080200000000000000,,,,,,,,,12,12,,,2,1,,,,,,,,,,,8
2022-12-15T03:22:59+00:00,6879091,M0KSF,16,C080010C02800C0802000000D0070000,,,,,,,,,12,12,,,2,1,,,,,,,,,,,8
2022-12-15T03:23:16+00:00,6879091,M0KSF,16,C080010C02800C080200000000000000,,,,,,,,,12,12,,,2,1,,,,,,,,,,,8
2022-12-15T03:23:41+00:00,6879091,M0KSF,16,C080010C02800C0802000000D0070000,,,,,,,,,12,12,,,2,1,,,,,,,,,,,8
2022-12-15T03:23:54+00:00,6879091,M0KSF,16,C0800B0C02890508C2DA010006000000,,,,,,,,,5,12,,8,2,11,,,,,,,,,,,
2022-12-15T03:24:07+00:00,6879091,M0KSF,16,C080010C02800C080200000000000000,,,,,,,,,12,12,,,2,1,,,,,,,,,,,8
2022-12-15T03:24:29+00:00,6879091,M0KSF,16,C080010C02800C0802000000D0070000,,,,,,,,,12,12,,,2,1,,,,,,,,,,,8
2022-12-15T05:01:08+00:00,6879093,M0KSF,16,C080010C02800C080200000000000000,,,,,,,,,12,12,,,2,1,,,,,,,,,,,8
2022-12-15T05:01:20+00:00,6879093,M0KSF,16,C080010C02800C080200000000000000,,,,,,,,,12,12,,,2,1,,,,,,,,,,,8
2022-12-15T05:01:34+00:00,6879093,M0KSF,16,C080010C02800C080200000000000000,,,,,,,,,12,12,,,2,1,,,,,,,,,,,8
2022-12-15T05:04:15+00:00,6879093,M0KSF,16,C080010C02800C080200000000000000,,,,,,,,,12,12,,,2,1,,,,,,,,,,,8
2022-12-15T05:04:30+00:00,6879093,M0KSF,16,C080010C02800C080200000000000000,,,,,,,,,12,12,,,2,1,,,,,,,,,,,8
2022-12-15T06:40:32+00:00,6879195,M0KSF-BB,16,C080010C02800C080200000000000000,,,,,,,,,12,12,,,2,1,,,,,,,,,,,8
2022-12-15T06:40:32+00:00,6879095,M0KSF,16,C080010C02800C080200000000000000,,,,,,,,,12,12,,,2,1,,,,,,,,,,,8
2022-12-15T06:40:45+00:00,6879195,M0KSF-BB,16,C080010C02800C080200000000000000,,,,,,,,,12,12,,,2,1,,,,,,,,,,,8
2022-12-15T06:40:45+00:00,6879095,M0KSF,16,C080010C02800C080200000000000000,,,,,,,,,12,12,,,2,1,,,,,,,,,,,8
2022-12-15T06:40:58+00:00,6879195,M0KSF-BB,16,C080010C02800C080200000000000000,,,,,,,,,12,12,,,2,1,,,,,,,,,,,8
2022-12-15T06:40:58+00:00,6879095,M0KSF,16,C080010C02800C080200000000000000,,,,,,,,,12,12,,,2,1,,,,,,,,,,,8
2022-12-15T06:41:11+00:00,6879195,M0KSF-BB,16,C080010C02800C0802000000E8030000,,,,,,,,,12,12,,,2,1,,,,,,,,,,,8
2022-12-15T06:41:11+00:00,6879095,M0KSF,16,C080010C02800C0802000000E8030000,,,,,,,,,12,12,,,2,1,,,,,,,,,,,8
2022-12-15T06:41:26+00:00,6879195,M0KSF-BB,16,C080010C02800C080200000000000000,,,,,,,,,12,12,,,2,1,,,,,,,,,,,8
2022-12-15T06:41:26+00:00,6879095,M0KSF,16,C080010C02800C080200000000000000,,,,,,,,,12,12,,,2,1,,,,,,,,,,,8
2022-12-15T06:41:40+00:00,6879195,M0KSF-BB,16,C080010C02800C0802000000D0070000,,,,,,,,,12,12,,,2,1,,,,,,,,,,,8
2022-12-15T06:41:40+00:00,6879095,M0KSF,16,C080010C02800C0802000000D0070000,,,,,,,,,12,12,,,2,1,,,,,,,,,,,8
2022-12-15T06:41:55+00:00,6879195,M0KSF-BB,16,C080010C02800C080200000000000000,,,,,,,,,12,12,,,2,1,,,,,,,,,,,8
2022-12-15T06:41:55+00:00,6879095,M0KSF,16,C080010C02800C080200000000000000,,,,,,,,,12,12,,,2,1,,,,,,,,,,,8
2022-12-15T06:42:09+00:00,6879195,M0KSF-BB,16,C080010C02800C0802000000D0070000,,,,,,,,,12,12,,,2,1,,,,,,,,,,,8
2022-12-15T06:42:10+00:00,6879095,M0KSF,16,C080010C02800C0802000000D0070000,,,,,,,,,12,12,,,2,1,,,,,,,,,,,8
2022-12-15T06:42:24+00:00,6879195,M0KSF-BB,16,C080010C02800C080200000000000000,,,,,,,,,12,12,,,2,1,,,,,,,,,,,8
2022-12-15T06:42:24+00:00,6879095,M0KSF,16,C080010C02800C080200000000000000,,,,,,,,,12,12,,,2,1,,,,,,,,,,,8
2022-12-15T06:42:39+00:00,6879195,M0KSF-BB,16,C080010C02800C0802000000D0070000,,,,,,,,,12,12,,,2,1,,,,,,,,,,,8
2022-12-15T06:42:39+00:00,6879095,M0KSF,16,C080010C02800C0802000000D0070000,,,,,,,,,12,12,,,2,1,,,,,,,,,,,8
2022-12-15T06:42:53+00:00,6879195,M0KSF-BB,16,C080010C02800C0802000000D0070000,,,,,,,,,12,12,,,2,1,,,,,,,,,,,8
2022-12-15T06:42:53+00:00,6879095,M0KSF,16,C080010C02800C0802000000D0070000,,,,,,,,,12,12,,,2,1,,,,,,,,,,,8
2022-12-15T06:43:08+00:00,6879195,M0KSF-BB,16,C080010C02800C0802000000D0070000,,,,,,,,,12,12,,,2,1,,,,,,,,,,,8
2022-12-15T06:43:08+00:00,6879095,M0KSF,16,C080010C02800C0802000000D0070000,,,,,,,,,12,12,,,2,1,,,,,,,,,,,8
2022-12-15T06:43:23+00:00,6879195,M0KSF-BB,16,C080010C02800C080200000000000000,,,,,,,,,12,12,,,2,1,,,,,,,,,,,8
2022-12-15T06:43:23+00:00,6879095,M0KSF,16,C080010C02800C080200000000000000,,,,,,,,,12,12,,,2,1,,,,,,,,,,,8
2022-12-15T06:43:37+00:00,6879195,M0KSF-BB,16,C080010C02800C0802000000D0070000,,,,,,,,,12,12,,,2,1,,,,,,,,,,,8
2022-12-15T06:43:37+00:00,6879095,M0KSF,16,C080010C02800C0802000000D0070000,,,,,,,,,12,12,,,2,1,,,,,,,,,,,8
2022-12-15T06:43:52+00:00,6879195,M0KSF-BB,16,C080010C02800C0802000000D0070000,,,,,,,,,12,12,,,2,1,,,,,,,,,,,8
2022-12-15T06:43:52+00:00,6879095,M0KSF,16,C080010C02800C0802000000D0070000,,,,,,,,,12,12,,,2,1,,,,,,,,,,,8
2022-12-15T06:44:07+00:00,6879195,M0KSF-BB,16,C080010C02800C0802000000D0070000,,,,,,,,,12,12,,,2,1,,,,,,,,,,,8
2022-12-15T06:44:07+00:00,6879095,M0KSF,16,C080010C02800C0802000000D0070000,,,,,,,,,12,12,,,2,1,,,,,,,,,,,8
2022-12-15T06:44:21+00:00,6879095,M0KSF,16,C080010C02800C080200000000000000,,,,,,,,,12,12,,,2,1,,,,,,,,,,,8
2022-12-15T06:44:34+00:00,6879195,M0KSF-BB,16,C080010C02800C0802000000D0070000,,,,,,,,,12,12,,,2,1,,,,,,,,,,,8
2022-12-15T06:44:34+00:00,6879095,M0KSF,16,C080010C02800C0802000000D0070000,,,,,,,,,12,12,,,2,1,,,,,,,,,,,8
2022-12-15T11:37:07+00:00,6882339,MAUSyagi-AK,16,C080010C02800C080200000000000000,,,,,,,,,12,12,,,2,1,,,,,,,,,,,8
2022-12-15T11:37:09+00:00,6882339,MAUSyagi-AK,16,C080010C02800C080200000000000000,,,,,,,,,12,12,,,2,1,,,,,,,,,,,8
2022-12-15T11:37:19+00:00,6882339,MAUSyagi-AK,16,C080010C02800C080200000000000000,,,,,,,,,12,12,,,2,1,,,,,,,,,,,8
2022-12-15T11:37:21+00:00,6882339,MAUSyagi-AK,16,C080010C02800C080200000000000000,,,,,,,,,12,12,,,2,1,,,,,,,,,,,8
2022-12-15T11:37:32+00:00,6882339,MAUSyagi-AK,16,C080010C02800C0802000000D0070000,,,,,,,,,12,12,,,2,1,,,,,,,,,,,8
2022-12-15T11:37:34+00:00,6882339,MAUSyagi-AK,16,C080010C02800C0802000000D0070000,,,,,,,,,12,12,,,2,1,,,,,,,,,,,8
2022-12-15T11:37:48+00:00,6882339,MAUSyagi-AK,10,C0800206022C03020000,,,,,,,2,,3,6,,,2,2,,,,,,,,,,,
2022-12-15T11:38:03+00:00,6882339,MAUSyagi-AK,16,C080010C02800C080200000000000000,,,,,,,,,12,12,,,2,1,,,,,,,,,,,8
2022-12-15T11:39:32+00:00,6882337,MAUSyagi,10,C0800606022D01020000,,,2,,,,,,1,6,,,2,6,,,,,,,,,,,
2022-12-15T11:39:34+00:00,6882337,MAUSyagi,10,C0800706022D04020000,,,,,2,,,,4,6,,,2,7,,,,,,,,,,,
2022-12-15T11:39:47+00:00,6882337,MAUSyagi,16,C080010C02800C080200000000000000,,,,,,,,,12,12,,,2,1,,,,,,,,,,,8
2022-12-15T11:39:48+00:00,6882337,MAUSyagi,10,C0800206022C03020000,,,,,,,2,,3,6,,,2,2,,,,,,,,,,,
2022-12-15T11:39:50+00:00,6882337,MAUSyagi,10,C0800306022C08020000,,,,,,,,2,8,6,,,2,3,,,,,,,,,,,
2022-12-15T11:39:50+00:00,6882332,MAUSyagi,16,C080010C02800C080200000000000000,,,,,,,,,12,12,,,2,1,,,,,,,,,,,8
2022-12-15T11:39:51+00:00,6882332,MAUSyagi,16,C080010C02800C080200000000000000,,,,,,,,,12,12,,,2,1,,,,,,,,,,,8
2022-12-15T11:39:51+00:00,6882337,MAUSyagi,10,C0800406022D0D020000,,2,,,,,,,13,6,,,2,4,,,,,,,,,,,
2022-12-15T11:39:52+00:00,6882337,MAUSyagi,10,C0800506022D07020000,,,,,,2,,,7,6,,,2,5,,,,,,,,,,,
2022-12-15T11:39:53+00:00,6882332,MAUSyagi,10,C0800306022C08020000,,,,,,,,2,8,6,,,2,3,,,,,,,,,,,
2022-12-15T11:39:54+00:00,6882332,MAUSyagi,10,C0800406022D0D020000,,2,,,,,,,13,6,,,2,4,,,,,,,,,,,
2022-12-15T11:39:54+00:00,6882337,MAUSyagi,10,C0800606022D01020000,,,2,,,,,,1,6,,,2,6,,,,,,,,,,,
2022-12-15T11:39:56+00:00,6882332,MAUSyagi,10,C0800506022D07020000,,,,,,2,,,7,6,,,2,5,,,,,,,,,,,
2022-12-15T11:39:56+00:00,6882337,MAUSyagi,10,C0800706022D04020000,,,,,2,,,,4,6,,,2,7,,,,,,,,,,,
2022-12-15T11:39:57+00:00,6882332,MAUSyagi,10,C0800606022D01020000,,,2,,,,,,1,6,,,2,6,,,,,,,,,,,
2022-12-15T11:39:57+00:00,6882337,MAUSyagi,10,C0800806022D0A020000,2,,,,,,,,10,6,,,2,8,,,,,,,,,,,
2022-12-15T11:39:59+00:00,6882332,MAUSyagi,10,C0800706022D04020000,,,,,2,,,,4,6,,,2,7,,,,,,,,,,,
2022-12-15T11:39:59+00:00,6882337,MAUSyagi,10,C0800906022D1F020000,,,,2,,,,,31,6,,,2,9,,,,,,,,,,,
2022-12-15T11:39:59+00:00,6882337,MAUSyagi,16,C0800A0C0289030858490300E0CFFAFF,,,,,,,,,3,12,8,,2,10,,,,,,,,,,,
2022-12-15T11:40:00+00:00,6882332,MAUSyagi,10,C0800806022D0A020000,2,,,,,,,,10,6,,,2,8,,,,,,,,,,,
2022-12-15T11:40:00+00:00,6882337,MAUSyagi,13,C0800C0902668105000059005A,,,,,,,,,129,9,,,2,12,5,,,,,,,,,,
2022-12-15T11:40:01+00:00,6882337,MAUSyagi,13,C0800E0902668B05000059005A,,,,,,,,,139,9,,,2,14,,,5,,,,,,,,
2022-12-15T11:40:01+00:00,6882337,MAUSyagi,13,C0800D09026686050003AD0251,,,,,,,,,134,9,,,2,13,,5,,,,,,,,,
2022-12-15T11:40:02+00:00,6882332,MAUSyagi,16,C0800A0C0289030858490300E0CFFAFF,,,,,,,,,3,12,8,,2,10,,,,,,,,,,,
2022-12-15T11:40:02+00:00,6882332,MAUSyagi,10,C0800906022D1F020000,,,,2,,,,,31,6,,,2,9,,,,,,,,,,,
2022-12-15T11:40:02+00:00,6882337,MAUSyagi,13,C0801009026695050000590059,,,,,,,,,149,9,,,2,16,,,,,5,,,,,,
2022-12-15T11:40:02+00:00,6882337,MAUSyagi,13,C0800F090266900500005A005B,,,,,,,,,144,9,,,2,15,,,,5,,,,,,,
2022-12-15T11:40:03+00:00,6882332,MAUSyagi,13,C0800C0902668105000059005A,,,,,,,,,129,9,,,2,12,5,,,,,,,,,,
2022-12-15T11:40:03+00:00,6882332,MAUSyagi,16,C0800B0C0289050877AFFEFF06000000,,,,,,,,,5,12,,8,2,11,,,,,,,,,,,
2022-12-15T11:40:03+00:00,6882332,MAUSyagi,16,C0800A0C0289030858490300E0CFFAFF,,,,,,,,,3,12,8,,2,10,,,,,,,,,,,
2022-12-15T11:40:03+00:00,6882337,MAUSyagi,13,C080120902669F0500005A005A,,,,,,,,,159,9,,,2,18,,,,,,,5,,,,
2022-12-15T11:40:03+00:00,6882337,MAUSyagi,13,C080110902669A05000059005A,,,,,,,,,154,9,,,2,17,,,,,,5,,,,,
2022-12-15T11:40:04+00:00,6882332,MAUSyagi,13,C0800D09026686050003AD0251,,,,,,,,,134,9,,,2,13,,5,,,,,,,,,
2022-12-15T11:40:04+00:00,6882332,MAUSyagi,13,C0800E0902668B05000059005A,,,,,,,,,139,9,,,2,14,,,5,,,,,,,,
2022-12-15T11:40:04+00:00,6882332,MAUSyagi,16,C0800B0C0289050877AFFEFF06000000,,,,,,,,,5,12,,8,2,11,,,,,,,,,,,
2022-12-15T11:40:04+00:00,6882337,MAUSyagi,13,C08014090266A9050000000000,,,,,,,,,169,9,,,2,20,,,,,,,,,5,,
2022-12-15T11:40:04+00:00,6882337,MAUSyagi,13,C08013090266A405000059005B,,,,,,,,,164,9,,,2,19,,,,,,,,5,,,
2022-12-15T11:40:05+00:00,6882332,MAUSyagi,13,C0800F090266900500005A005B,,,,,,,,,144,9,,,2,15,,,,5,,,,,,,
2022-12-15T11:40:05+00:00,6882332,MAUSyagi,13,C0801009026695050000590059,,,,,,,,,149,9,,,2,16,,,,,5,,,,,,
2022-12-15T11:40:05+00:00,6882337,MAUSyagi,16,C080160C02800C080C00000010E50A00,,,,,,,,,12,12,,,2,22,,,,,,,,,,,8
2022-12-15T11:40:05+00:00,6882337,MAUSyagi,13,C08015090266AC050000000000,,,,,,,,,172,9,,,2,21,,,,,,,,,,5,
2022-12-15T11:40:06+00:00,6882332,MAUSyagi,13,C080110902669A05000059005A,,,,,,,,,154,9,,,2,17,,,,,,5,,,,,
2022-12-15T11:40:07+00:00,6882332,MAUSyagi,13,C08014090266A9050000000000,,,,,,,,,169,9,,,2,20,,,,,,,,,5,,
2022-12-15T11:40:07+00:00,6882332,MAUSyagi,13,C08013090266A405000059005B,,,,,,,,,164,9,,,2,19,,,,,,,,5,,,
2022-12-15T11:40:07+00:00,6882337,MAUSyagi,10,C0801706022C03020000,,,,,,,2,,3,6,,,2,23,,,,,,,,,,,
2022-12-15T11:40:08+00:00,6882332,MAUSyagi,13,C08015090266AC050000000000,,,,,,,,,172,9,,,2,21,,,,,,,,,,5,
2022-12-15T11:40:08+00:00,6882332,MAUSyagi,16,C080160C02800C080C00000010E50A00,,,,,,,,,12,12,,,2,22,,,,,,,,,,,8
2022-12-15T11:40:08+00:00,6882337,MAUSyagi,10,C0801806022C08020000,,,,,,,,2,8,6,,,2,24,,,,,,,,,,,
2022-12-15T11:40:10+00:00,6882332,MAUSyagi,16,C080160C02800C080C00000010E50A00,,,,,,,,,12,12,,,2,22,,,,,,,,,,,8
2022-12-15T11:40:10+00:00,6882332,MAUSyagi,10,C0801706022C03020000,,,,,,,2,,3,6,,,2,23,,,,,,,,,,,
2022-12-15T11:40:10+00:00,6882337,MAUSyagi,10,C0801906022D0D020000,,2,,,,,,,13,6,,,2,25,,,,,,,,,,,
2022-12-15T11:40:11+00:00,6882332,MAUSyagi,10,C0801806022C08020000,,,,,,,,2,8,6,,,2,24,,,,,,,,,,,
2022-12-15T11:40:11+00:00,6882337,MAUSyagi,10,C0801A06022D07020000,,,,,,2,,,7,6,,,2,26,,,,,,,,,,,
2022-12-15T11:40:13+00:00,6882332,MAUSyagi,10,C0801906022D0D020000,,2,,,,,,,13,6,,,2,25,,,,,,,,,,,
2022-12-15T11:40:14+00:00,6882332,MAUSyagi,10,C0801A06022D07020000,,,,,,2,,,7,6,,,2,26,,,,,,,,,,,
2022-12-15T11:40:15+00:00,6882337,MAUSyagi,10,C0801B06022D01020000,,,2,,,,,,1,6,,,2,27,,,,,,,,,,,
2022-12-15T11:40:18+00:00,6882332,MAUSyagi,10,C0801B06022D01020000,,,2,,,,,,1,6,,,2,27,,,,,,,,,,,
2022-12-15T23:50:12+00:00,6885044,MAUSyagi,16,C080010C02800C0802000000D0070000,,,,,,,,,12,12,,,2,1,,,,,,,,,,,8
2022-12-15T23:50:15+00:00,6885444,MAUSyagi,16,C080010C02800C0802000000D0070000,,,,,,,,,12,12,,,2,1,,,,,,,,,,,8
2022-12-16T02:49:32+00:00,6883832,M0KSF,10,C0805C06022D0A020000,2,,,,,,,,10,6,,,2,92,,,,,,,,,,,
2022-12-16T02:49:36+00:00,6883832,M0KSF,13,C0806109026686050003C4025C,,,,,,,,,134,9,,,2,97,,5,,,,,,,,,
2022-12-16T04:17:34+00:00,6885779,OE6EUR15,16,C080010C02800C080200000000000000,,,,,,,,,12,12,,,2,1,,,,,,,,,,,8
2022-12-16T04:20:54+00:00,6885779,OE6EUR15,16,C080010C02800C0802000000D0070000,,,,,,,,,12,12,,,2,1,,,,,,,,,,,8
2022-12-16T04:20:55+00:00,6885770,OE6ISP_High_Gain_LimeSDR,10,C0800206022C03020000,,,,,,,2,,3,6,,,2,2,,,,,,,,,,,
2022-12-16T04:20:57+00:00,6885770,OE6ISP_High_Gain_LimeSDR,16,C080010C02800C0802000000D0070000,,,,,,,,,12,12,,,2,1,,,,,,,,,,,8
2022-12-16T04:20:57+00:00,6885779,OE6EUR15,16,C080010C02800C0802000000D0070000,,,,,,,,,12,12,,,2,1,,,,,,,,,,,8
2022-12-16T04:21:12+00:00,6884268,Apomahon,16,C080010C02800C080200000000000000,,,,,,,,,12,12,,,2,1,,,,,,,,,,,8
2022-12-16T04:28:26+00:00,6886144,SA2KNG Omni UHF/VHF,16,C080010C02800C080200000000000000,,,,,,,,,12,12,,,2,1,,,,,,,,,,,8
2022-12-16T04:28:34+00:00,6886154,SA2KNG S-Band,16,C080010C02800C080200000000000000,,,,,,,,,12,12,,,2,1,,,,,,,,,,,8
2022-12-16T04:28:36+00:00,6886154,SA2KNG S-Band,16,C080010C02800C080200000000000000,,,,,,,,,12,12,,,2,1,,,,,,,,,,,8
2022-12-16T04:28:36+00:00,6886144,SA2KNG Omni UHF/VHF,16,C080010C02800C080200000000000000,,,,,,,,,12,12,,,2,1,,,,,,,,,,,8
2022-12-16T04:28:36+00:00,6883835,M0KSF,16,C080010C02800C080200000000000000,,,,,,,,,12,12,,,2,1,,,,,,,,,,,8
2022-12-16T04:28:39+00:00,6886144,SA2KNG Omni UHF/VHF,16,C080010C02800C080200000000000000,,,,,,,,,12,12,,,2,1,,,,,,,,,,,8
2022-12-16T04:28:47+00:00,6886154,SA2KNG S-Band,16,C080010C02800C080200000000000000,,,,,,,,,12,12,,,2,1,,,,,,,,,,,8
2022-12-16T04:28:49+00:00,6886154,SA2KNG S-Band,16,C080010C02800C080200000000000000,,,,,,,,,12,12,,,2,1,,,,,,,,,,,8
2022-12-16T04:28:49+00:00,6886144,SA2KNG Omni UHF/VHF,16,C080010C02800C080200000000000000,,,,,,,,,12,12,,,2,1,,,,,,,,,,,8
2022-12-16T04:28:49+00:00,6883835,M0KSF,16,C080010C02800C080200000000000000,,,,,,,,,12,12,,,2,1,,,,,,,,,,,8
2022-12-16T04:28:53+00:00,6886144,SA2KNG Omni UHF/VHF,16,C080010C02800C080200000000000000,,,,,,,,,12,12,,,2,1,,,,,,,,,,,8
2022-12-16T04:28:54+00:00,6886144,SA2KNG Omni UHF/VHF,10,C0800206022C03020000,,,,,,,2,,3,6,,,2,2,,,,,,,,,,,
2022-12-16T04:29:02+00:00,6886144,SA2KNG Omni UHF/VHF,16,C080010C02800C080200000000000000,,,,,,,,,12,12,,,2,1,,,,,,,,,,,8
2022-12-16T04:29:02+00:00,6883835,M0KSF,16,C080010C02800C080200000000000000,,,,,,,,,12,12,,,2,1,,,,,,,,,,,8
2022-12-16T04:29:07+00:00,6886144,SA2KNG Omni UHF/VHF,16,C080010C02800C080200000000000000,,,,,,,,,12,12,,,2,1,,,,,,,,,,,8
2022-12-16T04:29:09+00:00,6886144,SA2KNG Omni UHF/VHF,10,C0800206022C03020000,,,,,,,2,,3,6,,,2,2,,,,,,,,,,,
2022-12-16T04:29:11+00:00,6886144,SA2KNG Omni UHF/VHF,10,C0800306022C08020000,,,,,,,,2,8,6,,,2,3,,,,,,,,,,,
2022-12-16T04:29:12+00:00,6886144,SA2KNG Omni UHF/VHF,10,C0800406022D0D020000,,2,,,,,,,13,6,,,2,4,,,,,,,,,,,
2022-12-16T04:29:17+00:00,6886144,SA2KNG Omni UHF/VHF,16,C080010C02800C080200000000000000,,,,,,,,,12,12,,,2,1,,,,,,,,,,,8
2022-12-16T04:29:17+00:00,6883835,M0KSF,16,C080010C02800C080200000000000000,,,,,,,,,12,12,,,2,1,,,,,,,,,,,8
2022-12-16T04:29:18+00:00,6886154,SA2KNG S-Band,10,C0800306022C08020000,,,,,,,,2,8,6,,,2,3,,,,,,,,,,,
2022-12-16T04:29:25+00:00,6886144,SA2KNG Omni UHF/VHF,16,C080010C02800C080200000000000000,,,,,,,,,12,12,,,2,1,,,,,,,,,,,8
2022-12-16T04:29:26+00:00,6886144,SA2KNG Omni UHF/VHF,10,C0800206022C03020000,,,,,,,2,,3,6,,,2,2,,,,,,,,,,,
2022-12-16T04:29:28+00:00,6886144,SA2KNG Omni UHF/VHF,10,C0800306022C08020000,,,,,,,,2,8,6,,,2,3,,,,,,,,,,,
2022-12-16T04:29:29+00:00,6886144,SA2KNG Omni UHF/VHF,10,C0800406022D0D020000,,2,,,,,,,13,6,,,2,4,,,,,,,,,,,
2022-12-16T04:29:31+00:00,6886144,SA2KNG Omni UHF/VHF,10,C0800506022D07020000,,,,,,2,,,7,6,,,2,5,,,,,,,,,,,
2022-12-16T04:29:34+00:00,6886154,SA2KNG S-Band,10,C0800206022C03020000,,,,,,,2,,3,6,,,2,2,,,,,,,,,,,
2022-12-16T04:29:34+00:00,6886144,SA2KNG Omni UHF/VHF,16,C080010C02800C080200000000000000,,,,,,,,,12,12,,,2,1,,,,,,,,,,,8
2022-12-16T04:29:34+00:00,6886144,SA2KNG Omni UHF/VHF,10,C0800706022D04020000,,,,,2,,,,4,6,,,2,7,,,,,,,,,,,
2022-12-16T04:29:34+00:00,6883835,M0KSF,16,C080010C02800C080200000000000000,,,,,,,,,12,12,,,2,1,,,,,,,,,,,8
2022-12-16T04:29:35+00:00,6886154,SA2KNG S-Band,10,C0800306022C08020000,,,,,,,,2,8,6,,,2,3,,,,,,,,,,,
2022-12-16T04:29:35+00:00,6886144,SA2KNG Omni UHF/VHF,10,C0800806022D0A020000,2,,,,,,,,10,6,,,2,8,,,,,,,,,,,
2022-12-16T04:29:37+00:00,6886144,SA2KNG Omni UHF/VHF,16,C0800A0C0289030890D003002B690000,,,,,,,,,3,12,8,,2,10,,,,,,,,,,,
2022-12-16T04:29:37+00:00,6886144,SA2KNG Omni UHF/VHF,10,C0800906022D1F020000,,,,2,,,,,31,6,,,2,9,,,,,,,,,,,
2022-12-16T04:29:38+00:00,6886144,SA2KNG Omni UHF/VHF,16,C0800B0C02890508E346FDFF06000000,,,,,,,,,5,12,,8,2,11,,,,,,,,,,,
2022-12-16T04:29:39+00:00,6886154,SA2KNG S-Band,10,C0800506022D07020000,,,,,,2,,,7,6,,,2,5,,,,,,,,,,,
2022-12-16T04:29:39+00:00,6886144,SA2KNG Omni UHF/VHF,13,C0800F090266900500005A005B,,,,,,,,,144,9,,,2,15,,,,5,,,,,,,
2022-12-16T04:29:39+00:00,6886144,SA2KNG Omni UHF/VHF,13,C0800E0902668B0500005B005C,,,,,,,,,139,9,,,2,14,,,5,,,,,,,,
2022-12-16T04:29:40+00:00,6886154,SA2KNG S-Band,10,C0800606022D01020000,,,2,,,,,,1,6,,,2,6,,,,,,,,,,,
2022-12-16T04:29:41+00:00,6886154,SA2KNG S-Band,10,C0800706022D04020000,,,,,2,,,,4,6,,,2,7,,,,,,,,,,,
2022-12-16T04:29:41+00:00,6886144,SA2KNG Omni UHF/VHF,13,C080110902669A05000059005A,,,,,,,,,154,9,,,2,17,,,,,,5,,,,,
2022-12-16T04:29:42+00:00,6886144,SA2KNG Omni UHF/VHF,13,C08014090266A9050000000000,,,,,,,,,169,9,,,2,20,,,,,,,,,5,,
2022-12-16T04:29:42+00:00,6886144,SA2KNG Omni UHF/VHF,13,C08013090266A40500005A005B,,,,,,,,,164,9,,,2,19,,,,,,,,5,,,
2022-12-16T04:29:43+00:00,6886154,SA2KNG S-Band,10,C0800806022D0A020000,2,,,,,,,,10,6,,,2,8,,,,,,,,,,,
2022-12-16T04:29:43+00:00,6886144,SA2KNG Omni UHF/VHF,16,C080160C02800C080C00000010E50A00,,,,,,,,,12,12,,,2,22,,,,,,,,,,,8
2022-12-16T04:29:43+00:00,6886144,SA2KNG Omni UHF/VHF,13,C08015090266AC050000000000,,,,,,,,,172,9,,,2,21,,,,,,,,,,5,
2022-12-16T04:29:45+00:00,6886154,SA2KNG S-Band,16,C0800B0C02890508E346FDFF06000000,,,,,,,,,5,12,,8,2,11,,,,,,,,,,,
2022-12-16T04:29:45+00:00,6886154,SA2KNG S-Band,16,C0800A0C0289030890D003002B690000,,,,,,,,,3,12,8,,2,10,,,,,,,,,,,
2022-12-16T04:29:45+00:00,6886154,SA2KNG S-Band,10,C0800906022D1F020000,,,,2,,,,,31,6,,,2,9,,,,,,,,,,,
2022-12-16T04:29:45+00:00,6886144,SA2KNG Omni UHF/VHF,10,C0801706022C03020000,,,,,,,2,,3,6,,,2,23,,,,,,,,,,,
2022-12-16T04:29:46+00:00,6886154,SA2KNG S-Band,13,C0800C090266810500005A005B,,,,,,,,,129,9,,,2,12,5,,,,,,,,,,
2022-12-16T04:29:46+00:00,6886144,SA2KNG Omni UHF/VHF,10,C0801806022C08020000,,,,,,,,2,8,6,,,2,24,,,,,,,,,,,
2022-12-16T04:29:47+00:00,6886154,SA2KNG S-Band,13,C0800F090266900500005A005B,,,,,,,,,144,9,,,2,15,,,,5,,,,,,,
2022-12-16T04:29:47+00:00,6886154,SA2KNG S-Band,13,C0800E0902668B0500005B005C,,,,,,,,,139,9,,,2,14,,,5,,,,,,,,
2022-12-16T04:29:47+00:00,6886154,SA2KNG S-Band,13,C0800D09026686050003B30253,,,,,,,,,134,9,,,2,13,,5,,,,,,,,,
2022-12-16T04:29:47+00:00,6886154,SA2KNG S-Band,16,C0800B0C02890508E346FDFF06000000,,,,,,,,,5,12,,8,2,11,,,,,,,,,,,
2022-12-16T04:29:47+00:00,6886154,SA2KNG S-Band,16,C0800A0C0289030890D003002B690000,,,,,,,,,3,12,8,,2,10,,,,,,,,,,,
2022-12-16T04:29:47+00:00,6886144,SA2KNG Omni UHF/VHF,16,C0800B0C02890508E346FDFF06000000,,,,,,,,,5,12,,8,2,11,,,,,,,,,,,
2022-12-16T04:29:47+00:00,6886144,SA2KNG Omni UHF/VHF,16,C0800A0C0289030890D003002B690000,,,,,,,,,3,12,8,,2,10,,,,,,,,,,,
2022-12-16T04:29:48+00:00,6886154,SA2KNG S-Band,13,C080110902669A05000059005A,,,,,,,,,154,9,,,2,17,,,,,,5,,,,,
2022-12-16T04:29:48+00:00,6886154,SA2KNG S-Band,13,C08010090266950500005B0059,,,,,,,,,149,9,,,2,16,,,,,5,,,,,,
2022-12-16T04:29:48+00:00,6886144,SA2KNG Omni UHF/VHF,10,C0801906022D0D020000,,2,,,,,,,13,6,,,2,25,,,,,,,,,,,
2022-12-16T04:29:49+00:00,6886154,SA2KNG S-Band,13,C080120902669F0500005A0059,,,,,,,,,159,9,,,2,18,,,,,,,5,,,,
2022-12-16T04:29:50+00:00,6886154,SA2KNG S-Band,13,C08014090266A9050000000000,,,,,,,,,169,9,,,2,20,,,,,,,,,5,,
2022-12-16T04:29:50+00:00,6886154,SA2KNG S-Band,13,C08013090266A40500005A005B,,,,,,,,,164,9,,,2,19,,,,,,,,5,,,
2022-12-16T04:29:51+00:00,6886154,SA2KNG S-Band,16,C080160C02800C080C00000010E50A00,,,,,,,,,12,12,,,2,22,,,,,,,,,,,8
2022-12-16T04:29:51+00:00,6886154,SA2KNG S-Band,13,C08015090266AC050000000000,,,,,,,,,172,9,,,2,21,,,,,,,,,,5,
2022-12-16T04:29:53+00:00,6886154,SA2KNG S-Band,10,C0801706022C03020000,,,,,,,2,,3,6,,,2,23,,,,,,,,,,,
2022-12-16T04:29:53+00:00,6886154,SA2KNG S-Band,16,C080160C02800C080C00000010E50A00,,,,,,,,,12,12,,,2,22,,,,,,,,,,,8
2022-12-16T04:29:53+00:00,6886144,SA2KNG Omni UHF/VHF,16,C080160C02800C080C00000010E50A00,,,,,,,,,12,12,,,2,22,,,,,,,,,,,8
2022-12-16T04:29:54+00:00,6886154,SA2KNG S-Band,10,C0801806022C08020000,,,,,,,,2,8,6,,,2,24,,,,,,,,,,,
2022-12-16T04:29:56+00:00,6886154,SA2KNG S-Band,10,C0801906022D0D020000,,2,,,,,,,13,6,,,2,25,,,,,,,,,,,
2022-12-16T04:30:00+00:00,6886144,SA2KNG Omni UHF/VHF,16,C080010C02800C080200000000000000,,,,,,,,,12,12,,,2,1,,,,,,,,,,,8
2022-12-16T04:30:10+00:00,6886144,SA2KNG Omni UHF/VHF,16,C080010C02800C080200000000000000,,,,,,,,,12,12,,,2,1,,,,,,,,,,,8
2022-12-16T04:30:10+00:00,6883835,M0KSF,16,C080010C02800C080200000000000000,,,,,,,,,12,12,,,2,1,,,,,,,,,,,8
2022-12-16T06:00:52+00:00,6883837,M0KSF,16,C080010C02800C080200000000000000,,,,,,,,,12,12,,,2,1,,,,,,,,,,,8
2022-12-16T06:01:05+00:00,6883837,M0KSF,16,C080010C02800C080200000000000000,,,,,,,,,12,12,,,2,1,,,,,,,,,,,8
2022-12-16T06:01:18+00:00,6883837,M0KSF,16,C080010C02800C080200000000000000,,,,,,,,,12,12,,,2,1,,,,,,,,,,,8
2022-12-16T06:01:32+00:00,6883889,M0KSF-BB,16,C080010C02800C0802000000D0070000,,,,,,,,,12,12,,,2,1,,,,,,,,,,,8
2022-12-16T06:01:45+00:00,6883889,M0KSF-BB,16,C080010C02800C0802000000D0070000,,,,,,,,,12,12,,,2,1,,,,,,,,,,,8
2022-12-16T06:01:45+00:00,6883837,M0KSF,16,C080010C02800C0802000000D0070000,,,,,,,,,12,12,,,2,1,,,,,,,,,,,8
2022-12-16T06:02:00+00:00,6883889,M0KSF-BB,16,C080010C02800C080200000000000000,,,,,,,,,12,12,,,2,1,,,,,,,,,,,8
2022-12-16T06:02:00+00:00,6883837,M0KSF,16,C080010C02800C080200000000000000,,,,,,,,,12,12,,,2,1,,,,,,,,,,,8
2022-12-16T06:02:14+00:00,6883889,M0KSF-BB,16,C080010C02800C080200000000000000,,,,,,,,,12,12,,,2,1,,,,,,,,,,,8
2022-12-16T06:02:14+00:00,6883837,M0KSF,16,C080010C02800C080200000000000000,,,,,,,,,12,12,,,2,1,,,,,,,,,,,8
2022-12-16T06:02:29+00:00,6883889,M0KSF-BB,16,C080010C02800C0802000000D0070000,,,,,,,,,12,12,,,2,1,,,,,,,,,,,8
2022-12-16T06:02:29+00:00,6883837,M0KSF,16,C080010C02800C0802000000D0070000,,,,,,,,,12,12,,,2,1,,,,,,,,,,,8
2022-12-16T06:02:43+00:00,6885771,OE6ISP_High_Gain_LimeSDR,16,C080010C02800C080200000000000000,,,,,,,,,12,12,,,2,1,,,,,,,,,,,8
2022-12-16T06:02:46+00:00,6883889,M0KSF-BB,16,C080010C02800C080200000000000000,,,,,,,,,12,12,,,2,1,,,,,,,,,,,8
2022-12-16T06:02:46+00:00,6883837,M0KSF,16,C080010C02800C080200000000000000,,,,,,,,,12,12,,,2,1,,,,,,,,,,,8
2022-12-16T06:03:03+00:00,6883837,M0KSF,16,C080010C02800C080200000000000000,,,,,,,,,12,12,,,2,1,,,,,,,,,,,8
2022-12-16T06:03:20+00:00,6883837,M0KSF,16,C080010C02800C080200000000000000,,,,,,,,,12,12,,,2,1,,,,,,,,,,,8
2022-12-16T06:03:37+00:00,6883889,M0KSF-BB,16,C080010C02800C080200000000000000,,,,,,,,,12,12,,,2,1,,,,,,,,,,,8
2022-12-16T06:03:37+00:00,6883837,M0KSF,16,C080010C02800C080200000000000000,,,,,,,,,12,12,,,2,1,,,,,,,,,,,8
2022-12-16T06:03:50+00:00,6886280,PE0SAT-11,16,C080010C02800C080200000000000000,,,,,,,,,12,12,,,2,1,,,,,,,,,,,8
2022-12-16T06:03:52+00:00,6886280,PE0SAT-11,10,C0800206022C03020000,,,,,,,2,,3,6,,,2,2,,,,,,,,,,,
2022-12-16T06:03:53+00:00,6886280,PE0SAT-11,10,C0800306022C08020000,,,,,,,,2,8,6,,,2,3,,,,,,,,,,,
2022-12-16T06:03:55+00:00,6886280,PE0SAT-11,16,C080010C02800C080200000000000000,,,,,,,,,12,12,,,2,1,,,,,,,,,,,8
2022-12-16T06:03:55+00:00,6886280,PE0SAT-11,10,C0800406022D0D020000,,2,,,,,,,13,6,,,2,4,,,,,,,,,,,
2022-12-16T06:03:55+00:00,6883889,M0KSF-BB,16,C080010C02800C080200000000000000,,,,,,,,,12,12,,,2,1,,,,,,,,,,,8
2022-12-16T06:03:55+00:00,6883837,M0KSF,16,C080010C02800C080200000000000000,,,,,,,,,12,12,,,2,1,,,,,,,,,,,8
2022-12-16T06:04:07+00:00,6886280,PE0SAT-11,16,C080010C02800C080200000000000000,,,,,,,,,12,12,,,2,1,,,,,,,,,,,8
2022-12-16T06:04:08+00:00,6886325,Drachten,10,C0800406022D0D020000,,2,,,,,,,13,6,,,2,4,,,,,,,,,,,
2022-12-16T06:04:09+00:00,6886280,PE0SAT-11,10,C0800206022C03020000,,,,,,,2,,3,6,,,2,2,,,,,,,,,,,
2022-12-16T06:04:10+00:00,6886280,PE0SAT-11,10,C0800306022C08020000,,,,,,,,2,8,6,,,2,3,,,,,,,,,,,
2022-12-16T06:04:12+00:00,6886280,PE0SAT-11,16,C080010C02800C080200000000000000,,,,,,,,,12,12,,,2,1,,,,,,,,,,,8
2022-12-16T06:04:12+00:00,6883837,M0KSF,16,C080010C02800C080200000000000000,,,,,,,,,12,12,,,2,1,,,,,,,,,,,8
2022-12-16T06:04:25+00:00,6886280,PE0SAT-11,16,C080010C02800C0802000000D0070000,,,,,,,,,12,12,,,2,1,,,,,,,,,,,8
2022-12-16T06:04:26+00:00,6886280,PE0SAT-11,10,C0800206022C03020000,,,,,,,2,,3,6,,,2,2,,,,,,,,,,,
2022-12-16T06:04:29+00:00,6886280,PE0SAT-11,16,C080010C02800C0802000000D0070000,,,,,,,,,12,12,,,2,1,,,,,,,,,,,8
2022-12-16T06:04:29+00:00,6886325,Drachten,16,C080010C02800C0802000000D0070000,,,,,,,,,12,12,,,2,1,,,,,,,,,,,8
2022-12-16T06:04:29+00:00,6883889,M0KSF-BB,16,C080010C02800C0802000000D0070000,,,,,,,,,12,12,,,2,1,,,,,,,,,,,8
2022-12-16T06:04:29+00:00,6883837,M0KSF,16,C080010C02800C0802000000D0070000,,,,,,,,,12,12,,,2,1,,,,,,,,,,,8
2022-12-16T06:04:37+00:00,6886325,Drachten,10,C0800206022C03020000,,,,,,,2,,3,6,,,2,2,,,,,,,,,,,
2022-12-16T06:04:39+00:00,6886280,PE0SAT-11,16,C080010C02800C080200000000000000,,,,,,,,,12,12,,,2,1,,,,,,,,,,,8
2022-12-16T06:04:41+00:00,6886280,PE0SAT-11,10,C0800206022C03020000,,,,,,,2,,3,6,,,2,2,,,,,,,,,,,
2022-12-16T06:04:43+00:00,6886280,PE0SAT-11,16,C080010C02800C080200000000000000,,,,,,,,,12,12,,,2,1,,,,,,,,,,,8
2022-12-16T06:04:43+00:00,6884707,Dunchurch,16,C080010C02800C080200000000000000,,,,,,,,,12,12,,,2,1,,,,,,,,,,,8
2022-12-16T06:04:43+00:00,6886325,Drachten,16,C080010C02800C080200000000000000,,,,,,,,,12,12,,,2,1,,,,,,,,,,,8
2022-12-16T06:04:43+00:00,6883889,M0KSF-BB,16,C080010C02800C080200000000000000,,,,,,,,,12,12,,,2,1,,,,,,,,,,,8
2022-12-16T06:04:43+00:00,6883837,M0KSF,16,C080010C02800C080200000000000000,,,,,,,,,12,12,,,2,1,,,,,,,,,,,8
2022-12-16T06:04:50+00:00,6886325,Drachten,16,C080010C02800C080200000000000000,,,,,,,,,12,12,,,2,1,,,,,,,,,,,8
2022-12-16T06:04:51+00:00,6886325,Drachten,10,C0800206022C03020000,,,,,,,2,,3,6,,,2,2,,,,,,,,,,,
2022-12-16T06:04:54+00:00,6886280,PE0SAT-11,16,C080010C02800C080200000000000000,,,,,,,,,12,12,,,2,1,,,,,,,,,,,8
2022-12-16T06:04:55+00:00,6886280,PE0SAT-11,10,C0800206022C03020000,,,,,,,2,,3,6,,,2,2,,,,,,,,,,,
2022-12-16T06:04:58+00:00,6886280,PE0SAT-11,16,C080010C02800C080200000000000000,,,,,,,,,12,12,,,2,1,,,,,,,,,,,8
2022-12-16T06:04:58+00:00,6884707,Dunchurch,16,C080010C02800C080200000000000000,,,,,,,,,12,12,,,2,1,,,,,,,,,,,8
2022-12-16T06:04:58+00:00,6886325,Drachten,16,C080010C02800C080200000000000000,,,,,,,,,12,12,,,2,1,,,,,,,,,,,8
2022-12-16T06:04:58+00:00,6883889,M0KSF-BB,16,C080010C02800C080200000000000000,,,,,,,,,12,12,,,2,1,,,,,,,,,,,8
2022-12-16T06:04:58+00:00,6883837,M0KSF,16,C080010C02800C080200000000000000,,,,,,,,,12,12,,,2,1,,,,,,,,,,,8
2022-12-16T06:05:05+00:00,6886325,Drachten,16,C080010C02800C080200000000000000,,,,,,,,,12,12,,,2,1,,,,,,,,,,,8
2022-12-16T06:05:06+00:00,6886325,Drachten,10,C0800206022C03020000,,,,,,,2,,3,6,,,2,2,,,,,,,,,,,
2022-12-16T06:05:09+00:00,6886280,PE0SAT-11,16,C080010C02800C080200000000000000,,,,,,,,,12,12,,,2,1,,,,,,,,,,,8
2022-12-16T06:05:10+00:00,6886280,PE0SAT-11,10,C0800206022C03020000,,,,,,,2,,3,6,,,2,2,,,,,,,,,,,
2022-12-16T06:05:13+00:00,6886280,PE0SAT-11,16,C080010C02800C080200000000000000,,,,,,,,,12,12,,,2,1,,,,,,,,,,,8
2022-12-16T06:05:13+00:00,6884707,Dunchurch,16,C080010C02800C080200000000000000,,,,,,,,,12,12,,,2,1,,,,,,,,,,,8
2022-12-16T06:05:13+00:00,6886325,Drachten,16,C080010C02800C080200000000000000,,,,,,,,,12,12,,,2,1,,,,,,,,,,,8
2022-12-16T06:05:13+00:00,6883889,M0KSF-BB,16,C080010C02800C080200000000000000,,,,,,,,,12,12,,,2,1,,,,,,,,,,,8
2022-12-16T06:05:13+00:00,6883837,M0KSF,16,C080010C02800C080200000000000000,,,,,,,,,12,12,,,2,1,,,,,,,,,,,8
2022-12-16T06:05:19+00:00,6886325,Drachten,16,C080010C02800C080200000000000000,,,,,,,,,12,12,,,2,1,,,,,,,,,,,8
2022-12-16T06:05:23+00:00,6886280,PE0SAT-11,16,C080010C02800C080200000000000000,,,,,,,,,12,12,,,2,1,,,,,,,,,,,8
2022-12-16T06:05:27+00:00,6886280,PE0SAT-11,16,C080010C02800C080200000000000000,,,,,,,,,12,12,,,2,1,,,,,,,,,,,8
2022-12-16T06:05:27+00:00,6886281,PE0SAT-21,16,C080010C02800C080200000000000000,,,,,,,,,12,12,,,2,1,,,,,,,,,,,8
2022-12-16T06:05:27+00:00,6884707,Dunchurch,16,C080010C02800C080200000000000000,,,,,,,,,12,12,,,2,1,,,,,,,,,,,8
2022-12-16T06:05:27+00:00,6883889,M0KSF-BB,16,C080010C02800C080200000000000000,,,,,,,,,12,12,,,2,1,,,,,,,,,,,8
2022-12-16T06:05:27+00:00,6883837,M0KSF,16,C080010C02800C080200000000000000,,,,,,,,,12,12,,,2,1,,,,,,,,,,,8
2022-12-16T06:05:35+00:00,6886280,PE0SAT-11,16,C080010C02800C080200000000000000,,,,,,,,,12,12,,,2,1,,,,,,,,,,,8
2022-12-16T06:05:40+00:00,6886280,PE0SAT-11,16,C080010C02800C080200000000000000,,,,,,,,,12,12,,,2,1,,,,,,,,,,,8
2022-12-16T06:05:40+00:00,6883889,M0KSF-BB,16,C080010C02800C080200000000000000,,,,,,,,,12,12,,,2,1,,,,,,,,,,,8
2022-12-16T06:05:40+00:00,6883837,M0KSF,16,C080010C02800C080200000000000000,,,,,,,,,12,12,,,2,1,,,,,,,,,,,8
2022-12-16T09:52:23+00:00,6887322,JH4XSY-pi,16,C080010C02800C080200000000000000,,,,,,,,,12,12,,,2,1,,,,,,,,,,,8
2022-12-16T09:53:02+00:00,6887322,JH4XSY-pi,16,C080010C02800C080200000000000000,,,,,,,,,12,12,,,2,1,,,,,,,,,,,8
2022-12-16T09:53:14+00:00,6887322,JH4XSY-pi,16,C080010C02800C080200000000000000,,,,,,,,,12,12,,,2,1,,,,,,,,,,,8
2022-12-16T09:53:28+00:00,6887322,JH4XSY-pi,16,C080010C02800C080200000000000000,,,,,,,,,12,12,,,2,1,,,,,,,,,,,8
2022-12-16T10:00:42+00:00,6887387,YB8XM,13,C0803A090266950500005A0057,,,,,,,,,149,9,,,2,58,,,,,5,,,,,,
2022-12-16T10:00:47+00:00,6887387,YB8XM,13,C0803B0902669A050000580058,,,,,,,,,154,9,,,2,59,,,,,,5,,,,,
2022-12-16T10:00:53+00:00,6887387,YB8XM,13,C0803F090266AC050000000000,,,,,,,,,172,9,,,2,63,,,,,,,,,,5,
2022-12-16T10:00:53+00:00,6887387,YB8XM,13,C0803E090266A9050000000000,,,,,,,,,169,9,,,2,62,,,,,,,,,5,,
2022-12-16T10:01:08+00:00,6887387,YB8XM,13,C0804D0902668B0500005A0059,,,,,,,,,139,9,,,2,77,,,5,,,,,,,,
2022-12-16T10:01:09+00:00,6887387,YB8XM,13,C0804F090266950500005A0057,,,,,,,,,149,9,,,2,79,,,,,5,,,,,,
2022-12-16T10:01:24+00:00,6887387,YB8XM,10,C0805B06022D04020000,,,,,2,,,,4,6,,,2,91,,,,,,,,,,,
2022-12-16T23:14:10+00:00,6889334,MAUSyagi,16,C080010C02800C080200000000000000,,,,,,,,,12,12,,,2,1,,,,,,,,,,,8
2022-12-16T23:14:11+00:00,6889334,MAUSyagi,10,C0800206022C03020000,,,,,,,2,,3,6,,,2,2,,,,,,,,,,,
2022-12-16T23:14:13+00:00,6889322,MAUSyagi,16,C080010C02800C080200000000000000,,,,,,,,,12,12,,,2,1,,,,,,,,,,,8
2022-12-16T23:14:14+00:00,6889322,MAUSyagi,10,C0800206022C03020000,,,,,,,2,,3,6,,,2,2,,,,,,,,,,,
2022-12-16T23:14:14+00:00,6889322,MAUSyagi,16,C080010C02800C080200000000000000,,,,,,,,,12,12,,,2,1,,,,,,,,,,,8
2022-12-16T23:14:24+00:00,6889334,MAUSyagi,16,C080010C02800C080200000000000000,,,,,,,,,12,12,,,2,1,,,,,,,,,,,8
2022-12-16T23:14:27+00:00,6889322,MAUSyagi,16,C080010C02800C080200000000000000,,,,,,,,,12,12,,,2,1,,,,,,,,,,,8
2022-12-16T23:14:29+00:00,6889334,MAUSyagi,16,C080010C02800C080200000000000000,,,,,,,,,12,12,,,2,1,,,,,,,,,,,8
2022-12-16T23:14:43+00:00,6889334,MAUSyagi,16,C080010C02800C0802000000D0070000,,,,,,,,,12,12,,,2,1,,,,,,,,,,,8
2022-12-16T23:14:55+00:00,6889334,MAUSyagi,10,C0800206022C03020000,,,,,,,2,,3,6,,,2,2,,,,,,,,,,,
2022-12-17T03:54:54+00:00,6888513,M0KSF,16,C080010C02800C0802000000D0070000,,,,,,,,,12,12,,,2,1,,,,,,,,,,,8
2022-12-17T07:09:42+00:00,6888518,M0KSF,16,C080010C02800C080200000000000000,,,,,,,,,12,12,,,2,1,,,,,,,,,,,8
2022-12-17T07:09:54+00:00,6888561,M0KSF-BB,16,C080010C02800C0802000000D0070000,,,,,,,,,12,12,,,2,1,,,,,,,,,,,8
2022-12-17T07:09:54+00:00,6888518,M0KSF,16,C080010C02800C0802000000D0070000,,,,,,,,,12,12,,,2,1,,,,,,,,,,,8
2022-12-17T07:10:19+00:00,6888561,M0KSF-BB,16,C080010C02800C080200000000000000,,,,,,,,,12,12,,,2,1,,,,,,,,,,,8
2022-12-17T07:10:19+00:00,6888518,M0KSF,16,C080010C02800C080200000000000000,,,,,,,,,12,12,,,2,1,,,,,,,,,,,8
2022-12-17T07:10:32+00:00,6888561,M0KSF-BB,16,C080010C02800C080200000000000000,,,,,,,,,12,12,,,2,1,,,,,,,,,,,8
2022-12-17T07:10:32+00:00,6888518,M0KSF,16,C080010C02800C080200000000000000,,,,,,,,,12,12,,,2,1,,,,,,,,,,,8
2022-12-17T07:10:44+00:00,6888561,M0KSF-BB,16,C080010C02800C0802000000D0070000,,,,,,,,,12,12,,,2,1,,,,,,,,,,,8
2022-12-17T07:10:44+00:00,6888518,M0KSF,16,C080010C02800C0802000000D0070000,,,,,,,,,12,12,,,2,1,,,,,,,,,,,8
2022-12-17T07:10:57+00:00,6888561,M0KSF-BB,16,C080010C02800C080200000000000000,,,,,,,,,12,12,,,2,1,,,,,,,,,,,8
2022-12-17T07:10:57+00:00,6888518,M0KSF,16,C080010C02800C080200000000000000,,,,,,,,,12,12,,,2,1,,,,,,,,,,,8
2022-12-17T07:11:09+00:00,6888561,M0KSF-BB,16,C080010C02800C080200000000000000,,,,,,,,,12,12,,,2,1,,,,,,,,,,,8
2022-12-17T07:11:09+00:00,6888518,M0KSF,16,C080010C02800C080200000000000000,,,,,,,,,12,12,,,2,1,,,,,,,,,,,8
2022-12-17T07:11:34+00:00,6888561,M0KSF-BB,16,C080010C02800C080200000000000000,,,,,,,,,12,12,,,2,1,,,,,,,,,,,8
2022-12-17T07:11:34+00:00,6888518,M0KSF,16,C080010C02800C080200000000000000,,,,,,,,,12,12,,,2,1,,,,,,,,,,,8
2022-12-17T07:11:47+00:00,6888518,M0KSF,16,C080010C02800C080200000000000000,,,,,,,,,12,12,,,2,1,,,,,,,,,,,8
2022-12-17T07:11:59+00:00,6888518,M0KSF,16,C080010C02800C0802000000D0070000,,,,,,,,,12,12,,,2,1,,,,,,,,,,,8
2022-12-17T07:12:12+00:00,6888561,M0KSF-BB,16,C080010C02800C080200000000000000,,,,,,,,,12,12,,,2,1,,,,,,,,,,,8
2022-12-17T07:12:12+00:00,6888518,M0KSF,16,C080010C02800C080200000000000000,,,,,,,,,12,12,,,2,1,,,,,,,,,,,8
2022-12-17T07:12:24+00:00,6888561,M0KSF-BB,16,C080010C02800C080200000000000000,,,,,,,,,12,12,,,2,1,,,,,,,,,,,8
2022-12-17T07:12:24+00:00,6888518,M0KSF,16,C080010C02800C080200000000000000,,,,,,,,,12,12,,,2,1,,,,,,,,,,,8
2022-12-17T07:13:02+00:00,6888561,M0KSF-BB,16,C080010C02800C080200000000000000,,,,,,,,,12,12,,,2,1,,,,,,,,,,,8
2022-12-17T07:13:02+00:00,6888518,M0KSF,16,C080010C02800C080200000000000000,,,,,,,,,12,12,,,2,1,,,,,,,,,,,8
2022-12-17T07:13:15+00:00,6888518,M0KSF,16,C080010C02800C080200000000000000,,,,,,,,,12,12,,,2,1,,,,,,,,,,,8
2022-12-17T07:13:28+00:00,6888561,M0KSF-BB,16,C080010C02800C080200000000000000,,,,,,,,,12,12,,,2,1,,,,,,,,,,,8
2022-12-17T07:13:28+00:00,6888518,M0KSF,16,C080010C02800C080200000000000000,,,,,,,,,12,12,,,2,1,,,,,,,,,,,8
2022-12-17T07:13:43+00:00,6888518,M0KSF,16,C080010C02800C080200000000000000,,,,,,,,,12,12,,,2,1,,,,,,,,,,,8
2022-12-17T07:13:57+00:00,6888518,M0KSF,16,C080010C02800C080200000000000000,,,,,,,,,12,12,,,2,1,,,,,,,,,,,8
2022-12-17T07:14:12+00:00,6888518,M0KSF,16,C080010C02800C080200000000000000,,,,,,,,,12,12,,,2,1,,,,,,,,,,,8
2022-12-17T07:14:27+00:00,6888518,M0KSF,16,C080010C02800C080200000000000000,,,,,,,,,12,12,,,2,1,,,,,,,,,,,8
2022-12-17T07:14:44+00:00,6888518,M0KSF,16,C080010C02800C0802000000E8030000,,,,,,,,,12,12,,,2,1,,,,,,,,,,,8
2022-12-17T07:15:01+00:00,6888518,M0KSF,16,C080010C02800C080200000000000000,,,,,,,,,12,12,,,2,1,,,,,,,,,,,8
2022-12-17T07:15:16+00:00,6888518,M0KSF,16,C080010C02800C080200000000000000,,,,,,,,,12,12,,,2,1,,,,,,,,,,,8
2022-12-17T07:15:30+00:00,6888518,M0KSF,16,C080010C02800C080200000000000000,,,,,,,,,12,12,,,2,1,,,,,,,,,,,8
2022-12-17T07:15:45+00:00,6888518,M0KSF,16,C080010C02800C080200000000000000,,,,,,,,,12,12,,,2,1,,,,,,,,,,,8
2022-12-17T07:16:00+00:00,6888518,M0KSF,16,C080010C02800C080200000000000000,,,,,,,,,12,12,,,2,1,,,,,,,,,,,8
2022-12-17T10:26:39+00:00,6890909,MAUSyagi,10,C0800606022D01020000,,,2,,,,,,1,6,,,2,6,,,,,,,,,,,
2022-12-17T10:26:39+00:00,6890913,MAUSyagi,10,C0800806022D0A020000,2,,,,,,,,10,6,,,2,8,,,,,,,,,,,
2022-12-17T10:26:41+00:00,6890909,MAUSyagi,10,C0800706022D04020000,,,,,2,,,,4,6,,,2,7,,,,,,,,,,,
2022-12-17T10:26:41+00:00,6890913,MAUSyagi,10,C0800906022D1F020000,,,,2,,,,,31,6,,,2,9,,,,,,,,,,,
2022-12-17T10:26:42+00:00,6890909,MAUSyagi,10,C0800806022D0A020000,2,,,,,,,,10,6,,,2,8,,,,,,,,,,,
2022-12-17T10:26:43+00:00,6890913,MAUSyagi,13,C0800E0902668B0500005A005C,,,,,,,,,139,9,,,2,14,,,5,,,,,,,,
2022-12-17T10:26:43+00:00,6890913,MAUSyagi,13,C0800D09026686050003C4025B,,,,,,,,,134,9,,,2,13,,5,,,,,,,,,
2022-12-17T10:26:44+00:00,6890909,MAUSyagi,10,C0800906022D1F020000,,,,2,,,,,31,6,,,2,9,,,,,,,,,,,
2022-12-17T10:26:44+00:00,6890909,MAUSyagi,16,C0800A0C0289030897530600119B0200,,,,,,,,,3,12,8,,2,10,,,,,,,,,,,
2022-12-17T10:26:45+00:00,6890909,MAUSyagi,16,C0800A0C0289030897530600119B0200,,,,,,,,,3,12,8,,2,10,,,,,,,,,,,
2022-12-17T10:26:45+00:00,6890909,MAUSyagi,13,C0800C090266810500005A005C,,,,,,,,,129,9,,,2,12,5,,,,,,,,,,
2022-12-17T10:26:45+00:00,6890913,MAUSyagi,13,C080110902669A05000059005B,,,,,,,,,154,9,,,2,17,,,,,,5,,,,,
2022-12-17T10:26:46+00:00,6890909,MAUSyagi,16,C0800B0C028905086D97FEFF06000000,,,,,,,,,5,12,,8,2,11,,,,,,,,,,,
2022-12-17T10:26:46+00:00,6890909,MAUSyagi,13,C0800D09026686050003C4025B,,,,,,,,,134,9,,,2,13,,5,,,,,,,,,
2022-12-17T10:26:46+00:00,6890909,MAUSyagi,13,C0800E0902668B0500005A005C,,,,,,,,,139,9,,,2,14,,,5,,,,,,,,
2022-12-17T10:26:46+00:00,6890913,MAUSyagi,13,C08013090266A40500005A005B,,,,,,,,,164,9,,,2,19,,,,,,,,5,,,
2022-12-17T10:26:47+00:00,6890909,MAUSyagi,13,C0800F0902669005000059005A,,,,,,,,,144,9,,,2,15,,,,5,,,,,,,
2022-12-17T10:26:47+00:00,6890909,MAUSyagi,13,C08010090266950500005B0059,,,,,,,,,149,9,,,2,16,,,,,5,,,,,,
2022-12-17T10:26:48+00:00,6890909,MAUSyagi,13,C080120902669F0500005B005A,,,,,,,,,159,9,,,2,18,,,,,,,5,,,,
2022-12-17T10:26:48+00:00,6890909,MAUSyagi,13,C080110902669A05000059005B,,,,,,,,,154,9,,,2,17,,,,,,5,,,,,
2022-12-17T10:26:49+00:00,6890909,MAUSyagi,13,C08014090266A9050000000000,,,,,,,,,169,9,,,2,20,,,,,,,,,5,,
2022-12-17T10:26:49+00:00,6890909,MAUSyagi,13,C08013090266A40500005A005B,,,,,,,,,164,9,,,2,19,,,,,,,,5,,,
2022-12-17T10:26:50+00:00,6890909,MAUSyagi,13,C08015090266AC050000000000,,,,,,,,,172,9,,,2,21,,,,,,,,,,5,
2022-12-17T10:26:50+00:00,6890909,MAUSyagi,16,C080160C02800C080C00000010E50A00,,,,,,,,,12,12,,,2,22,,,,,,,,,,,8
2022-12-17T10:26:52+00:00,6890909,MAUSyagi,16,C080160C02800C080C00000010E50A00,,,,,,,,,12,12,,,2,22,,,,,,,,,,,8
2022-12-17T10:26:52+00:00,6890909,MAUSyagi,10,C0801706022C03020000,,,,,,,2,,3,6,,,2,23,,,,,,,,,,,
2022-12-17T10:26:53+00:00,6890909,MAUSyagi,10,C0801806022C08020000,,,,,,,,2,8,6,,,2,24,,,,,,,,,,,
2022-12-17T10:26:56+00:00,6890909,MAUSyagi,10,C0801A06022D07020000,,,,,,2,,,7,6,,,2,26,,,,,,,,,,,
2022-12-17T10:27:00+00:00,6890909,MAUSyagi,10,C0801B06022D01020000,,,2,,,,,,1,6,,,2,27,,,,,,,,,,,
2022-12-17T10:27:03+00:00,6890909,MAUSyagi,10,C0801C06022D04020000,,,,,2,,,,4,6,,,2,28,,,,,,,,,,,
2022-12-17T10:27:04+00:00,6890909,MAUSyagi,10,C0801D06022D0A020000,2,,,,,,,,10,6,,,2,29,,,,,,,,,,,
2022-12-17T10:27:05+00:00,6890909,MAUSyagi,10,C0801E06022D1F020000,,,,2,,,,,31,6,,,2,30,,,,,,,,,,,
2022-12-17T10:27:06+00:00,6890909,MAUSyagi,16,C0801F0C02890308ED2507001CB60200,,,,,,,,,3,12,8,,2,31,,,,,,,,,,,
2022-12-17T10:27:07+00:00,6890909,MAUSyagi,16,C0801F0C02890308ED2507001CB60200,,,,,,,,,3,12,8,,2,31,,,,,,,,,,,
2022-12-17T10:27:07+00:00,6890909,MAUSyagi,16,C080200C0289050866F9000011000000,,,,,,,,,5,12,,8,2,32,,,,,,,,,,,
2022-12-17T10:27:07+00:00,6890909,MAUSyagi,13,C08021090266810500005A005B,,,,,,,,,129,9,,,2,33,5,,,,,,,,,,
2022-12-17T10:27:07+00:00,6890909,MAUSyagi,13,C0802209026686050003C3025C,,,,,,,,,134,9,,,2,34,,5,,,,,,,,,
2022-12-17T10:27:08+00:00,6890909,MAUSyagi,16,C080200C0289050866F9000011000000,,,,,,,,,5,12,,8,2,32,,,,,,,,,,,
2022-12-17T10:27:08+00:00,6890909,MAUSyagi,13,C080230902668B0500005A005B,,,,,,,,,139,9,,,2,35,,,5,,,,,,,,
2022-12-17T10:27:09+00:00,6890909,MAUSyagi,13,C08025090266950500005B0059,,,,,,,,,149,9,,,2,37,,,,,5,,,,,,
2022-12-17T10:27:09+00:00,6890909,MAUSyagi,13,C080240902669005000059005B,,,,,,,,,144,9,,,2,36,,,,5,,,,,,,
2022-12-17T10:27:10+00:00,6890909,MAUSyagi,13,C080260902669A05000059005A,,,,,,,,,154,9,,,2,38,,,,,,5,,,,,
2022-12-17T10:27:10+00:00,6890909,MAUSyagi,13,C080270902669F0500005B005A,,,,,,,,,159,9,,,2,39,,,,,,,5,,,,
2022-12-17T10:27:10+00:00,6890909,MAUSyagi,13,C08028090266A405000059005A,,,,,,,,,164,9,,,2,40,,,,,,,,5,,,
2022-12-17T10:27:10+00:00,6890913,MAUSyagi,10,C0802C06022C03020000,,,,,,,2,,3,6,,,2,44,,,,,,,,,,,
2022-12-17T10:27:11+00:00,6890909,MAUSyagi,13,C08029090266A9050000000000,,,,,,,,,169,9,,,2,41,,,,,,,,,5,,
2022-12-17T10:27:12+00:00,6890909,MAUSyagi,16,C0802B0C02800C081700000028050500,,,,,,,,,12,12,,,2,43,,,,,,,,,,,8
2022-12-17T10:27:13+00:00,6890909,MAUSyagi,16,C0802B0C02800C081700000028050500,,,,,,,,,12,12,,,2,43,,,,,,,,,,,8
2022-12-17T10:27:13+00:00,6890909,MAUSyagi,10,C0802C06022C03020000,,,,,,,2,,3,6,,,2,44,,,,,,,,,,,
2022-12-17T10:27:21+00:00,6890909,MAUSyagi,10,C0803106022D04020000,,,,,2,,,,4,6,,,2,49,,,,,,,,,,,
2022-12-17T10:27:23+00:00,6890909,MAUSyagi,10,C0803206022D0A020000,2,,,,,,,,10,6,,,2,50,,,,,,,,,,,
2022-12-17T10:27:24+00:00,6890909,MAUSyagi,10,C0803306022D1F020000,,,,2,,,,,31,6,,,2,51,,,,,,,,,,,
2022-12-17T10:27:25+00:00,6890909,MAUSyagi,16,C080350C0289050833EF02001C000000,,,,,,,,,5,12,,8,2,53,,,,,,,,,,,
2022-12-17T10:27:26+00:00,6890909,MAUSyagi,16,C080350C0289050833EF02001C000000,,,,,,,,,5,12,,8,2,53,,,,,,,,,,,
2022-12-17T10:27:26+00:00,6890909,MAUSyagi,16,C080340C02890308CD10FDFF2E540500,,,,,,,,,3,12,8,,2,52,,,,,,,,,,,
2022-12-17T10:27:26+00:00,6890909,MAUSyagi,13,C0803709026686050003AD0253,,,,,,,,,134,9,,,2,55,,5,,,,,,,,,
2022-12-17T10:27:26+00:00,6890909,MAUSyagi,13,C080380902668B0500005B005C,,,,,,,,,139,9,,,2,56,,,5,,,,,,,,
2022-12-17T10:27:26+00:00,6890909,MAUSyagi,13,C080360902668105000059005C,,,,,,,,,129,9,,,2,54,5,,,,,,,,,,
2022-12-17T10:27:30+00:00,6890909,MAUSyagi,13,C08039090266900500005A005B,,,,,,,,,144,9,,,2,57,,,,5,,,,,,,
2022-12-17T10:27:33+00:00,6890913,MAUSyagi,13,C0803A090266950500005B0058,,,,,,,,,149,9,,,2,58,,,,,5,,,,,,
2022-12-17T10:27:37+00:00,6890913,MAUSyagi,13,C0803B0902669A0500005A0059,,,,,,,,,154,9,,,2,59,,,,,,5,,,,,
2022-12-17T10:27:40+00:00,6890909,MAUSyagi,13,C0803B0902669A0500005A0059,,,,,,,,,154,9,,,2,59,,,,,,5,,,,,
2022-12-17T10:27:42+00:00,6890913,MAUSyagi,13,C0803D090266A40500005A005B,,,,,,,,,164,9,,,2,61,,,,,,,,5,,,
2022-12-17T10:27:42+00:00,6890913,MAUSyagi,13,C0803C0902669F0500005B0057,,,,,,,,,159,9,,,2,60,,,,,,,5,,,,
2022-12-17T10:27:45+00:00,6890909,MAUSyagi,13,C0803C0902669F0500005B0057,,,,,,,,,159,9,,,2,60,,,,,,,5,,,,
2022-12-17T10:27:45+00:00,6890909,MAUSyagi,13,C0803D090266A40500005A005B,,,,,,,,,164,9,,,2,61,,,,,,,,5,,,
2022-12-17T10:27:46+00:00,6890909,MAUSyagi,13,C0803E090266A9050000000000,,,,,,,,,169,9,,,2,62,,,,,,,,,5,,
2022-12-17T10:27:46+00:00,6890909,MAUSyagi,13,C0803F090266AC059A3468D0A0,,,,,,,,,172,9,,,2,63,,,,,,,,,,5,
2022-12-17T10:27:47+00:00,6890909,MAUSyagi,16,C080400C02800C0822000000B0360000,,,,,,,,,12,12,,,2,64,,,,,,,,,,,8
2022-12-17T10:27:48+00:00,6890909,MAUSyagi,16,C080400C02800C0822000000B0360000,,,,,,,,,12,12,,,2,64,,,,,,,,,,,8
2022-12-17T10:27:48+00:00,6890909,MAUSyagi,10,C0804106022C03020000,,,,,,,2,,3,6,,,2,65,,,,,,,,,,,
2022-12-17T10:27:50+00:00,6890909,MAUSyagi,10,C0804206022C08020000,,,,,,,,2,8,6,,,2,66,,,,,,,,,,,
2022-12-17T10:27:50+00:00,6890913,MAUSyagi,10,C0804406022D07020000,,,,,,2,,,7,6,,,2,68,,,,,,,,,,,
2022-12-17T10:27:51+00:00,6890909,MAUSyagi,10,C0804306022D0D020000,,2,,,,,,,13,6,,,2,67,,,,,,,,,,,
2022-12-17T10:27:53+00:00,6890909,MAUSyagi,10,C0804406022D07020000,,,,,,2,,,7,6,,,2,68,,,,,,,,,,,
2022-12-17T10:27:53+00:00,6890913,MAUSyagi,10,C0804606022D04020000,,,,,2,,,,4,6,,,2,70,,,,,,,,,,,
2022-12-17T10:27:54+00:00,6890909,MAUSyagi,10,C0804506022D01020000,,,2,,,,,,1,6,,,2,69,,,,,,,,,,,
2022-12-17T10:27:56+00:00,6890909,MAUSyagi,10,C0804606022D04020000,,,,,2,,,,4,6,,,2,70,,,,,,,,,,,
2022-12-17T10:27:57+00:00,6890909,MAUSyagi,10,C0804706022D0A020000,2,,,,,,,,10,6,,,2,71,,,,,,,,,,,
2022-12-17T10:27:58+00:00,6890913,MAUSyagi,13,C0804C09026686050003A70242,,,,,,,,,134,9,,,2,76,,5,,,,,,,,,
2022-12-17T10:27:59+00:00,6890909,MAUSyagi,16,C080490C02890308C2DA01007DA30300,,,,,,,,,3,12,8,,2,73,,,,,,,,,,,
2022-12-17T10:27:59+00:00,6890909,MAUSyagi,10,C0804806022D1F020000,,,,2,,,,,31,6,,,2,72,,,,,,,,,,,
2022-12-17T10:27:59+00:00,6890913,MAUSyagi,13,C0804E090266900500005A005B,,,,,,,,,144,9,,,2,78,,,,5,,,,,,,
2022-12-17T10:27:59+00:00,6890913,MAUSyagi,13,C0804F090266950500005B0059,,,,,,,,,149,9,,,2,79,,,,,5,,,,,,
2022-12-17T10:28:00+00:00,6890909,MAUSyagi,16,C080490C02890308C2DA01007DA30300,,,,,,,,,3,12,8,,2,73,,,,,,,,,,,
2022-12-17T10:28:00+00:00,6890909,MAUSyagi,16,C0804A0C02890508D0FB010026000000,,,,,,,,,5,12,,8,2,74,,,,,,,,,,,
2022-12-17T10:28:00+00:00,6890909,MAUSyagi,13,C0804B0902668105000059005B,,,,,,,,,129,9,,,2,75,5,,,,,,,,,,
2022-12-17T10:28:00+00:00,6890913,MAUSyagi,13,C080510902669F0500005A005B,,,,,,,,,159,9,,,2,81,,,,,,,5,,,,
2022-12-17T10:28:01+00:00,6890909,MAUSyagi,16,C0804A0C02890508D0FB010026000000,,,,,,,,,5,12,,8,2,74,,,,,,,,,,,
2022-12-17T10:28:01+00:00,6890909,MAUSyagi,13,C0804D0902668B0500005B005B,,,,,,,,,139,9,,,2,77,,,5,,,,,,,,
2022-12-17T10:28:01+00:00,6890909,MAUSyagi,13,C0804C09026686050003A70242,,,,,,,,,134,9,,,2,76,,5,,,,,,,,,
2022-12-17T10:28:01+00:00,6890913,MAUSyagi,16,C080490C02890308C2DA01007DA30300,,,,,,,,,3,12,8,,2,73,,,,,,,,,,,
2022-12-17T10:28:01+00:00,6890913,MAUSyagi,13,C08053090266A9050000000000,,,,,,,,,169,9,,,2,83,,,,,,,,,5,,
2022-12-17T10:28:01+00:00,6890913,MAUSyagi,13,C08052090266A405000059005B,,,,,,,,,164,9,,,2,82,,,,,,,,5,,,
2022-12-17T10:28:02+00:00,6890909,MAUSyagi,13,C0804E090266900500005A005B,,,,,,,,,144,9,,,2,78,,,,5,,,,,,,
2022-12-17T10:28:02+00:00,6890913,MAUSyagi,16,C080550C02800C082C00000008100B00,,,,,,,,,12,12,,,2,85,,,,,,,,,,,8
2022-12-17T10:28:02+00:00,6890913,MAUSyagi,13,C08054090266AC050000000000,,,,,,,,,172,9,,,2,84,,,,,,,,,,5,
2022-12-17T10:28:03+00:00,6890909,MAUSyagi,13,C080500902669A0500005A0059,,,,,,,,,154,9,,,2,80,,,,,,5,,,,,
2022-12-17T10:28:03+00:00,6890909,MAUSyagi,13,C0804F090266950500005B0059,,,,,,,,,149,9,,,2,79,,,,,5,,,,,,
2022-12-17T10:28:03+00:00,6890909,MAUSyagi,13,C080510902669F0500005A005B,,,,,,,,,159,9,,,2,81,,,,,,,5,,,,
2022-12-17T10:28:04+00:00,6890909,MAUSyagi,13,C08052090266A405000059005B,,,,,,,,,164,9,,,2,82,,,,,,,,5,,,
2022-12-17T10:28:05+00:00,6890909,MAUSyagi,13,C08054090266AC050000000000,,,,,,,,,172,9,,,2,84,,,,,,,,,,5,
2022-12-17T10:28:05+00:00,6890909,MAUSyagi,16,C080550C02800C082C00000008100B00,,,,,,,,,12,12,,,2,85,,,,,,,,,,,8
2022-12-17T10:28:05+00:00,6890909,MAUSyagi,13,C08053090266A9050000000000,,,,,,,,,169,9,,,2,83,,,,,,,,,5,,
2022-12-17T10:28:05+00:00,6890913,MAUSyagi,10,C0805606022C03020000,,,,,,,2,,3,6,,,2,86,,,,,,,,,,,
2022-12-17T10:28:06+00:00,6890913,MAUSyagi,10,C0805706022C08020000,,,,,,,,2,8,6,,,2,87,,,,,,,,,,,
2022-12-17T10:28:07+00:00,6890909,MAUSyagi,16,C080550C02800C082C00000008100B00,,,,,,,,,12,12,,,2,85,,,,,,,,,,,8
2022-12-17T10:28:08+00:00,6890909,MAUSyagi,10,C0805606022C03020000,,,,,,,2,,3,6,,,2,86,,,,,,,,,,,
2022-12-17T10:28:08+00:00,6890913,MAUSyagi,10,C0805806022D0D020000,,2,,,,,,,13,6,,,2,88,,,,,,,,,,,
2022-12-17T10:28:10+00:00,6890909,MAUSyagi,10,C0805706022C08020000,,,,,,,,2,8,6,,,2,87,,,,,,,,,,,
2022-12-17T10:28:10+00:00,6890913,MAUSyagi,10,C0805906022D07020000,,,,,,2,,,7,6,,,2,89,,,,,,,,,,,
2022-12-17T10:28:11+00:00,6890909,MAUSyagi,10,C0805806022D0D020000,,2,,,,,,,13,6,,,2,88,,,,,,,,,,,
2022-12-17T10:28:13+00:00,6890909,MAUSyagi,10,C0805906022D07020000,,,,,,2,,,7,6,,,2,89,,,,,,,,,,,
2022-12-17T10:28:13+00:00,6890913,MAUSyagi,10,C0805A06022D01020000,,,2,,,,,,1,6,,,2,90,,,,,,,,,,,
2022-12-17T10:28:14+00:00,6890913,MAUSyagi,10,C0805B06022D04020000,,,,,2,,,,4,6,,,2,91,,,,,,,,,,,
2022-12-17T10:28:16+00:00,6890909,MAUSyagi,10,C0805A06022D01020000,,,2,,,,,,1,6,,,2,90,,,,,,,,,,,
2022-12-17T10:28:17+00:00,6890909,MAUSyagi,10,C0805B06022D04020000,,,,,2,,,,4,6,,,2,91,,,,,,,,,,,
2022-12-17T10:31:41+00:00,6890913,MAUSyagi,16,C080010C02800C080200000000000000,,,,,,,,,12,12,,,2,1,,,,,,,,,,,8
2022-12-17T10:31:44+00:00,6890909,MAUSyagi,16,C080010C02800C080200000000000000,,,,,,,,,12,12,,,2,1,,,,,,,,,,,8
2022-12-17T10:31:45+00:00,6890909,MAUSyagi,16,C080010C02800C080200000000000000,,,,,,,,,12,12,,,2,1,,,,,,,,,,,8
2022-12-17T10:31:45+00:00,6890915,MAUSyagi-AK,16,C080010C02800C080200000000000000,,,,,,,,,12,12,,,2,1,,,,,,,,,,,8
2022-12-17T10:31:53+00:00,6890913,MAUSyagi,16,C080010C02800C0802000000D0070000,,,,,,,,,12,12,,,2,1,,,,,,,,,,,8
2022-12-17T10:31:57+00:00,6890909,MAUSyagi,16,C080010C02800C0802000000D0070000,,,,,,,,,12,12,,,2,1,,,,,,,,,,,8
2022-12-17T17:39:02+00:00,6888537,M0KSF,16,C080010C02800C080200000000000000,,,,,,,,,12,12,,,2,1,,,,,,,,,,,8
2022-12-18T03:17:52+00:00,6895033,SA2KNG Omni UHF/VHF,10,C0800306022C08020000,,,,,,,,2,8,6,,,2,3,,,,,,,,,,,
2022-12-18T03:18:10+00:00,6895033,SA2KNG Omni UHF/VHF,16,C080010C02800C080200000000000000,,,,,,,,,12,12,,,2,1,,,,,,,,,,,8
2022-12-18T03:18:12+00:00,6895033,SA2KNG Omni UHF/VHF,10,C0800206022C03020000,,,,,,,2,,3,6,,,2,2,,,,,,,,,,,
2022-12-18T03:18:13+00:00,6895033,SA2KNG Omni UHF/VHF,10,C0800306022C08020000,,,,,,,,2,8,6,,,2,3,,,,,,,,,,,
2022-12-18T03:18:15+00:00,6895033,SA2KNG Omni UHF/VHF,10,C0800406022D0D020000,,2,,,,,,,13,6,,,2,4,,,,,,,,,,,
2022-12-18T03:18:16+00:00,6895033,SA2KNG Omni UHF/VHF,10,C0800506022D07020000,,,,,,2,,,7,6,,,2,5,,,,,,,,,,,
2022-12-18T03:18:18+00:00,6895033,SA2KNG Omni UHF/VHF,10,C0800606022D01020000,,,2,,,,,,1,6,,,2,6,,,,,,,,,,,
2022-12-18T03:18:19+00:00,6895033,SA2KNG Omni UHF/VHF,10,C0800706022D04020000,,,,,2,,,,4,6,,,2,7,,,,,,,,,,,
2022-12-18T03:18:20+00:00,6895033,SA2KNG Omni UHF/VHF,16,C080010C02800C080200000000000000,,,,,,,,,12,12,,,2,1,,,,,,,,,,,8
2022-12-18T03:18:21+00:00,6895033,SA2KNG Omni UHF/VHF,10,C0800806022D0A020000,2,,,,,,,,10,6,,,2,8,,,,,,,,,,,
2022-12-18T03:18:22+00:00,6895033,SA2KNG Omni UHF/VHF,10,C0800906022D1F020000,,,,2,,,,,31,6,,,2,9,,,,,,,,,,,
2022-12-18T03:18:23+00:00,6895033,SA2KNG Omni UHF/VHF,16,C0800B0C028905084DBD000006000000,,,,,,,,,5,12,,8,2,11,,,,,,,,,,,
2022-12-18T03:18:23+00:00,6895033,SA2KNG Omni UHF/VHF,16,C0800A0C028903083B7205003510FEFF,,,,,,,,,3,12,8,,2,10,,,,,,,,,,,
2022-12-18T03:18:24+00:00,6895033,SA2KNG Omni UHF/VHF,13,C0800D09026686050003D50258,,,,,,,,,134,9,,,2,13,,5,,,,,,,,,
2022-12-18T03:18:24+00:00,6895033,SA2KNG Omni UHF/VHF,13,C0800C090266810500005A005C,,,,,,,,,129,9,,,2,12,5,,,,,,,,,,
2022-12-18T03:18:25+00:00,6895033,SA2KNG Omni UHF/VHF,13,C0800E0902668B0500005B005C,,,,,,,,,139,9,,,2,14,,,5,,,,,,,,
2022-12-18T03:18:26+00:00,6895033,SA2KNG Omni UHF/VHF,13,C080110902669A0500005A005A,,,,,,,,,154,9,,,2,17,,,,,,5,,,,,
2022-12-18T03:18:26+00:00,6895033,SA2KNG Omni UHF/VHF,13,C08010090266950500005B0057,,,,,,,,,149,9,,,2,16,,,,,5,,,,,,
2022-12-18T03:18:27+00:00,6895033,SA2KNG Omni UHF/VHF,13,C08013090266A405000058005B,,,,,,,,,164,9,,,2,19,,,,,,,,5,,,
2022-12-18T03:18:27+00:00,6895033,SA2KNG Omni UHF/VHF,13,C080120902669F0500005B005B,,,,,,,,,159,9,,,2,18,,,,,,,5,,,,
2022-12-18T03:18:28+00:00,6895033,SA2KNG Omni UHF/VHF,13,C08015090266AC050000000000,,,,,,,,,172,9,,,2,21,,,,,,,,,,5,
2022-12-18T03:18:28+00:00,6895033,SA2KNG Omni UHF/VHF,13,C08014090266A9050000000000,,,,,,,,,169,9,,,2,20,,,,,,,,,5,,
2022-12-18T03:18:29+00:00,6895033,SA2KNG Omni UHF/VHF,16,C080160C02800C080C00000010E50A00,,,,,,,,,12,12,,,2,22,,,,,,,,,,,8
2022-12-18T03:18:31+00:00,6895033,SA2KNG Omni UHF/VHF,10,C0801706022C03020000,,,,,,,2,,3,6,,,2,23,,,,,,,,,,,
2022-12-18T03:18:32+00:00,6895033,SA2KNG Omni UHF/VHF,16,C0800A0C028903083B7205003510FEFF,,,,,,,,,3,12,8,,2,10,,,,,,,,,,,
2022-12-18T03:18:32+00:00,6895033,SA2KNG Omni UHF/VHF,10,C0801806022C08020000,,,,,,,,2,8,6,,,2,24,,,,,,,,,,,
2022-12-18T03:18:33+00:00,6895033,SA2KNG Omni UHF/VHF,16,C0800B0C028905084DBD000006000000,,,,,,,,,5,12,,8,2,11,,,,,,,,,,,
2022-12-18T03:18:34+00:00,6895033,SA2KNG Omni UHF/VHF,10,C0801906022D0D020000,,2,,,,,,,13,6,,,2,25,,,,,,,,,,,
2022-12-18T03:18:35+00:00,6895033,SA2KNG Omni UHF/VHF,10,C0801A06022D07020000,,,,,,2,,,7,6,,,2,26,,,,,,,,,,,
2022-12-18T03:18:38+00:00,6895033,SA2KNG Omni UHF/VHF,16,C080160C02800C080C00000010E50A00,,,,,,,,,12,12,,,2,22,,,,,,,,,,,8
2022-12-18T03:18:39+00:00,6895033,SA2KNG Omni UHF/VHF,10,C0801B06022D01020000,,,2,,,,,,1,6,,,2,27,,,,,,,,,,,
2022-12-18T03:18:52+00:00,6895033,SA2KNG Omni UHF/VHF,16,C080010C02800C080200000000000000,,,,,,,,,12,12,,,2,1,,,,,,,,,,,8
2022-12-18T03:18:53+00:00,6895033,SA2KNG Omni UHF/VHF,10,C0800206022C03020000,,,,,,,2,,3,6,,,2,2,,,,,,,,,,,
2022-12-18T03:18:55+00:00,6895033,SA2KNG Omni UHF/VHF,10,C0800306022C08020000,,,,,,,,2,8,6,,,2,3,,,,,,,,,,,
2022-12-18T03:18:56+00:00,6895033,SA2KNG Omni UHF/VHF,10,C0800406022D0D020000,,2,,,,,,,13,6,,,2,4,,,,,,,,,,,
2022-12-18T03:18:58+00:00,6895033,SA2KNG Omni UHF/VHF,10,C0800506022D07020000,,,,,,2,,,7,6,,,2,5,,,,,,,,,,,
2022-12-18T03:18:59+00:00,6895033,SA2KNG Omni UHF/VHF,10,C0800606022D01020000,,,2,,,,,,1,6,,,2,6,,,,,,,,,,,
2022-12-18T03:19:01+00:00,6895033,SA2KNG Omni UHF/VHF,16,C080010C02800C080200000000000000,,,,,,,,,12,12,,,2,1,,,,,,,,,,,8
2022-12-18T03:19:01+00:00,6895033,SA2KNG Omni UHF/VHF,10,C0800706022D04020000,,,,,2,,,,4,6,,,2,7,,,,,,,,,,,
2022-12-18T03:19:02+00:00,6895033,SA2KNG Omni UHF/VHF,10,C0800806022D0A020000,2,,,,,,,,10,6,,,2,8,,,,,,,,,,,
2022-12-18T03:19:04+00:00,6895033,SA2KNG Omni UHF/VHF,16,C0800A0C028903080D0305004D49FEFF,,,,,,,,,3,12,8,,2,10,,,,,,,,,,,
2022-12-18T03:19:04+00:00,6895033,SA2KNG Omni UHF/VHF,10,C0800906022D1F020000,,,,2,,,,,31,6,,,2,9,,,,,,,,,,,
2022-12-18T03:19:05+00:00,6895033,SA2KNG Omni UHF/VHF,13,C0800C090266810500005A005C,,,,,,,,,129,9,,,2,12,5,,,,,,,,,,
2022-12-18T03:19:05+00:00,6895033,SA2KNG Omni UHF/VHF,16,C0800B0C02890508327B000006000000,,,,,,,,,5,12,,8,2,11,,,,,,,,,,,
2022-12-18T03:19:06+00:00,6895033,SA2KNG Omni UHF/VHF,13,C0800E0902668B0500005A005B,,,,,,,,,139,9,,,2,14,,,5,,,,,,,,
2022-12-18T03:19:06+00:00,6895033,SA2KNG Omni UHF/VHF,13,C0800D09026686050003D10263,,,,,,,,,134,9,,,2,13,,5,,,,,,,,,
2022-12-18T03:19:07+00:00,6895033,SA2KNG Omni UHF/VHF,13,C08010090266950500005B0058,,,,,,,,,149,9,,,2,16,,,,,5,,,,,,
2022-12-18T03:19:07+00:00,6895033,SA2KNG Omni UHF/VHF,13,C0800F0902669005000059005B,,,,,,,,,144,9,,,2,15,,,,5,,,,,,,
2022-12-18T03:19:08+00:00,6895033,SA2KNG Omni UHF/VHF,13,C080120902669F0500005B0059,,,,,,,,,159,9,,,2,18,,,,,,,5,,,,
2022-12-18T03:19:08+00:00,6895033,SA2KNG Omni UHF/VHF,13,C080110902669A0500005A005B,,,,,,,,,154,9,,,2,17,,,,,,5,,,,,
2022-12-18T03:19:09+00:00,6895033,SA2KNG Omni UHF/VHF,13,C08014090266A9050000000000,,,,,,,,,169,9,,,2,20,,,,,,,,,5,,
2022-12-18T03:19:09+00:00,6895033,SA2KNG Omni UHF/VHF,13,C08013090266A40500005A005A,,,,,,,,,164,9,,,2,19,,,,,,,,5,,,
2022-12-18T03:19:10+00:00,6895033,SA2KNG Omni UHF/VHF,16,C080160C02800C080C00000010E50A00,,,,,,,,,12,12,,,2,22,,,,,,,,,,,8
2022-12-18T03:19:10+00:00,6895033,SA2KNG Omni UHF/VHF,13,C08015090266AC050000000000,,,,,,,,,172,9,,,2,21,,,,,,,,,,5,
2022-12-18T03:19:12+00:00,6895033,SA2KNG Omni UHF/VHF,10,C0801706022C03020000,,,,,,,2,,3,6,,,2,23,,,,,,,,,,,
2022-12-18T03:19:13+00:00,6895033,SA2KNG Omni UHF/VHF,10,C0801806022C08020000,,,,,,,,2,8,6,,,2,24,,,,,,,,,,,
2022-12-18T03:19:13+00:00,6895033,SA2KNG Omni UHF/VHF,16,C0800A0C028903080D0305004D49FEFF,,,,,,,,,3,12,8,,2,10,,,,,,,,,,,
2022-12-18T03:19:14+00:00,6895042,SA2KNG S-Band,13,C0800F0902669005000059005B,,,,,,,,,144,9,,,2,15,,,,5,,,,,,,
2022-12-18T03:19:14+00:00,6895042,SA2KNG S-Band,13,C0800E0902668B0500005A005B,,,,,,,,,139,9,,,2,14,,,5,,,,,,,,
2022-12-18T03:19:14+00:00,6895033,SA2KNG Omni UHF/VHF,16,C0800B0C02890508327B000006000000,,,,,,,,,5,12,,8,2,11,,,,,,,,,,,
2022-12-18T03:19:15+00:00,6895042,SA2KNG S-Band,13,C080110902669A0500005A005B,,,,,,,,,154,9,,,2,17,,,,,,5,,,,,
2022-12-18T03:19:15+00:00,6895042,SA2KNG S-Band,13,C08010090266950500005B0058,,,,,,,,,149,9,,,2,16,,,,,5,,,,,,
2022-12-18T03:19:15+00:00,6895033,SA2KNG Omni UHF/VHF,10,C0801906022D0D020000,,2,,,,,,,13,6,,,2,25,,,,,,,,,,,
2022-12-18T03:19:16+00:00,6895033,SA2KNG Omni UHF/VHF,10,C0801A06022D07020000,,,,,,2,,,7,6,,,2,26,,,,,,,,,,,
2022-12-18T03:19:20+00:00,6895033,SA2KNG Omni UHF/VHF,16,C080160C02800C080C00000010E50A00,,,,,,,,,12,12,,,2,22,,,,,,,,,,,8
2022-12-18T03:19:29+00:00,6895033,SA2KNG Omni UHF/VHF,16,C080010C02800C080200000000000000,,,,,,,,,12,12,,,2,1,,,,,,,,,,,8
2022-12-18T03:19:31+00:00,6895033,SA2KNG Omni UHF/VHF,10,C0800206022C03020000,,,,,,,2,,3,6,,,2,2,,,,,,,,,,,
2022-12-18T03:19:32+00:00,6895033,SA2KNG Omni UHF/VHF,10,C0800306022C08020000,,,,,,,,2,8,6,,,2,3,,,,,,,,,,,
2022-12-18T03:19:34+00:00,6895033,SA2KNG Omni UHF/VHF,10,C0800406022D0D020000,,2,,,,,,,13,6,,,2,4,,,,,,,,,,,
2022-12-18T03:19:35+00:00,6895033,SA2KNG Omni UHF/VHF,10,C0800506022D07020000,,,,,,2,,,7,6,,,2,5,,,,,,,,,,,
2022-12-18T03:19:36+00:00,6895033,SA2KNG Omni UHF/VHF,10,C0800606022D01020000,,,2,,,,,,1,6,,,2,6,,,,,,,,,,,
2022-12-18T03:19:38+00:00,6895033,SA2KNG Omni UHF/VHF,16,C080010C02800C080200000000000000,,,,,,,,,12,12,,,2,1,,,,,,,,,,,8
2022-12-18T03:19:38+00:00,6895033,SA2KNG Omni UHF/VHF,10,C0800706022D04020000,,,,,2,,,,4,6,,,2,7,,,,,,,,,,,
2022-12-18T03:19:40+00:00,6895033,SA2KNG Omni UHF/VHF,10,C0800806022D0A020000,2,,,,,,,,10,6,,,2,8,,,,,,,,,,,
2022-12-18T03:19:41+00:00,6895033,SA2KNG Omni UHF/VHF,16,C0800A0C02890308418105005255FEFF,,,,,,,,,3,12,8,,2,10,,,,,,,,,,,
2022-12-18T03:19:41+00:00,6895033,SA2KNG Omni UHF/VHF,10,C0800906022D1F020000,,,,2,,,,,31,6,,,2,9,,,,,,,,,,,
2022-12-18T03:19:42+00:00,6895033,SA2KNG Omni UHF/VHF,16,C0800B0C028905082863000006000000,,,,,,,,,5,12,,8,2,11,,,,,,,,,,,
2022-12-18T03:19:43+00:00,6895033,SA2KNG Omni UHF/VHF,13,C0800D09026686050003CC0261,,,,,,,,,134,9,,,2,13,,5,,,,,,,,,
2022-12-18T03:19:43+00:00,6895033,SA2KNG Omni UHF/VHF,13,C0800C090266810500005A005C,,,,,,,,,129,9,,,2,12,5,,,,,,,,,,
2022-12-18T03:19:44+00:00,6895033,SA2KNG Omni UHF/VHF,13,C0800F090266900500005A005B,,,,,,,,,144,9,,,2,15,,,,5,,,,,,,
2022-12-18T03:19:44+00:00,6895033,SA2KNG Omni UHF/VHF,13,C0800E0902668B0500005A005C,,,,,,,,,139,9,,,2,14,,,5,,,,,,,,
2022-12-18T03:19:45+00:00,6895033,SA2KNG Omni UHF/VHF,13,C080120902669F0500005B005A,,,,,,,,,159,9,,,2,18,,,,,,,5,,,,
2022-12-18T03:19:45+00:00,6895033,SA2KNG Omni UHF/VHF,13,C080110902669A05000059005A,,,,,,,,,154,9,,,2,17,,,,,,5,,,,,
2022-12-18T03:19:45+00:00,6895033,SA2KNG Omni UHF/VHF,13,C08010090266950500005A0059,,,,,,,,,149,9,,,2,16,,,,,5,,,,,,
2022-12-18T03:19:49+00:00,6895042,SA2KNG S-Band,16,C0800A0C02890308418105005255FEFF,,,,,,,,,3,12,8,,2,10,,,,,,,,,,,
2022-12-18T03:19:51+00:00,6895033,SA2KNG Omni UHF/VHF,16,C0800B0C028905082863000006000000,,,,,,,,,5,12,,8,2,11,,,,,,,,,,,
2022-12-18T03:19:51+00:00,6895033,SA2KNG Omni UHF/VHF,16,C0800A0C02890308418105005255FEFF,,,,,,,,,3,12,8,,2,10,,,,,,,,,,,
2022-12-18T03:19:58+00:00,6895033,SA2KNG Omni UHF/VHF,16,C080010C02800C080200000000000000,,,,,,,,,12,12,,,2,1,,,,,,,,,,,8
2022-12-18T03:20:00+00:00,6895033,SA2KNG Omni UHF/VHF,10,C0800206022C03020000,,,,,,,2,,3,6,,,2,2,,,,,,,,,,,
2022-12-18T03:20:01+00:00,6895033,SA2KNG Omni UHF/VHF,10,C0800306022C08020000,,,,,,,,2,8,6,,,2,3,,,,,,,,,,,
2022-12-18T03:20:03+00:00,6895033,SA2KNG Omni UHF/VHF,10,C0800406022D0D020000,,2,,,,,,,13,6,,,2,4,,,,,,,,,,,
2022-12-18T03:20:05+00:00,6895033,SA2KNG Omni UHF/VHF,10,C0800506022D07020000,,,,,,2,,,7,6,,,2,5,,,,,,,,,,,
2022-12-18T03:20:06+00:00,6895033,SA2KNG Omni UHF/VHF,10,C0800606022D01020000,,,2,,,,,,1,6,,,2,6,,,,,,,,,,,
2022-12-18T03:20:07+00:00,6895033,SA2KNG Omni UHF/VHF,10,C0800706022D04020000,,,,,2,,,,4,6,,,2,7,,,,,,,,,,,
2022-12-18T03:20:08+00:00,6895042,SA2KNG S-Band,10,C0800206022C03020000,,,,,,,2,,3,6,,,2,2,,,,,,,,,,,
2022-12-18T03:20:08+00:00,6895033,SA2KNG Omni UHF/VHF,16,C080010C02800C080200000000000000,,,,,,,,,12,12,,,2,1,,,,,,,,,,,8
2022-12-18T03:20:09+00:00,6895033,SA2KNG Omni UHF/VHF,10,C0800806022D0A020000,2,,,,,,,,10,6,,,2,8,,,,,,,,,,,
2022-12-18T03:20:14+00:00,6895042,SA2KNG S-Band,10,C0800606022D01020000,,,2,,,,,,1,6,,,2,6,,,,,,,,,,,
2022-12-18T03:20:16+00:00,6895042,SA2KNG S-Band,10,C0800806022D0A020000,2,,,,,,,,10,6,,,2,8,,,,,,,,,,,
2022-12-18T03:20:23+00:00,6895033,SA2KNG Omni UHF/VHF,16,C080010C02800C080200000000000000,,,,,,,,,12,12,,,2,1,,,,,,,,,,,8
2022-12-18T03:20:30+00:00,6895042,SA2KNG S-Band,16,C080010C02800C080200000000000000,,,,,,,,,12,12,,,2,1,,,,,,,,,,,8
2022-12-18T03:20:32+00:00,6895042,SA2KNG S-Band,16,C080010C02800C080200000000000000,,,,,,,,,12,12,,,2,1,,,,,,,,,,,8
2022-12-18T03:20:32+00:00,6895033,SA2KNG Omni UHF/VHF,16,C080010C02800C080200000000000000,,,,,,,,,12,12,,,2,1,,,,,,,,,,,8
2022-12-18T05:00:26+00:00,6892657,M0KSF,16,C080010C02800C080200000000000000,,,,,,,,,12,12,,,2,1,,,,,,,,,,,8
2022-12-18T05:00:39+00:00,6892657,M0KSF,16,C080010C02800C080200000000000000,,,,,,,,,12,12,,,2,1,,,,,,,,,,,8
2022-12-18T06:40:58+00:00,6892659,M0KSF,16,C080010C02800C080200000000000000,,,,,,,,,12,12,,,2,1,,,,,,,,,,,8
2022-12-18T09:00:42+00:00,6896266,VK5KJP-UHF,16,C080010C02800C0802000000D0070000,,,,,,,,,12,12,,,2,1,,,,,,,,,,,8
2022-12-18T09:01:11+00:00,6896266,VK5KJP-UHF,16,C080010C02800C080200000000000000,,,,,,,,,12,12,,,2,1,,,,,,,,,,,8
2022-12-18T09:03:34+00:00,6896266,VK5KJP-UHF,16,C080010C02800C080200000000000000,,,,,,,,,12,12,,,2,1,,,,,,,,,,,8
2022-12-18T11:31:49+00:00,6895932,MAUSyagi,16,C080010C02800C080200000000000000,,,,,,,,,12,12,,,2,1,,,,,,,,,,,8
2022-12-18T11:31:50+00:00,6895932,MAUSyagi,10,C0800206022C03020000,,,,,,,2,,3,6,,,2,2,,,,,,,,,,,
2022-12-18T11:31:52+00:00,6895925,MAUSyagi,16,C080010C02800C080200000000000000,,,,,,,,,12,12,,,2,1,,,,,,,,,,,8
2022-12-18T11:31:53+00:00,6895925,MAUSyagi,16,C080010C02800C080200000000000000,,,,,,,,,12,12,,,2,1,,,,,,,,,,,8
2022-12-18T11:31:53+00:00,6895925,MAUSyagi,10,C0800206022C03020000,,,,,,,2,,3,6,,,2,2,,,,,,,,,,,
2022-12-18T11:32:19+00:00,6895932,MAUSyagi,10,C0800206022C03020000,,,,,,,2,,3,6,,,2,2,,,,,,,,,,,
2022-12-18T11:32:22+00:00,6895932,MAUSyagi,16,C080010C02800C080200000000000000,,,,,,,,,12,12,,,2,1,,,,,,,,,,,8
2022-12-18T11:32:51+00:00,6895925,MAUSyagi,16,C080010C02800C080200000000000000,,,,,,,,,12,12,,,2,1,,,,,,,,,,,8
2022-12-18T11:33:28+00:00,6895939,MAUSyagi-AK,10,C0800306022C08020000,,,,,,,,2,8,6,,,2,3,,,,,,,,,,,
2022-12-18T11:33:32+00:00,6895939,MAUSyagi-AK,10,C0800506022D07020000,,,,,,2,,,7,6,,,2,5,,,,,,,,,,,
2022-12-18T11:33:33+00:00,6895939,MAUSyagi-AK,10,C0800606022D01020000,,,2,,,,,,1,6,,,2,6,,,,,,,,,,,
2022-12-18T11:33:35+00:00,6895939,MAUSyagi-AK,10,C0800706022D04020000,,,,,2,,,,4,6,,,2,7,,,,,,,,,,,
2022-12-18T11:33:36+00:00,6895939,MAUSyagi-AK,10,C0800806022D0A020000,2,,,,,,,,10,6,,,2,8,,,,,,,,,,,
2022-12-18T11:33:37+00:00,6895939,MAUSyagi-AK,10,C0800906022D1F020000,,,,2,,,,,31,6,,,2,9,,,,,,,,,,,
2022-12-18T11:33:38+00:00,6895939,MAUSyagi-AK,16,C0800A0C02890308C12A0900DCC3FAFF,,,,,,,,,3,12,8,,2,10,,,,,,,,,,,
2022-12-18T11:33:39+00:00,6895939,MAUSyagi-AK,13,C0800C0902668105000059005B,,,,,,,,,129,9,,,2,12,5,,,,,,,,,,
2022-12-18T11:33:39+00:00,6895939,MAUSyagi-AK,16,C0800B0C028905082CF8FDFF06000000,,,,,,,,,5,12,,8,2,11,,,,,,,,,,,
2022-12-18T11:33:40+00:00,6895939,MAUSyagi-AK,16,C0800A0C02890308C12A0900DCC3FAFF,,,,,,,,,3,12,8,,2,10,,,,,,,,,,,
2022-12-18T11:33:40+00:00,6895939,MAUSyagi-AK,13,C0800E0902668B0500005B005C,,,,,,,,,139,9,,,2,14,,,5,,,,,,,,
2022-12-18T11:33:40+00:00,6895939,MAUSyagi-AK,13,C0800D09026686050003EC026F,,,,,,,,,134,9,,,2,13,,5,,,,,,,,,
2022-12-18T11:33:41+00:00,6895939,MAUSyagi-AK,16,C0800B0C028905082CF8FDFF06000000,,,,,,,,,5,12,,8,2,11,,,,,,,,,,,
2022-12-18T11:33:41+00:00,6895939,MAUSyagi-AK,13,C0800F090266900500005A005B,,,,,,,,,144,9,,,2,15,,,,5,,,,,,,
2022-12-18T11:33:41+00:00,6895939,MAUSyagi-AK,13,C08010090266950500005B0058,,,,,,,,,149,9,,,2,16,,,,,5,,,,,,
2022-12-18T11:33:42+00:00,6895939,MAUSyagi-AK,13,C080110902669A05000059005B,,,,,,,,,154,9,,,2,17,,,,,,5,,,,,
2022-12-18T11:33:42+00:00,6895939,MAUSyagi-AK,13,C080120902669F0500005B005A,,,,,,,,,159,9,,,2,18,,,,,,,5,,,,
2022-12-18T11:33:55+00:00,6895939,MAUSyagi-AK,16,C080010C02800C080200000000000000,,,,,,,,,12,12,,,2,1,,,,,,,,,,,8
2022-12-18T11:33:56+00:00,6895939,MAUSyagi-AK,10,C0800206022C03020000,,,,,,,2,,3,6,,,2,2,,,,,,,,,,,
2022-12-18T11:33:57+00:00,6895939,MAUSyagi-AK,16,C080010C02800C080200000000000000,,,,,,,,,12,12,,,2,1,,,,,,,,,,,8
2022-12-18T11:33:58+00:00,6895939,MAUSyagi-AK,10,C0800306022C08020000,,,,,,,,2,8,6,,,2,3,,,,,,,,,,,
2022-12-18T11:33:59+00:00,6895939,MAUSyagi-AK,10,C0800406022D0D020000,,2,,,,,,,13,6,,,2,4,,,,,,,,,,,
2022-12-18T11:34:00+00:00,6895939,MAUSyagi-AK,10,C0800506022D07020000,,,,,,2,,,7,6,,,2,5,,,,,,,,,,,
2022-12-18T11:34:02+00:00,6895939,MAUSyagi-AK,10,C0800606022D01020000,,,2,,,,,,1,6,,,2,6,,,,,,,,,,,
2022-12-18T11:34:04+00:00,6895939,MAUSyagi-AK,10,C0800706022D04020000,,,,,2,,,,4,6,,,2,7,,,,,,,,,,,
2022-12-18T11:34:15+00:00,6895932,MAUSyagi,16,C080010C02800C080200000000000000,,,,,,,,,12,12,,,2,1,,,,,,,,,,,8
2022-12-18T11:34:16+00:00,6895932,MAUSyagi,10,C0800206022C03020000,,,,,,,2,,3,6,,,2,2,,,,,,,,,,,
2022-12-18T11:34:17+00:00,6895932,MAUSyagi,10,C0800306022C08020000,,,,,,,,2,8,6,,,2,3,,,,,,,,,,,
2022-12-18T11:34:18+00:00,6895925,MAUSyagi,16,C080010C02800C080200000000000000,,,,,,,,,12,12,,,2,1,,,,,,,,,,,8
2022-12-18T11:34:18+00:00,6895939,MAUSyagi-AK,10,C0800206022C03020000,,,,,,,2,,3,6,,,2,2,,,,,,,,,,,
2022-12-18T11:34:19+00:00,6895925,MAUSyagi,16,C080010C02800C080200000000000000,,,,,,,,,12,12,,,2,1,,,,,,,,,,,8
2022-12-18T11:34:19+00:00,6895925,MAUSyagi,10,C0800206022C03020000,,,,,,,2,,3,6,,,2,2,,,,,,,,,,,
2022-12-18T11:34:19+00:00,6895932,MAUSyagi,10,C0800406022D0D020000,,2,,,,,,,13,6,,,2,4,,,,,,,,,,,
2022-12-18T11:34:21+00:00,6895925,MAUSyagi,10,C0800306022C08020000,,,,,,,,2,8,6,,,2,3,,,,,,,,,,,
2022-12-18T11:34:21+00:00,6895932,MAUSyagi,10,C0800506022D07020000,,,,,,2,,,7,6,,,2,5,,,,,,,,,,,
2022-12-18T11:34:21+00:00,6895939,MAUSyagi-AK,10,C0800406022D0D020000,,2,,,,,,,13,6,,,2,4,,,,,,,,,,,
2022-12-18T11:34:22+00:00,6895925,MAUSyagi,10,C0800406022D0D020000,,2,,,,,,,13,6,,,2,4,,,,,,,,,,,
2022-12-18T11:34:22+00:00,6895932,MAUSyagi,10,C0800606022D01020000,,,2,,,,,,1,6,,,2,6,,,,,,,,,,,
2022-12-18T11:34:22+00:00,6895939,MAUSyagi-AK,10,C0800506022D07020000,,,,,,2,,,7,6,,,2,5,,,,,,,,,,,
2022-12-18T11:34:24+00:00,6895939,MAUSyagi-AK,10,C0800606022D01020000,,,2,,,,,,1,6,,,2,6,,,,,,,,,,,
2022-12-18T11:34:24+00:00,6895925,MAUSyagi,10,C0800506022D07020000,,,,,,2,,,7,6,,,2,5,,,,,,,,,,,
2022-12-18T11:34:24+00:00,6895932,MAUSyagi,10,C0800706022D04020000,,,,,2,,,,4,6,,,2,7,,,,,,,,,,,
2022-12-18T11:34:25+00:00,6895925,MAUSyagi,10,C0800606022D01020000,,,2,,,,,,1,6,,,2,6,,,,,,,,,,,
2022-12-18T11:34:26+00:00,6895932,MAUSyagi,10,C0800906022D1F020000,,,,2,,,,,31,6,,,2,9,,,,,,,,,,,
2022-12-18T11:34:27+00:00,6895925,MAUSyagi,10,C0800706022D04020000,,,,,2,,,,4,6,,,2,7,,,,,,,,,,,
2022-12-18T11:34:27+00:00,6895932,MAUSyagi,16,C0800A0C028903089DF1030053E7FBFF,,,,,,,,,3,12,8,,2,10,,,,,,,,,,,
2022-12-18T11:34:28+00:00,6895925,MAUSyagi,10,C0800806022D0A020000,2,,,,,,,,10,6,,,2,8,,,,,,,,,,,
2022-12-18T11:34:28+00:00,6895932,MAUSyagi,13,C0800D09026686050003E2026A,,,,,,,,,134,9,,,2,13,,5,,,,,,,,,
2022-12-18T11:34:28+00:00,6895932,MAUSyagi,16,C0800B0C028905084F4FFEFF06000000,,,,,,,,,5,12,,8,2,11,,,,,,,,,,,
2022-12-18T11:34:28+00:00,6895932,MAUSyagi,13,C0800C0902668105000059005C,,,,,,,,,129,9,,,2,12,5,,,,,,,,,,
2022-12-18T11:34:29+00:00,6895939,MAUSyagi-AK,10,C0800906022D1F020000,,,,2,,,,,31,6,,,2,9,,,,,,,,,,,
2022-12-18T11:34:30+00:00,6895925,MAUSyagi,16,C0800A0C028903089DF1030053E7FBFF,,,,,,,,,3,12,8,,2,10,,,,,,,,,,,
2022-12-18T11:34:30+00:00,6895925,MAUSyagi,10,C0800906022D1F020000,,,,2,,,,,31,6,,,2,9,,,,,,,,,,,
2022-12-18T11:34:30+00:00,6895939,MAUSyagi-AK,13,C0800C0902668105000059005C,,,,,,,,,129,9,,,2,12,5,,,,,,,,,,
2022-12-18T11:34:30+00:00,6895939,MAUSyagi-AK,16,C0800B0C028905084F4FFEFF06000000,,,,,,,,,5,12,,8,2,11,,,,,,,,,,,
2022-12-18T11:34:31+00:00,6895925,MAUSyagi,16,C0800A0C028903089DF1030053E7FBFF,,,,,,,,,3,12,8,,2,10,,,,,,,,,,,
2022-12-18T11:34:31+00:00,6895925,MAUSyagi,16,C0800B0C028905084F4FFEFF06000000,,,,,,,,,5,12,,8,2,11,,,,,,,,,,,
2022-12-18T11:34:31+00:00,6895925,MAUSyagi,13,C0800C0902668105000059005C,,,,,,,,,129,9,,,2,12,5,,,,,,,,,,
2022-12-18T11:34:31+00:00,6895939,MAUSyagi-AK,16,C0800A0C028903089DF1030053E7FBFF,,,,,,,,,3,12,8,,2,10,,,,,,,,,,,
2022-12-18T11:34:32+00:00,6895925,MAUSyagi,16,C0800B0C028905084F4FFEFF06000000,,,,,,,,,5,12,,8,2,11,,,,,,,,,,,
2022-12-18T11:34:32+00:00,6895925,MAUSyagi,13,C0800D09026686050003E2026A,,,,,,,,,134,9,,,2,13,,5,,,,,,,,,
2022-12-18T11:34:32+00:00,6895939,MAUSyagi-AK,16,C0800B0C028905084F4FFEFF06000000,,,,,,,,,5,12,,8,2,11,,,,,,,,,,,
2022-12-18T11:34:41+00:00,6895932,MAUSyagi,16,C080010C02800C080200000000000000,,,,,,,,,12,12,,,2,1,,,,,,,,,,,8
2022-12-18T11:34:43+00:00,6895932,MAUSyagi,10,C0800206022C03020000,,,,,,,2,,3,6,,,2,2,,,,,,,,,,,
2022-12-18T11:34:43+00:00,6895939,MAUSyagi-AK,16,C080010C02800C080200000000000000,,,,,,,,,12,12,,,2,1,,,,,,,,,,,8
2022-12-18T11:34:44+00:00,6895932,MAUSyagi,10,C0800306022C08020000,,,,,,,,2,8,6,,,2,3,,,,,,,,,,,
2022-12-18T11:34:45+00:00,6895925,MAUSyagi,16,C080010C02800C080200000000000000,,,,,,,,,12,12,,,2,1,,,,,,,,,,,8
2022-12-18T11:34:45+00:00,6895939,MAUSyagi-AK,10,C0800206022C03020000,,,,,,,2,,3,6,,,2,2,,,,,,,,,,,
2022-12-18T11:34:46+00:00,6895925,MAUSyagi,16,C080010C02800C080200000000000000,,,,,,,,,12,12,,,2,1,,,,,,,,,,,8
2022-12-18T11:34:46+00:00,6895925,MAUSyagi,10,C0800206022C03020000,,,,,,,2,,3,6,,,2,2,,,,,,,,,,,
2022-12-18T11:34:46+00:00,6895932,MAUSyagi,10,C0800406022D0D020000,,2,,,,,,,13,6,,,2,4,,,,,,,,,,,
2022-12-18T11:34:46+00:00,6895939,MAUSyagi-AK,16,C080010C02800C080200000000000000,,,,,,,,,12,12,,,2,1,,,,,,,,,,,8
2022-12-18T11:34:46+00:00,6895939,MAUSyagi-AK,10,C0800306022C08020000,,,,,,,,2,8,6,,,2,3,,,,,,,,,,,
2022-12-18T11:34:47+00:00,6895932,MAUSyagi,10,C0800506022D07020000,,,,,,2,,,7,6,,,2,5,,,,,,,,,,,
2022-12-18T11:34:47+00:00,6895925,MAUSyagi,10,C0800306022C08020000,,,,,,,,2,8,6,,,2,3,,,,,,,,,,,
2022-12-18T11:34:48+00:00,6895939,MAUSyagi-AK,10,C0800406022D0D020000,,2,,,,,,,13,6,,,2,4,,,,,,,,,,,
2022-12-18T11:34:49+00:00,6895925,MAUSyagi,10,C0800406022D0D020000,,2,,,,,,,13,6,,,2,4,,,,,,,,,,,
2022-12-18T11:34:49+00:00,6895932,MAUSyagi,10,C0800606022D01020000,,,2,,,,,,1,6,,,2,6,,,,,,,,,,,
2022-12-18T11:34:50+00:00,6895925,MAUSyagi,10,C0800506022D07020000,,,,,,2,,,7,6,,,2,5,,,,,,,,,,,
2022-12-18T11:34:50+00:00,6895939,MAUSyagi-AK,10,C0800506022D07020000,,,,,,2,,,7,6,,,2,5,,,,,,,,,,,
2022-12-18T11:34:51+00:00,6895932,MAUSyagi,10,C0800706022D04020000,,,,,2,,,,4,6,,,2,7,,,,,,,,,,,
2022-12-18T11:34:51+00:00,6895939,MAUSyagi-AK,10,C0800606022D01020000,,,2,,,,,,1,6,,,2,6,,,,,,,,,,,
2022-12-18T11:34:52+00:00,6895925,MAUSyagi,10,C0800606022D01020000,,,2,,,,,,1,6,,,2,6,,,,,,,,,,,
2022-12-18T11:34:52+00:00,6895932,MAUSyagi,10,C0800806022D0A020000,2,,,,,,,,10,6,,,2,8,,,,,,,,,,,
2022-12-18T11:34:52+00:00,6895939,MAUSyagi-AK,10,C0800706022D04020000,,,,,2,,,,4,6,,,2,7,,,,,,,,,,,
2022-12-18T11:34:53+00:00,6895925,MAUSyagi,10,C0800706022D04020000,,,,,2,,,,4,6,,,2,7,,,,,,,,,,,
2022-12-18T11:34:53+00:00,6895932,MAUSyagi,10,C0800906022D1F020000,,,,2,,,,,31,6,,,2,9,,,,,,,,,,,
2022-12-18T11:34:54+00:00,6895939,MAUSyagi-AK,10,C0800806022D0A020000,2,,,,,,,,10,6,,,2,8,,,,,,,,,,,
2022-12-18T11:34:55+00:00,6895925,MAUSyagi,10,C0800806022D0A020000,2,,,,,,,,10,6,,,2,8,,,,,,,,,,,
2022-12-18T11:34:55+00:00,6895939,MAUSyagi-AK,10,C0800906022D1F020000,,,,2,,,,,31,6,,,2,9,,,,,,,,,,,
2022-12-18T11:34:56+00:00,6895925,MAUSyagi,10,C0800906022D1F020000,,,,2,,,,,31,6,,,2,9,,,,,,,,,,,
2022-12-18T11:35:06+00:00,6895932,MAUSyagi,16,C080010C02800C080200000000000000,,,,,,,,,12,12,,,2,1,,,,,,,,,,,8
2022-12-18T11:35:07+00:00,6895932,MAUSyagi,10,C0800206022C03020000,,,,,,,2,,3,6,,,2,2,,,,,,,,,,,
2022-12-18T11:35:08+00:00,6895939,MAUSyagi-AK,16,C080010C02800C080200000000000000,,,,,,,,,12,12,,,2,1,,,,,,,,,,,8
2022-12-18T11:35:09+00:00,6895925,MAUSyagi,16,C080010C02800C080200000000000000,,,,,,,,,12,12,,,2,1,,,,,,,,,,,8
2022-12-18T11:35:09+00:00,6895932,MAUSyagi,10,C0800306022C08020000,,,,,,,,2,8,6,,,2,3,,,,,,,,,,,
2022-12-18T11:35:09+00:00,6895939,MAUSyagi-AK,10,C0800206022C03020000,,,,,,,2,,3,6,,,2,2,,,,,,,,,,,
2022-12-18T11:35:10+00:00,6895925,MAUSyagi,16,C080010C02800C080200000000000000,,,,,,,,,12,12,,,2,1,,,,,,,,,,,8
2022-12-18T11:35:10+00:00,6895932,MAUSyagi,10,C0800406022D0D020000,,2,,,,,,,13,6,,,2,4,,,,,,,,,,,
2022-12-18T11:35:10+00:00,6895939,MAUSyagi-AK,16,C080010C02800C080200000000000000,,,,,,,,,12,12,,,2,1,,,,,,,,,,,8
2022-12-18T11:35:11+00:00,6895925,MAUSyagi,10,C0800206022C03020000,,,,,,,2,,3,6,,,2,2,,,,,,,,,,,
2022-12-18T11:35:11+00:00,6895939,MAUSyagi-AK,10,C0800306022C08020000,,,,,,,,2,8,6,,,2,3,,,,,,,,,,,
2022-12-18T11:35:12+00:00,6895925,MAUSyagi,10,C0800306022C08020000,,,,,,,,2,8,6,,,2,3,,,,,,,,,,,
2022-12-18T11:35:12+00:00,6895932,MAUSyagi,10,C0800506022D07020000,,,,,,2,,,7,6,,,2,5,,,,,,,,,,,
2022-12-18T11:35:12+00:00,6895939,MAUSyagi-AK,10,C0800406022D0D020000,,2,,,,,,,13,6,,,2,4,,,,,,,,,,,
2022-12-18T11:35:13+00:00,6895925,MAUSyagi,10,C0800406022D0D020000,,2,,,,,,,13,6,,,2,4,,,,,,,,,,,
2022-12-18T11:35:13+00:00,6895932,MAUSyagi,10,C0800606022D01020000,,,2,,,,,,1,6,,,2,6,,,,,,,,,,,
2022-12-18T11:35:14+00:00,6895939,MAUSyagi-AK,10,C0800506022D07020000,,,,,,2,,,7,6,,,2,5,,,,,,,,,,,
2022-12-18T11:35:15+00:00,6895925,MAUSyagi,10,C0800506022D07020000,,,,,,2,,,7,6,,,2,5,,,,,,,,,,,
2022-12-18T11:35:15+00:00,6895932,MAUSyagi,10,C0800706022D04020000,,,,,2,,,,4,6,,,2,7,,,,,,,,,,,
2022-12-18T11:35:15+00:00,6895939,MAUSyagi-AK,10,C0800606022D01020000,,,2,,,,,,1,6,,,2,6,,,,,,,,,,,
2022-12-18T11:35:16+00:00,6895932,MAUSyagi,10,C0800806022D0A020000,2,,,,,,,,10,6,,,2,8,,,,,,,,,,,
2022-12-18T11:35:17+00:00,6895925,MAUSyagi,10,C0800606022D01020000,,,2,,,,,,1,6,,,2,6,,,,,,,,,,,
2022-12-18T11:35:17+00:00,6895939,MAUSyagi-AK,10,C0800706022D04020000,,,,,2,,,,4,6,,,2,7,,,,,,,,,,,
2022-12-18T11:35:18+00:00,6895925,MAUSyagi,10,C0800706022D04020000,,,,,2,,,,4,6,,,2,7,,,,,,,,,,,
2022-12-18T11:35:18+00:00,6895932,MAUSyagi,16,C0800A0C028903084C2B0300CA0AFDFF,,,,,,,,,3,12,8,,2,10,,,,,,,,,,,
2022-12-18T11:35:18+00:00,6895932,MAUSyagi,10,C0800906022D1F020000,,,,2,,,,,31,6,,,2,9,,,,,,,,,,,
2022-12-18T11:35:18+00:00,6895939,MAUSyagi-AK,10,C0800806022D0A020000,2,,,,,,,,10,6,,,2,8,,,,,,,,,,,
2022-12-18T11:35:19+00:00,6895932,MAUSyagi,16,C0800B0C02890508DD37FDFF06000000,,,,,,,,,5,12,,8,2,11,,,,,,,,,,,
2022-12-18T11:35:19+00:00,6895932,MAUSyagi,13,C0800C0902668105000059005B,,,,,,,,,129,9,,,2,12,5,,,,,,,,,,
2022-12-18T11:35:20+00:00,6895925,MAUSyagi,10,C0800806022D0A020000,2,,,,,,,,10,6,,,2,8,,,,,,,,,,,
2022-12-18T11:35:20+00:00,6895932,MAUSyagi,13,C0800E0902668B0500005B005B,,,,,,,,,139,9,,,2,14,,,5,,,,,,,,
2022-12-18T11:35:20+00:00,6895932,MAUSyagi,13,C0800D09026686050003DB0266,,,,,,,,,134,9,,,2,13,,5,,,,,,,,,
2022-12-18T11:35:20+00:00,6895939,MAUSyagi-AK,16,C0800A0C028903084C2B0300CA0AFDFF,,,,,,,,,3,12,8,,2,10,,,,,,,,,,,
2022-12-18T11:35:20+00:00,6895939,MAUSyagi-AK,10,C0800906022D1F020000,,,,2,,,,,31,6,,,2,9,,,,,,,,,,,
2022-12-18T11:35:21+00:00,6895925,MAUSyagi,16,C0800A0C028903084C2B0300CA0AFDFF,,,,,,,,,3,12,8,,2,10,,,,,,,,,,,
2022-12-18T11:35:21+00:00,6895925,MAUSyagi,10,C0800906022D1F020000,,,,2,,,,,31,6,,,2,9,,,,,,,,,,,
2022-12-18T11:35:21+00:00,6895932,MAUSyagi,13,C0800F0902669005000059005A,,,,,,,,,144,9,,,2,15,,,,5,,,,,,,
2022-12-18T11:35:21+00:00,6895932,MAUSyagi,13,C08010090266950500005A0058,,,,,,,,,149,9,,,2,16,,,,,5,,,,,,
2022-12-18T11:35:21+00:00,6895939,MAUSyagi-AK,16,C0800B0C02890508DD37FDFF06000000,,,,,,,,,5,12,,8,2,11,,,,,,,,,,,
2022-12-18T11:35:21+00:00,6895939,MAUSyagi-AK,13,C0800C0902668105000059005B,,,,,,,,,129,9,,,2,12,5,,,,,,,,,,
2022-12-18T11:35:22+00:00,6895925,MAUSyagi,13,C0800C0902668105000059005B,,,,,,,,,129,9,,,2,12,5,,,,,,,,,,
2022-12-18T11:35:22+00:00,6895925,MAUSyagi,16,C0800B0C02890508DD37FDFF06000000,,,,,,,,,5,12,,8,2,11,,,,,,,,,,,
2022-12-18T11:35:22+00:00,6895932,MAUSyagi,13,C080120902669F0500005A0059,,,,,,,,,159,9,,,2,18,,,,,,,5,,,,
2022-12-18T11:35:22+00:00,6895932,MAUSyagi,13,C080110902669A05000058005A,,,,,,,,,154,9,,,2,17,,,,,,5,,,,,
2022-12-18T11:35:22+00:00,6895939,MAUSyagi-AK,13,C0800D09026686050003DB0266,,,,,,,,,134,9,,,2,13,,5,,,,,,,,,
2022-12-18T11:35:22+00:00,6895939,MAUSyagi-AK,13,C0800E0902668B0500005B005B,,,,,,,,,139,9,,,2,14,,,5,,,,,,,,
2022-12-18T11:35:23+00:00,6895925,MAUSyagi,16,C0800A0C028903084C2B0300CA0AFDFF,,,,,,,,,3,12,8,,2,10,,,,,,,,,,,
2022-12-18T11:35:23+00:00,6895925,MAUSyagi,16,C0800B0C02890508DD37FDFF06000000,,,,,,,,,5,12,,8,2,11,,,,,,,,,,,
2022-12-18T11:35:23+00:00,6895925,MAUSyagi,13,C0800D09026686050003DB0266,,,,,,,,,134,9,,,2,13,,5,,,,,,,,,
2022-12-18T11:35:23+00:00,6895925,MAUSyagi,13,C0800E0902668B0500005B005B,,,,,,,,,139,9,,,2,14,,,5,,,,,,,,
2022-12-18T11:35:23+00:00,6895932,MAUSyagi,13,C08014090266A9050000000000,,,,,,,,,169,9,,,2,20,,,,,,,,,5,,
2022-12-18T11:35:23+00:00,6895932,MAUSyagi,13,C08013090266A405000059005A,,,,,,,,,164,9,,,2,19,,,,,,,,5,,,
2022-12-18T11:35:23+00:00,6895939,MAUSyagi-AK,16,C0800A0C028903084C2B0300CA0AFDFF,,,,,,,,,3,12,8,,2,10,,,,,,,,,,,
2022-12-18T11:35:23+00:00,6895939,MAUSyagi-AK,13,C0800F0902669005000059005A,,,,,,,,,144,9,,,2,15,,,,5,,,,,,,
2022-12-18T11:35:23+00:00,6895939,MAUSyagi-AK,16,C0800B0C02890508DD37FDFF06000000,,,,,,,,,5,12,,8,2,11,,,,,,,,,,,
2022-12-18T11:35:23+00:00,6895939,MAUSyagi-AK,13,C08010090266950500005A0058,,,,,,,,,149,9,,,2,16,,,,,5,,,,,,
2022-12-18T11:35:24+00:00,6895925,MAUSyagi,13,C08010090266950500005A0058,,,,,,,,,149,9,,,2,16,,,,,5,,,,,,
2022-12-18T11:35:24+00:00,6895925,MAUSyagi,13,C0800F0902669005000059005A,,,,,,,,,144,9,,,2,15,,,,5,,,,,,,
2022-12-18T11:35:24+00:00,6895932,MAUSyagi,13,C08015090266AC050000000000,,,,,,,,,172,9,,,2,21,,,,,,,,,,5,
2022-12-18T11:35:24+00:00,6895939,MAUSyagi-AK,13,C080110902669A05000058005A,,,,,,,,,154,9,,,2,17,,,,,,5,,,,,
2022-12-18T11:35:24+00:00,6895939,MAUSyagi-AK,13,C080120902669F0500005A0059,,,,,,,,,159,9,,,2,18,,,,,,,5,,,,
2022-12-18T11:35:25+00:00,6895925,MAUSyagi,13,C080110902669A05000058005A,,,,,,,,,154,9,,,2,17,,,,,,5,,,,,
2022-12-18T11:35:25+00:00,6895932,MAUSyagi,16,C080160C02800C080C00000010E50A00,,,,,,,,,12,12,,,2,22,,,,,,,,,,,8
2022-12-18T11:35:25+00:00,6895939,MAUSyagi-AK,13,C08013090266A405000059005A,,,,,,,,,164,9,,,2,19,,,,,,,,5,,,
2022-12-18T11:35:26+00:00,6895925,MAUSyagi,13,C080120902669F0500005A0059,,,,,,,,,159,9,,,2,18,,,,,,,5,,,,
2022-12-18T11:35:26+00:00,6895925,MAUSyagi,13,C08013090266A405000059005A,,,,,,,,,164,9,,,2,19,,,,,,,,5,,,
2022-12-18T11:35:26+00:00,6895932,MAUSyagi,10,C0801706022C03020000,,,,,,,2,,3,6,,,2,23,,,,,,,,,,,
2022-12-18T11:35:26+00:00,6895939,MAUSyagi-AK,13,C08014090266A9050000000000,,,,,,,,,169,9,,,2,20,,,,,,,,,5,,
2022-12-18T11:35:26+00:00,6895939,MAUSyagi-AK,13,C08015090266AC050000000000,,,,,,,,,172,9,,,2,21,,,,,,,,,,5,
2022-12-18T11:35:27+00:00,6895925,MAUSyagi,13,C08015090266AC050000000000,,,,,,,,,172,9,,,2,21,,,,,,,,,,5,
2022-12-18T11:35:27+00:00,6895925,MAUSyagi,13,C08014090266A9050000000000,,,,,,,,,169,9,,,2,20,,,,,,,,,5,,
2022-12-18T11:35:27+00:00,6895939,MAUSyagi-AK,16,C080160C02800C080C00000010E50A00,,,,,,,,,12,12,,,2,22,,,,,,,,,,,8
2022-12-18T11:35:28+00:00,6895925,MAUSyagi,16,C080160C02800C080C00000010E50A00,,,,,,,,,12,12,,,2,22,,,,,,,,,,,8
2022-12-18T11:35:28+00:00,6895932,MAUSyagi,10,C0801806022C08020000,,,,,,,,2,8,6,,,2,24,,,,,,,,,,,
2022-12-18T11:35:28+00:00,6895939,MAUSyagi-AK,10,C0801706022C03020000,,,,,,,2,,3,6,,,2,23,,,,,,,,,,,
2022-12-18T11:35:29+00:00,6895925,MAUSyagi,16,C080160C02800C080C00000010E50A00,,,,,,,,,12,12,,,2,22,,,,,,,,,,,8
2022-12-18T11:35:29+00:00,6895925,MAUSyagi,10,C0801706022C03020000,,,,,,,2,,3,6,,,2,23,,,,,,,,,,,
2022-12-18T11:35:29+00:00,6895932,MAUSyagi,10,C0801906022D0D020000,,2,,,,,,,13,6,,,2,25,,,,,,,,,,,
2022-12-18T11:35:29+00:00,6895939,MAUSyagi-AK,16,C080160C02800C080C00000010E50A00,,,,,,,,,12,12,,,2,22,,,,,,,,,,,8
2022-12-18T11:35:30+00:00,6895932,MAUSyagi,10,C0801A06022D07020000,,,,,,2,,,7,6,,,2,26,,,,,,,,,,,
2022-12-18T11:35:30+00:00,6895939,MAUSyagi-AK,10,C0801806022C08020000,,,,,,,,2,8,6,,,2,24,,,,,,,,,,,
2022-12-18T11:35:31+00:00,6895925,MAUSyagi,10,C0801806022C08020000,,,,,,,,2,8,6,,,2,24,,,,,,,,,,,
2022-12-18T11:35:31+00:00,6895939,MAUSyagi-AK,10,C0801906022D0D020000,,2,,,,,,,13,6,,,2,25,,,,,,,,,,,
2022-12-18T11:35:32+00:00,6895925,MAUSyagi,10,C0801906022D0D020000,,2,,,,,,,13,6,,,2,25,,,,,,,,,,,
2022-12-18T11:35:33+00:00,6895939,MAUSyagi-AK,10,C0801A06022D07020000,,,,,,2,,,7,6,,,2,26,,,,,,,,,,,
2022-12-18T11:35:34+00:00,6895932,MAUSyagi,10,C0801B06022D01020000,,,2,,,,,,1,6,,,2,27,,,,,,,,,,,
2022-12-18T11:35:34+00:00,6895925,MAUSyagi,10,C0801A06022D07020000,,,,,,2,,,7,6,,,2,26,,,,,,,,,,,
2022-12-18T11:35:36+00:00,6895939,MAUSyagi-AK,10,C0801B06022D01020000,,,2,,,,,,1,6,,,2,27,,,,,,,,,,,
2022-12-18T11:35:37+00:00,6895925,MAUSyagi,10,C0801B06022D01020000,,,2,,,,,,1,6,,,2,27,,,,,,,,,,,
2022-12-18T11:35:37+00:00,6895932,MAUSyagi,10,C0801C06022D04020000,,,,,2,,,,4,6,,,2,28,,,,,,,,,,,
2022-12-18T11:35:38+00:00,6895932,MAUSyagi,10,C0801D06022D0A020000,2,,,,,,,,10,6,,,2,29,,,,,,,,,,,
2022-12-18T11:35:39+00:00,6895939,MAUSyagi-AK,10,C0801C06022D04020000,,,,,2,,,,4,6,,,2,28,,,,,,,,,,,
2022-12-18T11:35:40+00:00,6895925,MAUSyagi,10,C0801C06022D04020000,,,,,2,,,,4,6,,,2,28,,,,,,,,,,,
2022-12-18T11:35:40+00:00,6895932,MAUSyagi,10,C0801E06022D1F020000,,,,2,,,,,31,6,,,2,30,,,,,,,,,,,
2022-12-18T11:35:40+00:00,6895932,MAUSyagi,16,C0801F0C028903086B76030017C5FDFF,,,,,,,,,3,12,8,,2,31,,,,,,,,,,,
2022-12-18T11:35:40+00:00,6895939,MAUSyagi-AK,10,C0801D06022D0A020000,2,,,,,,,,10,6,,,2,29,,,,,,,,,,,
2022-12-18T11:35:41+00:00,6895925,MAUSyagi,10,C0801D06022D0A020000,2,,,,,,,,10,6,,,2,29,,,,,,,,,,,
2022-12-18T11:35:41+00:00,6895932,MAUSyagi,16,C080200C02890508DA31FDFF11000000,,,,,,,,,5,12,,8,2,32,,,,,,,,,,,
2022-12-18T11:35:41+00:00,6895932,MAUSyagi,13,C08021090266810500005A005B,,,,,,,,,129,9,,,2,33,5,,,,,,,,,,
2022-12-18T11:35:42+00:00,6895932,MAUSyagi,13,C080230902668B0500005A005B,,,,,,,,,139,9,,,2,35,,,5,,,,,,,,
2022-12-18T11:35:42+00:00,6895932,MAUSyagi,13,C0802209026686050003D70267,,,,,,,,,134,9,,,2,34,,5,,,,,,,,,
2022-12-18T11:35:42+00:00,6895939,MAUSyagi-AK,10,C0801E06022D1F020000,,,,2,,,,,31,6,,,2,30,,,,,,,,,,,
2022-12-18T11:35:42+00:00,6895939,MAUSyagi-AK,16,C0801F0C028903086B76030017C5FDFF,,,,,,,,,3,12,8,,2,31,,,,,,,,,,,
2022-12-18T11:35:43+00:00,6895925,MAUSyagi,16,C0801F0C028903086B76030017C5FDFF,,,,,,,,,3,12,8,,2,31,,,,,,,,,,,
2022-12-18T11:35:43+00:00,6895925,MAUSyagi,10,C0801E06022D1F020000,,,,2,,,,,31,6,,,2,30,,,,,,,,,,,
2022-12-18T11:35:43+00:00,6895932,MAUSyagi,13,C08025090266950500005B0058,,,,,,,,,149,9,,,2,37,,,,,5,,,,,,
2022-12-18T11:35:43+00:00,6895932,MAUSyagi,13,C080240902669005000059005B,,,,,,,,,144,9,,,2,36,,,,5,,,,,,,
2022-12-18T11:35:43+00:00,6895939,MAUSyagi-AK,13,C08021090266810500005A005B,,,,,,,,,129,9,,,2,33,5,,,,,,,,,,
2022-12-18T11:35:43+00:00,6895939,MAUSyagi-AK,16,C080200C02890508DA31FDFF11000000,,,,,,,,,5,12,,8,2,32,,,,,,,,,,,
2022-12-18T11:35:44+00:00,6895925,MAUSyagi,16,C0801F0C028903086B76030017C5FDFF,,,,,,,,,3,12,8,,2,31,,,,,,,,,,,
2022-12-18T11:35:44+00:00,6895925,MAUSyagi,13,C08021090266810500005A005B,,,,,,,,,129,9,,,2,33,5,,,,,,,,,,
2022-12-18T11:35:44+00:00,6895925,MAUSyagi,16,C080200C02890508DA31FDFF11000000,,,,,,,,,5,12,,8,2,32,,,,,,,,,,,
2022-12-18T11:35:44+00:00,6895932,MAUSyagi,13,C080270902669F0500005B0059,,,,,,,,,159,9,,,2,39,,,,,,,5,,,,
2022-12-18T11:35:44+00:00,6895932,MAUSyagi,13,C080260902669A0500005A0059,,,,,,,,,154,9,,,2,38,,,,,,5,,,,,
2022-12-18T11:35:44+00:00,6895939,MAUSyagi-AK,16,C0801F0C028903086B76030017C5FDFF,,,,,,,,,3,12,8,,2,31,,,,,,,,,,,
2022-12-18T11:35:44+00:00,6895939,MAUSyagi-AK,13,C0802209026686050003D70267,,,,,,,,,134,9,,,2,34,,5,,,,,,,,,
2022-12-18T11:35:44+00:00,6895939,MAUSyagi-AK,13,C080230902668B0500005A005B,,,,,,,,,139,9,,,2,35,,,5,,,,,,,,
2022-12-18T11:35:45+00:00,6895925,MAUSyagi,13,C080230902668B0500005A005B,,,,,,,,,139,9,,,2,35,,,5,,,,,,,,
2022-12-18T11:35:45+00:00,6895925,MAUSyagi,16,C080200C02890508DA31FDFF11000000,,,,,,,,,5,12,,8,2,32,,,,,,,,,,,
2022-12-18T11:35:45+00:00,6895925,MAUSyagi,13,C0802209026686050003D70267,,,,,,,,,134,9,,,2,34,,5,,,,,,,,,
2022-12-18T11:35:45+00:00,6895932,MAUSyagi,13,C08028090266A405000058005A,,,,,,,,,164,9,,,2,40,,,,,,,,5,,,
2022-12-18T11:35:45+00:00,6895932,MAUSyagi,13,C08029090266A9050000000000,,,,,,,,,169,9,,,2,41,,,,,,,,,5,,
2022-12-18T11:35:45+00:00,6895939,MAUSyagi-AK,16,C080200C02890508DA31FDFF11000000,,,,,,,,,5,12,,8,2,32,,,,,,,,,,,
2022-12-18T11:35:45+00:00,6895939,MAUSyagi-AK,13,C080240902669005000059005B,,,,,,,,,144,9,,,2,36,,,,5,,,,,,,
2022-12-18T11:35:45+00:00,6895939,MAUSyagi-AK,13,C08025090266950500005B0058,,,,,,,,,149,9,,,2,37,,,,,5,,,,,,
2022-12-18T11:35:46+00:00,6895925,MAUSyagi,13,C08025090266950500005B0058,,,,,,,,,149,9,,,2,37,,,,,5,,,,,,
2022-12-18T11:35:46+00:00,6895925,MAUSyagi,13,C080240902669005000059005B,,,,,,,,,144,9,,,2,36,,,,5,,,,,,,
2022-12-18T11:35:46+00:00,6895932,MAUSyagi,16,C0802B0C02800C081700000088F50400,,,,,,,,,12,12,,,2,43,,,,,,,,,,,8
2022-12-18T11:35:46+00:00,6895932,MAUSyagi,13,C0802A090266AC050000000000,,,,,,,,,172,9,,,2,42,,,,,,,,,,5,
2022-12-18T11:35:46+00:00,6895939,MAUSyagi-AK,13,C080260902669A0500005A0059,,,,,,,,,154,9,,,2,38,,,,,,5,,,,,
2022-12-18T11:35:47+00:00,6895925,MAUSyagi,13,C080260902669A0500005A0059,,,,,,,,,154,9,,,2,38,,,,,,5,,,,,
2022-12-18T11:35:47+00:00,6895925,MAUSyagi,13,C080270902669F0500005B0059,,,,,,,,,159,9,,,2,39,,,,,,,5,,,,
2022-12-18T11:35:47+00:00,6895939,MAUSyagi-AK,13,C08028090266A405000058005A,,,,,,,,,164,9,,,2,40,,,,,,,,5,,,
2022-12-18T11:35:47+00:00,6895939,MAUSyagi-AK,13,C08029090266A9050000000000,,,,,,,,,169,9,,,2,41,,,,,,,,,5,,
2022-12-18T11:35:48+00:00,6895925,MAUSyagi,13,C08028090266A405000058005A,,,,,,,,,164,9,,,2,40,,,,,,,,5,,,
2022-12-18T11:35:48+00:00,6895925,MAUSyagi,13,C08029090266A9050000000000,,,,,,,,,169,9,,,2,41,,,,,,,,,5,,
2022-12-18T11:35:48+00:00,6895932,MAUSyagi,10,C0802C06022C03020000,,,,,,,2,,3,6,,,2,44,,,,,,,,,,,
2022-12-18T11:35:48+00:00,6895939,MAUSyagi-AK,16,C0802B0C02800C081700000088F50400,,,,,,,,,12,12,,,2,43,,,,,,,,,,,8
2022-12-18T11:35:48+00:00,6895939,MAUSyagi-AK,13,C0802A090266AC050000000000,,,,,,,,,172,9,,,2,42,,,,,,,,,,5,
2022-12-18T11:35:49+00:00,6895925,MAUSyagi,16,C0802B0C02800C081700000088F50400,,,,,,,,,12,12,,,2,43,,,,,,,,,,,8
2022-12-18T11:35:49+00:00,6895925,MAUSyagi,13,C0802A090266AC050000000000,,,,,,,,,172,9,,,2,42,,,,,,,,,,5,
2022-12-18T11:35:49+00:00,6895932,MAUSyagi,10,C0802D06022C08020000,,,,,,,,2,8,6,,,2,45,,,,,,,,,,,
2022-12-18T11:35:50+00:00,6895925,MAUSyagi,16,C0802B0C02800C081700000088F50400,,,,,,,,,12,12,,,2,43,,,,,,,,,,,8
2022-12-18T11:35:50+00:00,6895939,MAUSyagi-AK,10,C0802C06022C03020000,,,,,,,2,,3,6,,,2,44,,,,,,,,,,,
2022-12-18T11:35:50+00:00,6895939,MAUSyagi-AK,16,C0802B0C02800C081700000088F50400,,,,,,,,,12,12,,,2,43,,,,,,,,,,,8
2022-12-18T11:35:51+00:00,6895925,MAUSyagi,10,C0802C06022C03020000,,,,,,,2,,3,6,,,2,44,,,,,,,,,,,
2022-12-18T11:35:51+00:00,6895932,MAUSyagi,10,C0802E06022D0D020000,,2,,,,,,,13,6,,,2,46,,,,,,,,,,,
2022-12-18T11:35:51+00:00,6895939,MAUSyagi-AK,10,C0802D06022C08020000,,,,,,,,2,8,6,,,2,45,,,,,,,,,,,
2022-12-18T11:35:52+00:00,6895925,MAUSyagi,10,C0802D06022C08020000,,,,,,,,2,8,6,,,2,45,,,,,,,,,,,
2022-12-18T11:35:52+00:00,6895932,MAUSyagi,10,C0802F06022D07020000,,,,,,2,,,7,6,,,2,47,,,,,,,,,,,
2022-12-18T11:35:53+00:00,6895939,MAUSyagi-AK,10,C0802E06022D0D020000,,2,,,,,,,13,6,,,2,46,,,,,,,,,,,
2022-12-18T11:35:54+00:00,6895925,MAUSyagi,10,C0802E06022D0D020000,,2,,,,,,,13,6,,,2,46,,,,,,,,,,,
2022-12-18T11:35:54+00:00,6895932,MAUSyagi,10,C0803006022D01020000,,,2,,,,,,1,6,,,2,48,,,,,,,,,,,
2022-12-18T11:35:54+00:00,6895939,MAUSyagi-AK,10,C0802F06022D07020000,,,,,,2,,,7,6,,,2,47,,,,,,,,,,,
2022-12-18T11:35:55+00:00,6895925,MAUSyagi,10,C0802F06022D07020000,,,,,,2,,,7,6,,,2,47,,,,,,,,,,,
2022-12-18T11:35:55+00:00,6895932,MAUSyagi,10,C0803106022D04020000,,,,,2,,,,4,6,,,2,49,,,,,,,,,,,
2022-12-18T11:35:57+00:00,6895925,MAUSyagi,10,C0803006022D01020000,,,2,,,,,,1,6,,,2,48,,,,,,,,,,,
2022-12-18T11:35:57+00:00,6895932,MAUSyagi,10,C0803206022D0A020000,2,,,,,,,,10,6,,,2,50,,,,,,,,,,,
2022-12-18T11:35:58+00:00,6895925,MAUSyagi,10,C0803106022D04020000,,,,,2,,,,4,6,,,2,49,,,,,,,,,,,
2022-12-18T11:35:58+00:00,6895932,MAUSyagi,10,C0803306022D1F020000,,,,2,,,,,31,6,,,2,51,,,,,,,,,,,
2022-12-18T11:35:59+00:00,6895932,MAUSyagi,16,C080340C02890308728803005358FEFF,,,,,,,,,3,12,8,,2,52,,,,,,,,,,,
2022-12-18T11:35:59+00:00,6895932,MAUSyagi,16,C080350C02890508CC0DFDFF1C000000,,,,,,,,,5,12,,8,2,53,,,,,,,,,,,
2022-12-18T11:36:00+00:00,6895925,MAUSyagi,10,C0803206022D0A020000,2,,,,,,,,10,6,,,2,50,,,,,,,,,,,
2022-12-18T11:36:00+00:00,6895932,MAUSyagi,13,C0803709026686050003D60266,,,,,,,,,134,9,,,2,55,,5,,,,,,,,,
2022-12-18T11:36:00+00:00,6895932,MAUSyagi,13,C080360902668105000059005B,,,,,,,,,129,9,,,2,54,5,,,,,,,,,,
2022-12-18T11:36:01+00:00,6895925,MAUSyagi,10,C0803306022D1F020000,,,,2,,,,,31,6,,,2,51,,,,,,,,,,,
2022-12-18T11:36:01+00:00,6895932,MAUSyagi,13,C080380902668B0500005A005B,,,,,,,,,139,9,,,2,56,,,5,,,,,,,,
2022-12-18T11:36:02+00:00,6895925,MAUSyagi,16,C080340C02890308728803005358FEFF,,,,,,,,,3,12,8,,2,52,,,,,,,,,,,
2022-12-18T11:36:02+00:00,6895925,MAUSyagi,16,C080350C02890508CC0DFDFF1C000000,,,,,,,,,5,12,,8,2,53,,,,,,,,,,,
2022-12-18T11:36:02+00:00,6895939,MAUSyagi-AK,13,C0803709026686050003D60266,,,,,,,,,134,9,,,2,55,,5,,,,,,,,,
2022-12-18T11:36:03+00:00,6895925,MAUSyagi,13,C0803709026686050003D60266,,,,,,,,,134,9,,,2,55,,5,,,,,,,,,
2022-12-18T11:36:03+00:00,6895925,MAUSyagi,13,C080360902668105000059005B,,,,,,,,,129,9,,,2,54,5,,,,,,,,,,
2022-12-18T11:36:03+00:00,6895925,MAUSyagi,16,C080350C02890508CC0DFDFF1C000000,,,,,,,,,5,12,,8,2,53,,,,,,,,,,,
2022-12-18T11:36:03+00:00,6895925,MAUSyagi,16,C080340C02890308728803005358FEFF,,,,,,,,,3,12,8,,2,52,,,,,,,,,,,
2022-12-18T11:36:04+00:00,6895925,MAUSyagi,13,C080380902668B0500005A005B,,,,,,,,,139,9,,,2,56,,,5,,,,,,,,
2022-12-18T11:36:04+00:00,6895932,MAUSyagi,13,C080390902669005000059005A,,,,,,,,,144,9,,,2,57,,,,5,,,,,,,
2022-12-18T11:36:07+00:00,6895925,MAUSyagi,13,C080390902669005000059005A,,,,,,,,,144,9,,,2,57,,,,5,,,,,,,
2022-12-18T11:36:10+00:00,6895932,MAUSyagi,13,C0803A090266950500005B0058,,,,,,,,,149,9,,,2,58,,,,,5,,,,,,
2022-12-18T11:36:13+00:00,6895925,MAUSyagi,13,C0803A090266950500005B0058,,,,,,,,,149,9,,,2,58,,,,,5,,,,,,
2022-12-18T11:36:15+00:00,6895932,MAUSyagi,13,C0803B0902669A05000059005B,,,,,,,,,154,9,,,2,59,,,,,,5,,,,,
2022-12-18T11:36:16+00:00,6895939,MAUSyagi-AK,13,C0803B0902669A05000059005B,,,,,,,,,154,9,,,2,59,,,,,,5,,,,,
2022-12-18T11:36:18+00:00,6895925,MAUSyagi,13,C0803B0902669A05000059005B,,,,,,,,,154,9,,,2,59,,,,,,5,,,,,
2022-12-18T11:36:19+00:00,6895932,MAUSyagi,13,C0803C0902669F0500005B005A,,,,,,,,,159,9,,,2,60,,,,,,,5,,,,
2022-12-18T11:36:19+00:00,6895932,MAUSyagi,13,C0803D090266A405000059005B,,,,,,,,,164,9,,,2,61,,,,,,,,5,,,
2022-12-18T11:36:20+00:00,6895932,MAUSyagi,13,C0803E090266A9050000000000,,,,,,,,,169,9,,,2,62,,,,,,,,,5,,
2022-12-18T11:36:20+00:00,6895932,MAUSyagi,13,C0803F090266AC050000000000,,,,,,,,,172,9,,,2,63,,,,,,,,,,5,
2022-12-18T11:36:21+00:00,6895932,MAUSyagi,16,C080400C02800C0822000000B0360000,,,,,,,,,12,12,,,2,64,,,,,,,,,,,8
2022-12-18T11:36:22+00:00,6895925,MAUSyagi,13,C0803D090266A405000059005B,,,,,,,,,164,9,,,2,61,,,,,,,,5,,,
2022-12-18T11:36:22+00:00,6895925,MAUSyagi,13,C0803C0902669F0500005B005A,,,,,,,,,159,9,,,2,60,,,,,,,5,,,,
2022-12-18T11:36:22+00:00,6895932,MAUSyagi,10,C0804106022C03020000,,,,,,,2,,3,6,,,2,65,,,,,,,,,,,
2022-12-18T11:36:23+00:00,6895925,MAUSyagi,13,C0803F090266AC050000000000,,,,,,,,,172,9,,,2,63,,,,,,,,,,5,
2022-12-18T11:36:23+00:00,6895925,MAUSyagi,13,C0803E090266A9050000000000,,,,,,,,,169,9,,,2,62,,,,,,,,,5,,
2022-12-18T11:36:24+00:00,6895925,MAUSyagi,16,C080400C02800C0822000000B0360000,,,,,,,,,12,12,,,2,64,,,,,,,,,,,8
2022-12-18T11:36:24+00:00,6895932,MAUSyagi,10,C0804206022C08020000,,,,,,,,2,8,6,,,2,66,,,,,,,,,,,
2022-12-18T11:36:24+00:00,6895939,MAUSyagi-AK,10,C0804106022C03020000,,,,,,,2,,3,6,,,2,65,,,,,,,,,,,
2022-12-18T11:36:25+00:00,6895925,MAUSyagi,10,C0804106022C03020000,,,,,,,2,,3,6,,,2,65,,,,,,,,,,,
2022-12-18T11:36:25+00:00,6895925,MAUSyagi,16,C080400C02800C0822000000B0360000,,,,,,,,,12,12,,,2,64,,,,,,,,,,,8
2022-12-18T11:36:25+00:00,6895932,MAUSyagi,10,C0804306022D0D020000,,2,,,,,,,13,6,,,2,67,,,,,,,,,,,
2022-12-18T11:36:27+00:00,6895925,MAUSyagi,10,C0804206022C08020000,,,,,,,,2,8,6,,,2,66,,,,,,,,,,,
2022-12-18T11:36:27+00:00,6895932,MAUSyagi,10,C0804406022D07020000,,,,,,2,,,7,6,,,2,68,,,,,,,,,,,
2022-12-18T11:36:28+00:00,6895932,MAUSyagi,10,C0804506022D01020000,,,2,,,,,,1,6,,,2,69,,,,,,,,,,,
2022-12-18T11:36:29+00:00,6895925,MAUSyagi,10,C0804306022D0D020000,,2,,,,,,,13,6,,,2,67,,,,,,,,,,,
2022-12-18T11:36:30+00:00,6895925,MAUSyagi,10,C0804406022D07020000,,,,,,2,,,7,6,,,2,68,,,,,,,,,,,
2022-12-18T11:36:30+00:00,6895932,MAUSyagi,10,C0804606022D04020000,,,,,2,,,,4,6,,,2,70,,,,,,,,,,,
2022-12-18T11:36:32+00:00,6895925,MAUSyagi,10,C0804506022D01020000,,,2,,,,,,1,6,,,2,69,,,,,,,,,,,
2022-12-18T11:36:32+00:00,6895932,MAUSyagi,10,C0804706022D0A020000,2,,,,,,,,10,6,,,2,71,,,,,,,,,,,
2022-12-18T11:36:33+00:00,6895925,MAUSyagi,10,C0804606022D04020000,,,,,2,,,,4,6,,,2,70,,,,,,,,,,,
2022-12-18T11:36:33+00:00,6895932,MAUSyagi,10,C0804806022D1F020000,,,,2,,,,,31,6,,,2,72,,,,,,,,,,,
2022-12-18T11:36:34+00:00,6895932,MAUSyagi,16,C0804A0C02890508D5B4FAFF26000000,,,,,,,,,5,12,,8,2,74,,,,,,,,,,,
2022-12-18T11:36:34+00:00,6895932,MAUSyagi,16,C080490C0289030806D309004537FEFF,,,,,,,,,3,12,8,,2,73,,,,,,,,,,,
2022-12-18T11:36:34+00:00,6895932,MAUSyagi,13,C0804B090266810500005A005B,,,,,,,,,129,9,,,2,75,5,,,,,,,,,,
2022-12-18T11:36:35+00:00,6895925,MAUSyagi,10,C0804706022D0A020000,2,,,,,,,,10,6,,,2,71,,,,,,,,,,,
2022-12-18T11:36:35+00:00,6895932,MAUSyagi,13,C0804D0902668B0500005A005B,,,,,,,,,139,9,,,2,77,,,5,,,,,,,,
2022-12-18T11:36:35+00:00,6895932,MAUSyagi,13,C0804C09026686050003D50264,,,,,,,,,134,9,,,2,76,,5,,,,,,,,,
2022-12-18T11:36:35+00:00,6895939,MAUSyagi-AK,10,C0804806022D1F020000,,,,2,,,,,31,6,,,2,72,,,,,,,,,,,
2022-12-18T11:36:36+00:00,6895925,MAUSyagi,10,C0804806022D1F020000,,,,2,,,,,31,6,,,2,72,,,,,,,,,,,
2022-12-18T11:36:37+00:00,6895925,MAUSyagi,16,C0804A0C02890508D5B4FAFF26000000,,,,,,,,,5,12,,8,2,74,,,,,,,,,,,
2022-12-18T11:36:37+00:00,6895925,MAUSyagi,16,C080490C0289030806D309004537FEFF,,,,,,,,,3,12,8,,2,73,,,,,,,,,,,
2022-12-18T11:36:37+00:00,6895925,MAUSyagi,13,C0804B090266810500005A005B,,,,,,,,,129,9,,,2,75,5,,,,,,,,,,
2022-12-18T11:36:38+00:00,6895925,MAUSyagi,16,C080490C0289030806D309004537FEFF,,,,,,,,,3,12,8,,2,73,,,,,,,,,,,
2022-12-18T11:36:38+00:00,6895925,MAUSyagi,13,C0804C09026686050003D50264,,,,,,,,,134,9,,,2,76,,5,,,,,,,,,
2022-12-18T11:36:38+00:00,6895925,MAUSyagi,16,C0804A0C02890508D5B4FAFF26000000,,,,,,,,,5,12,,8,2,74,,,,,,,,,,,
2022-12-18T11:36:39+00:00,6895925,MAUSyagi,13,C0804E0902669005000059005A,,,,,,,,,144,9,,,2,78,,,,5,,,,,,,
2022-12-18T11:36:39+00:00,6895925,MAUSyagi,13,C0804D0902668B0500005A005B,,,,,,,,,139,9,,,2,77,,,5,,,,,,,,
2022-12-19T02:43:33+00:00,6900063,SA2KNG Omni UHF/VHF,16,C080010C02800C080200000000000000,,,,,,,,,12,12,,,2,1,,,,,,,,,,,8
2022-12-19T02:43:43+00:00,6900063,SA2KNG Omni UHF/VHF,16,C080010C02800C080200000000000000,,,,,,,,,12,12,,,2,1,,,,,,,,,,,8
2022-12-19T02:43:47+00:00,6900063,SA2KNG Omni UHF/VHF,16,C080010C02800C0802000000D0070000,,,,,,,,,12,12,,,2,1,,,,,,,,,,,8
2022-12-19T02:43:48+00:00,6900063,SA2KNG Omni UHF/VHF,10,C0800206022C03020000,,,,,,,2,,3,6,,,2,2,,,,,,,,,,,
2022-12-19T02:43:50+00:00,6900063,SA2KNG Omni UHF/VHF,10,C0800306022C08020000,,,,,,,,2,8,6,,,2,3,,,,,,,,,,,
2022-12-19T02:43:56+00:00,6900063,SA2KNG Omni UHF/VHF,16,C080010C02800C0802000000D0070000,,,,,,,,,12,12,,,2,1,,,,,,,,,,,8
2022-12-19T02:44:02+00:00,6900063,SA2KNG Omni UHF/VHF,16,C080010C02800C0802000000D0070000,,,,,,,,,12,12,,,2,1,,,,,,,,,,,8
2022-12-19T02:44:04+00:00,6900063,SA2KNG Omni UHF/VHF,10,C0800206022C03020000,,,,,,,2,,3,6,,,2,2,,,,,,,,,,,
2022-12-19T02:44:05+00:00,6900063,SA2KNG Omni UHF/VHF,10,C0800306022C08020000,,,,,,,,2,8,6,,,2,3,,,,,,,,,,,
2022-12-19T02:44:07+00:00,6900063,SA2KNG Omni UHF/VHF,10,C0800406022D0D020000,,2,,,,,,,13,6,,,2,4,,,,,,,,,,,
2022-12-19T02:44:12+00:00,6900063,SA2KNG Omni UHF/VHF,16,C080010C02800C0802000000D0070000,,,,,,,,,12,12,,,2,1,,,,,,,,,,,8
2022-12-19T02:44:19+00:00,6900063,SA2KNG Omni UHF/VHF,16,C080010C02800C080200000000000000,,,,,,,,,12,12,,,2,1,,,,,,,,,,,8
2022-12-19T02:44:21+00:00,6900063,SA2KNG Omni UHF/VHF,10,C0800206022C03020000,,,,,,,2,,3,6,,,2,2,,,,,,,,,,,
2022-12-19T02:44:22+00:00,6900063,SA2KNG Omni UHF/VHF,10,C0800306022C08020000,,,,,,,,2,8,6,,,2,3,,,,,,,,,,,
2022-12-19T02:44:24+00:00,6900063,SA2KNG Omni UHF/VHF,10,C0800406022D0D020000,,2,,,,,,,13,6,,,2,4,,,,,,,,,,,
2022-12-19T02:44:25+00:00,6900063,SA2KNG Omni UHF/VHF,10,C0800506022D07020000,,,,,,2,,,7,6,,,2,5,,,,,,,,,,,
2022-12-19T02:44:27+00:00,6900063,SA2KNG Omni UHF/VHF,10,C0800606022D01020000,,,2,,,,,,1,6,,,2,6,,,,,,,,,,,
2022-12-19T02:44:28+00:00,6900063,SA2KNG Omni UHF/VHF,10,C0800706022D04020000,,,,,2,,,,4,6,,,2,7,,,,,,,,,,,
2022-12-19T02:44:29+00:00,6900063,SA2KNG Omni UHF/VHF,16,C080010C02800C080200000000000000,,,,,,,,,12,12,,,2,1,,,,,,,,,,,8
2022-12-19T02:44:30+00:00,6900063,SA2KNG Omni UHF/VHF,10,C0800806022D0A020000,2,,,,,,,,10,6,,,2,8,,,,,,,,,,,
2022-12-19T02:44:31+00:00,6900063,SA2KNG Omni UHF/VHF,10,C0800906022D1F020000,,,,2,,,,,31,6,,,2,9,,,,,,,,,,,
2022-12-19T02:44:32+00:00,6900063,SA2KNG Omni UHF/VHF,16,C0800B0C028905087620010006000000,,,,,,,,,5,12,,8,2,11,,,,,,,,,,,
2022-12-19T02:44:32+00:00,6900063,SA2KNG Omni UHF/VHF,16,C0800A0C02890308A80C040034F20200,,,,,,,,,3,12,8,,2,10,,,,,,,,,,,
2022-12-19T02:44:33+00:00,6900063,SA2KNG Omni UHF/VHF,13,C0800D09026686050003AD0253,,,,,,,,,134,9,,,2,13,,5,,,,,,,,,
2022-12-19T02:44:33+00:00,6900063,SA2KNG Omni UHF/VHF,13,C0800C0902668105000059005B,,,,,,,,,129,9,,,2,12,5,,,,,,,,,,
2022-12-19T02:44:34+00:00,6900063,SA2KNG Omni UHF/VHF,13,C0800F0902669005000059005A,,,,,,,,,144,9,,,2,15,,,,5,,,,,,,
2022-12-19T02:44:35+00:00,6900063,SA2KNG Omni UHF/VHF,13,C080110902669A05000058005A,,,,,,,,,154,9,,,2,17,,,,,,5,,,,,
2022-12-19T02:44:35+00:00,6900063,SA2KNG Omni UHF/VHF,13,C0801009026695050000590057,,,,,,,,,149,9,,,2,16,,,,,5,,,,,,
2022-12-19T02:44:36+00:00,6900063,SA2KNG Omni UHF/VHF,13,C080120902669F0500005A0059,,,,,,,,,159,9,,,2,18,,,,,,,5,,,,
2022-12-19T02:44:37+00:00,6900063,SA2KNG Omni UHF/VHF,13,C08014090266A9050000000000,,,,,,,,,169,9,,,2,20,,,,,,,,,5,,
2022-12-19T02:44:37+00:00,6900063,SA2KNG Omni UHF/VHF,13,C08013090266A405000058005A,,,,,,,,,164,9,,,2,19,,,,,,,,5,,,
2022-12-19T02:44:38+00:00,6900063,SA2KNG Omni UHF/VHF,16,C080160C02800C080C00000010E50A00,,,,,,,,,12,12,,,2,22,,,,,,,,,,,8
2022-12-19T02:44:38+00:00,6900063,SA2KNG Omni UHF/VHF,13,C08015090266AC050000000000,,,,,,,,,172,9,,,2,21,,,,,,,,,,5,
2022-12-19T02:44:40+00:00,6900063,SA2KNG Omni UHF/VHF,10,C0801706022C03020000,,,,,,,2,,3,6,,,2,23,,,,,,,,,,,
2022-12-19T02:44:41+00:00,6900063,SA2KNG Omni UHF/VHF,10,C0801806022C08020000,,,,,,,,2,8,6,,,2,24,,,,,,,,,,,
2022-12-19T02:44:42+00:00,6900063,SA2KNG Omni UHF/VHF,16,C0800B0C028905087620010006000000,,,,,,,,,5,12,,8,2,11,,,,,,,,,,,
2022-12-19T02:44:42+00:00,6900063,SA2KNG Omni UHF/VHF,16,C0800A0C02890308A80C040034F20200,,,,,,,,,3,12,8,,2,10,,,,,,,,,,,
2022-12-19T02:44:42+00:00,6900063,SA2KNG Omni UHF/VHF,10,C0801906022D0D020000,,2,,,,,,,13,6,,,2,25,,,,,,,,,,,
2022-12-19T02:44:48+00:00,6900063,SA2KNG Omni UHF/VHF,16,C080160C02800C080C00000010E50A00,,,,,,,,,12,12,,,2,22,,,,,,,,,,,8
2022-12-19T02:44:58+00:00,6900063,SA2KNG Omni UHF/VHF,16,C080010C02800C080200000000000000,,,,,,,,,12,12,,,2,1,,,,,,,,,,,8
2022-12-19T02:45:00+00:00,6900063,SA2KNG Omni UHF/VHF,10,C0800206022C03020000,,,,,,,2,,3,6,,,2,2,,,,,,,,,,,
2022-12-19T02:45:01+00:00,6900063,SA2KNG Omni UHF/VHF,10,C0800306022C08020000,,,,,,,,2,8,6,,,2,3,,,,,,,,,,,
2022-12-19T02:45:03+00:00,6900063,SA2KNG Omni UHF/VHF,10,C0800406022D0D020000,,2,,,,,,,13,6,,,2,4,,,,,,,,,,,
2022-12-19T02:45:04+00:00,6900063,SA2KNG Omni UHF/VHF,10,C0800506022D07020000,,,,,,2,,,7,6,,,2,5,,,,,,,,,,,
2022-12-19T02:45:06+00:00,6900063,SA2KNG Omni UHF/VHF,10,C0800606022D01020000,,,2,,,,,,1,6,,,2,6,,,,,,,,,,,
2022-12-19T02:45:07+00:00,6900063,SA2KNG Omni UHF/VHF,10,C0800706022D04020000,,,,,2,,,,4,6,,,2,7,,,,,,,,,,,
2022-12-19T02:45:08+00:00,6900063,SA2KNG Omni UHF/VHF,16,C080010C02800C080200000000000000,,,,,,,,,12,12,,,2,1,,,,,,,,,,,8
2022-12-19T02:45:09+00:00,6900063,SA2KNG Omni UHF/VHF,10,C0800806022D0A020000,2,,,,,,,,10,6,,,2,8,,,,,,,,,,,
2022-12-19T02:45:10+00:00,6900063,SA2KNG Omni UHF/VHF,10,C0800906022D1F020000,,,,2,,,,,31,6,,,2,9,,,,,,,,,,,
2022-12-19T02:45:11+00:00,6900063,SA2KNG Omni UHF/VHF,16,C0800B0C028905087E35010006000000,,,,,,,,,5,12,,8,2,11,,,,,,,,,,,
2022-12-19T02:45:11+00:00,6900063,SA2KNG Omni UHF/VHF,16,C0800A0C028903088ECD030084B50300,,,,,,,,,3,12,8,,2,10,,,,,,,,,,,
2022-12-19T02:45:12+00:00,6900063,SA2KNG Omni UHF/VHF,13,C0800D09026686050003AB0251,,,,,,,,,134,9,,,2,13,,5,,,,,,,,,
2022-12-19T02:45:12+00:00,6900063,SA2KNG Omni UHF/VHF,13,C0800C0902668105000058005B,,,,,,,,,129,9,,,2,12,5,,,,,,,,,,
2022-12-19T02:45:13+00:00,6900063,SA2KNG Omni UHF/VHF,13,C0800F0902669005000058005A,,,,,,,,,144,9,,,2,15,,,,5,,,,,,,
2022-12-19T02:45:13+00:00,6900063,SA2KNG Omni UHF/VHF,13,C0800E0902668B05000059005B,,,,,,,,,139,9,,,2,14,,,5,,,,,,,,
2022-12-19T02:45:14+00:00,6900063,SA2KNG Omni UHF/VHF,13,C0801009026695050000590057,,,,,,,,,149,9,,,2,16,,,,,5,,,,,,
2022-12-19T02:45:15+00:00,6900063,SA2KNG Omni UHF/VHF,13,C08013090266A4050000580059,,,,,,,,,164,9,,,2,19,,,,,,,,5,,,
2022-12-19T02:45:15+00:00,6900063,SA2KNG Omni UHF/VHF,13,C080120902669F0500005B005A,,,,,,,,,159,9,,,2,18,,,,,,,5,,,,
2022-12-19T02:45:15+00:00,6900063,SA2KNG Omni UHF/VHF,13,C080110902669A050000590059,,,,,,,,,154,9,,,2,17,,,,,,5,,,,,
2022-12-19T02:45:16+00:00,6900063,SA2KNG Omni UHF/VHF,13,C08014090266A9050000000000,,,,,,,,,169,9,,,2,20,,,,,,,,,5,,
2022-12-19T02:45:17+00:00,6900063,SA2KNG Omni UHF/VHF,16,C080160C02800C080C00000010E50A00,,,,,,,,,12,12,,,2,22,,,,,,,,,,,8
2022-12-19T02:45:17+00:00,6900063,SA2KNG Omni UHF/VHF,13,C08015090266AC050000000000,,,,,,,,,172,9,,,2,21,,,,,,,,,,5,
2022-12-19T02:45:19+00:00,6900063,SA2KNG Omni UHF/VHF,10,C0801706022C03020000,,,,,,,2,,3,6,,,2,23,,,,,,,,,,,
2022-12-19T02:45:20+00:00,6900063,SA2KNG Omni UHF/VHF,10,C0801806022C08020000,,,,,,,,2,8,6,,,2,24,,,,,,,,,,,
2022-12-19T02:45:21+00:00,6900063,SA2KNG Omni UHF/VHF,16,C0800B0C028905087E35010006000000,,,,,,,,,5,12,,8,2,11,,,,,,,,,,,
2022-12-19T02:45:21+00:00,6900063,SA2KNG Omni UHF/VHF,16,C0800A0C028903088ECD030084B50300,,,,,,,,,3,12,8,,2,10,,,,,,,,,,,
2022-12-19T02:45:22+00:00,6900063,SA2KNG Omni UHF/VHF,10,C0801906022D0D020000,,2,,,,,,,13,6,,,2,25,,,,,,,,,,,
2022-12-19T02:45:23+00:00,6900063,SA2KNG Omni UHF/VHF,10,C0801A06022D07020000,,,,,,2,,,7,6,,,2,26,,,,,,,,,,,
2022-12-19T02:45:27+00:00,6900063,SA2KNG Omni UHF/VHF,16,C080160C02800C080C00000010E50A00,,,,,,,,,12,12,,,2,22,,,,,,,,,,,8
2022-12-19T02:45:37+00:00,6900063,SA2KNG Omni UHF/VHF,16,C080010C02800C080200000000000000,,,,,,,,,12,12,,,2,1,,,,,,,,,,,8
2022-12-19T02:45:39+00:00,6900063,SA2KNG Omni UHF/VHF,10,C0800206022C03020000,,,,,,,2,,3,6,,,2,2,,,,,,,,,,,
2022-12-19T02:45:47+00:00,6900063,SA2KNG Omni UHF/VHF,16,C080010C02800C080200000000000000,,,,,,,,,12,12,,,2,1,,,,,,,,,,,8
2022-12-19T04:20:25+00:00,6891456,SP7THR-UHF,16,C0805E0C028903085E02FCFF637FFEFF,,,,,,,,,3,12,8,,2,94,,,,,,,,,,,
2022-12-19T04:20:26+00:00,6891456,SP7THR-UHF,16,C0805F0C02890508AF39FFFF8C000000,,,,,,,,,5,12,,8,2,95,,,,,,,,,,,
2022-12-19T04:20:27+00:00,6900187,SA2KNG Omni UHF/VHF,10,C0806E06022D07020000,,,,,,2,,,7,6,,,2,110,,,,,,,,,,,
2022-12-19T04:20:29+00:00,6900187,SA2KNG Omni UHF/VHF,10,C0806F06022D01020000,,,2,,,,,,1,6,,,2,111,,,,,,,,,,,
2022-12-19T04:20:31+00:00,6891456,SP7THR-UHF,16,C0806A0C02800C0892000000A8610000,,,,,,,,,12,12,,,2,106,,,,,,,,,,,8
2022-12-19T04:20:35+00:00,6900187,SA2KNG Omni UHF/VHF,10,C0807206022D1F020000,,,,2,,,,,31,6,,,2,114,,,,,,,,,,,
2022-12-19T04:20:40+00:00,6900187,SA2KNG Omni UHF/VHF,16,C080730C0289030809890200340DFEFF,,,,,,,,,3,12,8,,2,115,,,,,,,,,,,
2022-12-19T04:20:43+00:00,6900187,SA2KNG Omni UHF/VHF,16,C080740C028905082D8AFBFF97000000,,,,,,,,,5,12,,8,2,116,,,,,,,,,,,
2022-12-19T04:20:50+00:00,6900187,SA2KNG Omni UHF/VHF,16,C080730C0289030809890200340DFEFF,,,,,,,,,3,12,8,,2,115,,,,,,,,,,,
2022-12-19T04:20:50+00:00,6891456,SP7THR-UHF,16,C080730C0289030809890200340DFEFF,,,,,,,,,3,12,8,,2,115,,,,,,,,,,,
2022-12-19T04:20:52+00:00,6900187,SA2KNG Omni UHF/VHF,13,C08078090266900500005A005B,,,,,,,,,144,9,,,2,120,,,,5,,,,,,,
2022-12-19T04:20:52+00:00,6900187,SA2KNG Omni UHF/VHF,13,C080770902668B0500005B005A,,,,,,,,,139,9,,,2,119,,,5,,,,,,,,
2022-12-19T04:20:52+00:00,6900187,SA2KNG Omni UHF/VHF,13,C0807609026686050003B00254,,,,,,,,,134,9,,,2,118,,5,,,,,,,,,
2022-12-19T04:20:54+00:00,6891456,SP7THR-UHF,16,C080740C028905082D8AFBFF97000000,,,,,,,,,5,12,,8,2,116,,,,,,,,,,,
2022-12-19T04:20:55+00:00,6900187,SA2KNG Omni UHF/VHF,13,C0807D090266A9050000000000,,,,,,,,,169,9,,,2,125,,,,,,,,,5,,
2022-12-19T04:20:56+00:00,6900187,SA2KNG Omni UHF/VHF,16,C0807F0C02800C089C000000002F0D00,,,,,,,,,12,12,,,2,127,,,,,,,,,,,8
2022-12-19T04:20:57+00:00,6900187,SA2KNG Omni UHF/VHF,10,C0808006022C03020000,,,,,,,2,,3,6,,,2,128,,,,,,,,,,,
2022-12-19T04:20:59+00:00,6900187,SA2KNG Omni UHF/VHF,10,C0808106022C08020000,,,,,,,,2,8,6,,,2,129,,,,,,,,,,,
2022-12-19T04:21:00+00:00,6900187,SA2KNG Omni UHF/VHF,10,C0808206022D0D020000,,2,,,,,,,13,6,,,2,130,,,,,,,,,,,
2022-12-19T04:21:02+00:00,6900187,SA2KNG Omni UHF/VHF,10,C0808306022D07020000,,,,,,2,,,7,6,,,2,131,,,,,,,,,,,
2022-12-19T04:21:03+00:00,6900187,SA2KNG Omni UHF/VHF,10,C0808406022D01020000,,,2,,,,,,1,6,,,2,132,,,,,,,,,,,
2022-12-19T04:21:05+00:00,6900187,SA2KNG Omni UHF/VHF,10,C0808506022D04020000,,,,,2,,,,4,6,,,2,133,,,,,,,,,,,
2022-12-19T04:21:06+00:00,6900187,SA2KNG Omni UHF/VHF,16,C0807F0C02800C089C000000002F0D00,,,,,,,,,12,12,,,2,127,,,,,,,,,,,8
2022-12-19T04:21:06+00:00,6900187,SA2KNG Omni UHF/VHF,10,C0808606022D0A020000,2,,,,,,,,10,6,,,2,134,,,,,,,,,,,
2022-12-19T04:21:08+00:00,6900187,SA2KNG Omni UHF/VHF,16,C080880C02890308122D000021510000,,,,,,,,,3,12,8,,2,136,,,,,,,,,,,
2022-12-19T04:21:08+00:00,6900187,SA2KNG Omni UHF/VHF,10,C0808706022D1F020000,,,,2,,,,,31,6,,,2,135,,,,,,,,,,,
2022-12-19T04:21:09+00:00,6900187,SA2KNG Omni UHF/VHF,13,C0808A0902668105000059005A,,,,,,,,,129,9,,,2,138,5,,,,,,,,,,
2022-12-19T04:21:11+00:00,6900187,SA2KNG Omni UHF/VHF,13,C0808E0902669505000059005A,,,,,,,,,149,9,,,2,142,,,,,5,,,,,,
2022-12-19T04:21:11+00:00,6900187,SA2KNG Omni UHF/VHF,13,C0808D090266900500005A005C,,,,,,,,,144,9,,,2,141,,,,5,,,,,,,
2022-12-19T04:21:12+00:00,6900187,SA2KNG Omni UHF/VHF,13,C0808F0902669A0500005A0058,,,,,,,,,154,9,,,2,143,,,,,,5,,,,,
2022-12-19T04:21:13+00:00,6900187,SA2KNG Omni UHF/VHF,13,C08092090266A9050000000000,,,,,,,,,169,9,,,2,146,,,,,,,,,5,,
2022-12-19T04:21:13+00:00,6900187,SA2KNG Omni UHF/VHF,13,C08091090266A40500005A005B,,,,,,,,,164,9,,,2,145,,,,,,,,5,,,
2022-12-19T04:21:13+00:00,6900187,SA2KNG Omni UHF/VHF,13,C080900902669F0500005A005A,,,,,,,,,159,9,,,2,144,,,,,,,5,,,,
2022-12-19T04:21:15+00:00,6900187,SA2KNG Omni UHF/VHF,13,C08093090266AC050000000000,,,,,,,,,172,9,,,2,147,,,,,,,,,,5,
2022-12-19T04:21:19+00:00,6900187,SA2KNG Omni UHF/VHF,16,C080890C0289050818C8FDFFA1000000,,,,,,,,,5,12,,8,2,137,,,,,,,,,,,
2022-12-19T04:21:19+00:00,6900187,SA2KNG Omni UHF/VHF,16,C080880C02890308122D000021510000,,,,,,,,,3,12,8,,2,136,,,,,,,,,,,
2022-12-19T04:21:19+00:00,6900187,SA2KNG Omni UHF/VHF,10,C0809506022C03020000,,,,,,,2,,3,6,,,2,149,,,,,,,,,,,
2022-12-19T04:21:20+00:00,6900187,SA2KNG Omni UHF/VHF,10,C0809606022C08020000,,,,,,,,2,8,6,,,2,150,,,,,,,,,,,
2022-12-19T04:21:22+00:00,6900187,SA2KNG Omni UHF/VHF,10,C0809706022D0D020000,,2,,,,,,,13,6,,,2,151,,,,,,,,,,,
2022-12-19T04:21:23+00:00,6900187,SA2KNG Omni UHF/VHF,10,C0809806022D07020000,,,,,,2,,,7,6,,,2,152,,,,,,,,,,,
2022-12-19T04:21:25+00:00,6900187,SA2KNG Omni UHF/VHF,10,C0809906022D01020000,,,2,,,,,,1,6,,,2,153,,,,,,,,,,,
2022-12-19T04:21:27+00:00,6900187,SA2KNG Omni UHF/VHF,10,C0809A06022D04020000,,,,,2,,,,4,6,,,2,154,,,,,,,,,,,
2022-12-19T04:21:28+00:00,6900187,SA2KNG Omni UHF/VHF,10,C0809B06022D0A020000,2,,,,,,,,10,6,,,2,155,,,,,,,,,,,
2022-12-19T04:21:29+00:00,6900187,SA2KNG Omni UHF/VHF,10,C0809C06022D1F020000,,,,2,,,,,31,6,,,2,156,,,,,,,,,,,
2022-12-19T04:21:30+00:00,6900187,SA2KNG Omni UHF/VHF,16,C0809D0C028903081D9B0700C369FFFF,,,,,,,,,3,12,8,,2,157,,,,,,,,,,,
2022-12-19T04:21:31+00:00,6900187,SA2KNG Omni UHF/VHF,13,C0809F090266810500005A005C,,,,,,,,,129,9,,,2,159,5,,,,,,,,,,
2022-12-19T04:21:31+00:00,6900187,SA2KNG Omni UHF/VHF,16,C0809E0C02890508D3AEFAFFAC000000,,,,,,,,,5,12,,8,2,158,,,,,,,,,,,
2022-12-19T04:21:40+00:00,6900187,SA2KNG Omni UHF/VHF,16,C0809D0C028903081D9B0700C369FFFF,,,,,,,,,3,12,8,,2,157,,,,,,,,,,,
2022-12-19T04:21:41+00:00,6900187,SA2KNG Omni UHF/VHF,16,C0809E0C02890508D3AEFAFFAC000000,,,,,,,,,5,12,,8,2,158,,,,,,,,,,,
2022-12-19T04:21:44+00:00,6900187,SA2KNG Omni UHF/VHF,16,C080010C02800C080200000000000000,,,,,,,,,12,12,,,2,1,,,,,,,,,,,8
2022-12-19T04:21:45+00:00,6900187,SA2KNG Omni UHF/VHF,10,C0800206022C03020000,,,,,,,2,,3,6,,,2,2,,,,,,,,,,,
2022-12-19T04:21:47+00:00,6900187,SA2KNG Omni UHF/VHF,10,C0800306022C08020000,,,,,,,,2,8,6,,,2,3,,,,,,,,,,,
2022-12-19T04:21:48+00:00,6900187,SA2KNG Omni UHF/VHF,10,C0800406022D0D020000,,2,,,,,,,13,6,,,2,4,,,,,,,,,,,
2022-12-19T04:21:54+00:00,6900204,SA2KNG S-Band,16,C080010C02800C080200000000000000,,,,,,,,,12,12,,,2,1,,,,,,,,,,,8
2022-12-19T04:21:54+00:00,6900204,SA2KNG S-Band,10,C0800206022C03020000,,,,,,,2,,3,6,,,2,2,,,,,,,,,,,
2022-12-19T04:21:54+00:00,6900187,SA2KNG Omni UHF/VHF,16,C080010C02800C080200000000000000,,,,,,,,,12,12,,,2,1,,,,,,,,,,,8
2022-12-19T04:21:54+00:00,6891456,SP7THR-UHF,16,C080010C02800C080200000000000000,,,,,,,,,12,12,,,2,1,,,,,,,,,,,8
2022-12-19T04:21:56+00:00,6900204,SA2KNG S-Band,10,C0800306022C08020000,,,,,,,,2,8,6,,,2,3,,,,,,,,,,,
2022-12-19T04:21:57+00:00,6900204,SA2KNG S-Band,10,C0800406022D0D020000,,2,,,,,,,13,6,,,2,4,,,,,,,,,,,
2022-12-19T04:22:01+00:00,6900187,SA2KNG Omni UHF/VHF,16,C080010C02800C080200000000000000,,,,,,,,,12,12,,,2,1,,,,,,,,,,,8
2022-12-19T04:22:02+00:00,6900187,SA2KNG Omni UHF/VHF,10,C0800206022C03020000,,,,,,,2,,3,6,,,2,2,,,,,,,,,,,
2022-12-19T04:22:04+00:00,6900187,SA2KNG Omni UHF/VHF,10,C0800306022C08020000,,,,,,,,2,8,6,,,2,3,,,,,,,,,,,
2022-12-19T04:22:05+00:00,6900187,SA2KNG Omni UHF/VHF,10,C0800406022D0D020000,,2,,,,,,,13,6,,,2,4,,,,,,,,,,,
2022-12-19T04:22:10+00:00,6900204,SA2KNG S-Band,16,C080010C02800C080200000000000000,,,,,,,,,12,12,,,2,1,,,,,,,,,,,8
2022-12-19T04:22:11+00:00,6900204,SA2KNG S-Band,16,C080010C02800C080200000000000000,,,,,,,,,12,12,,,2,1,,,,,,,,,,,8
2022-12-19T04:22:11+00:00,6900204,SA2KNG S-Band,10,C0800206022C03020000,,,,,,,2,,3,6,,,2,2,,,,,,,,,,,
2022-12-19T04:22:11+00:00,6900187,SA2KNG Omni UHF/VHF,16,C080010C02800C080200000000000000,,,,,,,,,12,12,,,2,1,,,,,,,,,,,8
2022-12-19T04:22:11+00:00,6891456,SP7THR-UHF,16,C080010C02800C080200000000000000,,,,,,,,,12,12,,,2,1,,,,,,,,,,,8
2022-12-19T04:22:13+00:00,6900204,SA2KNG S-Band,10,C0800306022C08020000,,,,,,,,2,8,6,,,2,3,,,,,,,,,,,
2022-12-19T04:22:14+00:00,6900204,SA2KNG S-Band,10,C0800406022D0D020000,,2,,,,,,,13,6,,,2,4,,,,,,,,,,,
2022-12-19T04:22:18+00:00,6900187,SA2KNG Omni UHF/VHF,16,C080010C02800C080200000000000000,,,,,,,,,12,12,,,2,1,,,,,,,,,,,8
2022-12-19T04:22:19+00:00,6900187,SA2KNG Omni UHF/VHF,10,C0800206022C03020000,,,,,,,2,,3,6,,,2,2,,,,,,,,,,,
2022-12-19T04:22:27+00:00,6900204,SA2KNG S-Band,16,C080010C02800C080200000000000000,,,,,,,,,12,12,,,2,1,,,,,,,,,,,8
2022-12-19T04:22:28+00:00,6900204,SA2KNG S-Band,16,C080010C02800C080200000000000000,,,,,,,,,12,12,,,2,1,,,,,,,,,,,8
2022-12-19T04:22:28+00:00,6900204,SA2KNG S-Band,10,C0800206022C03020000,,,,,,,2,,3,6,,,2,2,,,,,,,,,,,
2022-12-19T04:22:28+00:00,6900187,SA2KNG Omni UHF/VHF,16,C080010C02800C080200000000000000,,,,,,,,,12,12,,,2,1,,,,,,,,,,,8
2022-12-19T04:22:28+00:00,6891456,SP7THR-UHF,16,C080010C02800C080200000000000000,,,,,,,,,12,12,,,2,1,,,,,,,,,,,8
2022-12-19T04:22:33+00:00,6900187,SA2KNG Omni UHF/VHF,16,C080010C02800C080200000000000000,,,,,,,,,12,12,,,2,1,,,,,,,,,,,8
2022-12-19T04:22:34+00:00,6900187,SA2KNG Omni UHF/VHF,10,C0800206022C03020000,,,,,,,2,,3,6,,,2,2,,,,,,,,,,,
2022-12-19T04:22:43+00:00,6900187,SA2KNG Omni UHF/VHF,16,C080010C02800C080200000000000000,,,,,,,,,12,12,,,2,1,,,,,,,,,,,8
2022-12-19T04:22:43+00:00,6891456,SP7THR-UHF,16,C080010C02800C080200000000000000,,,,,,,,,12,12,,,2,1,,,,,,,,,,,8
2022-12-19T04:22:47+00:00,6900187,SA2KNG Omni UHF/VHF,16,C080010C02800C080200000000000000,,,,,,,,,12,12,,,2,1,,,,,,,,,,,8
2022-12-19T04:22:48+00:00,6900187,SA2KNG Omni UHF/VHF,10,C0800206022C03020000,,,,,,,2,,3,6,,,2,2,,,,,,,,,,,
2022-12-19T04:22:56+00:00,6900204,SA2KNG S-Band,16,C080010C02800C080200000000000000,,,,,,,,,12,12,,,2,1,,,,,,,,,,,8
2022-12-19T04:22:57+00:00,6900204,SA2KNG S-Band,16,C080010C02800C080200000000000000,,,,,,,,,12,12,,,2,1,,,,,,,,,,,8
2022-12-19T04:22:57+00:00,6900187,SA2KNG Omni UHF/VHF,16,C080010C02800C080200000000000000,,,,,,,,,12,12,,,2,1,,,,,,,,,,,8
2022-12-19T04:22:57+00:00,6891456,SP7THR-UHF,16,C080010C02800C080200000000000000,,,,,,,,,12,12,,,2,1,,,,,,,,,,,8
2022-12-19T04:23:01+00:00,6900187,SA2KNG Omni UHF/VHF,16,C080010C02800C080200000000000000,,,,,,,,,12,12,,,2,1,,,,,,,,,,,8
2022-12-19T04:23:03+00:00,6900187,SA2KNG Omni UHF/VHF,10,C0800206022C03020000,,,,,,,2,,3,6,,,2,2,,,,,,,,,,,
2022-12-19T04:23:10+00:00,6900204,SA2KNG S-Band,16,C080010C02800C080200000000000000,,,,,,,,,12,12,,,2,1,,,,,,,,,,,8
2022-12-19T04:23:12+00:00,6900204,SA2KNG S-Band,16,C080010C02800C080200000000000000,,,,,,,,,12,12,,,2,1,,,,,,,,,,,8
2022-12-19T04:23:12+00:00,6900204,SA2KNG S-Band,10,C0800206022C03020000,,,,,,,2,,3,6,,,2,2,,,,,,,,,,,
2022-12-19T04:23:12+00:00,6900187,SA2KNG Omni UHF/VHF,16,C080010C02800C080200000000000000,,,,,,,,,12,12,,,2,1,,,,,,,,,,,8
2022-12-19T04:23:16+00:00,6900187,SA2KNG Omni UHF/VHF,16,C080010C02800C080200000000000000,,,,,,,,,12,12,,,2,1,,,,,,,,,,,8
2022-12-19T04:23:18+00:00,6900187,SA2KNG Omni UHF/VHF,10,C0800206022C03020000,,,,,,,2,,3,6,,,2,2,,,,,,,,,,,
2022-12-19T04:23:25+00:00,6900204,SA2KNG S-Band,16,C080010C02800C080200000000000000,,,,,,,,,12,12,,,2,1,,,,,,,,,,,8
2022-12-19T04:23:27+00:00,6900204,SA2KNG S-Band,16,C080010C02800C080200000000000000,,,,,,,,,12,12,,,2,1,,,,,,,,,,,8
2022-12-19T04:23:27+00:00,6900204,SA2KNG S-Band,10,C0800206022C03020000,,,,,,,2,,3,6,,,2,2,,,,,,,,,,,
2022-12-19T04:23:27+00:00,6900187,SA2KNG Omni UHF/VHF,16,C080010C02800C080200000000000000,,,,,,,,,12,12,,,2,1,,,,,,,,,,,8
2022-12-19T04:23:31+00:00,6900187,SA2KNG Omni UHF/VHF,16,C080010C02800C080200000000000000,,,,,,,,,12,12,,,2,1,,,,,,,,,,,8
2022-12-19T04:23:32+00:00,6900187,SA2KNG Omni UHF/VHF,10,C0800206022C03020000,,,,,,,2,,3,6,,,2,2,,,,,,,,,,,
2022-12-19T04:23:39+00:00,6900204,SA2KNG S-Band,16,C080010C02800C080200000000000000,,,,,,,,,12,12,,,2,1,,,,,,,,,,,8
2022-12-19T04:23:41+00:00,6900204,SA2KNG S-Band,16,C080010C02800C080200000000000000,,,,,,,,,12,12,,,2,1,,,,,,,,,,,8
2022-12-19T04:23:41+00:00,6900204,SA2KNG S-Band,10,C0800206022C03020000,,,,,,,2,,3,6,,,2,2,,,,,,,,,,,
2022-12-19T04:23:41+00:00,6900187,SA2KNG Omni UHF/VHF,16,C080010C02800C080200000000000000,,,,,,,,,12,12,,,2,1,,,,,,,,,,,8
2022-12-19T04:23:45+00:00,6900187,SA2KNG Omni UHF/VHF,16,C080010C02800C080200000000000000,,,,,,,,,12,12,,,2,1,,,,,,,,,,,8
2022-12-19T04:23:46+00:00,6900190,SA2KNG Experimental,16,C080010C02800C080200000000000000,,,,,,,,,12,12,,,2,1,,,,,,,,,,,8
2022-12-19T04:23:47+00:00,6900190,SA2KNG Experimental,10,C0800206022C03020000,,,,,,,2,,3,6,,,2,2,,,,,,,,,,,
2022-12-19T04:23:47+00:00,6900187,SA2KNG Omni UHF/VHF,10,C0800206022C03020000,,,,,,,2,,3,6,,,2,2,,,,,,,,,,,
2022-12-19T04:23:54+00:00,6900204,SA2KNG S-Band,16,C080010C02800C080200000000000000,,,,,,,,,12,12,,,2,1,,,,,,,,,,,8
2022-12-19T04:23:56+00:00,6900190,SA2KNG Experimental,16,C080010C02800C080200000000000000,,,,,,,,,12,12,,,2,1,,,,,,,,,,,8
2022-12-19T04:23:56+00:00,6900204,SA2KNG S-Band,16,C080010C02800C080200000000000000,,,,,,,,,12,12,,,2,1,,,,,,,,,,,8
2022-12-19T04:23:56+00:00,6900204,SA2KNG S-Band,10,C0800206022C03020000,,,,,,,2,,3,6,,,2,2,,,,,,,,,,,
2022-12-19T04:23:56+00:00,6900187,SA2KNG Omni UHF/VHF,16,C080010C02800C080200000000000000,,,,,,,,,12,12,,,2,1,,,,,,,,,,,8
2022-12-19T04:24:00+00:00,6900190,SA2KNG Experimental,16,C080010C02800C080200000000000000,,,,,,,,,12,12,,,2,1,,,,,,,,,,,8
2022-12-19T04:24:00+00:00,6900187,SA2KNG Omni UHF/VHF,16,C080010C02800C080200000000000000,,,,,,,,,12,12,,,2,1,,,,,,,,,,,8
2022-12-19T04:24:01+00:00,6900187,SA2KNG Omni UHF/VHF,10,C0800206022C03020000,,,,,,,2,,3,6,,,2,2,,,,,,,,,,,
2022-12-19T04:24:02+00:00,6900190,SA2KNG Experimental,10,C0800206022C03020000,,,,,,,2,,3,6,,,2,2,,,,,,,,,,,
2022-12-19T04:24:09+00:00,6900204,SA2KNG S-Band,16,C080010C02800C080200000000000000,,,,,,,,,12,12,,,2,1,,,,,,,,,,,8
2022-12-19T04:24:10+00:00,6900190,SA2KNG Experimental,16,C080010C02800C080200000000000000,,,,,,,,,12,12,,,2,1,,,,,,,,,,,8
2022-12-19T04:24:10+00:00,6900204,SA2KNG S-Band,16,C080010C02800C080200000000000000,,,,,,,,,12,12,,,2,1,,,,,,,,,,,8
2022-12-19T04:24:10+00:00,6900204,SA2KNG S-Band,10,C0800206022C03020000,,,,,,,2,,3,6,,,2,2,,,,,,,,,,,
2022-12-19T04:24:10+00:00,6900187,SA2KNG Omni UHF/VHF,16,C080010C02800C080200000000000000,,,,,,,,,12,12,,,2,1,,,,,,,,,,,8
2022-12-19T04:24:15+00:00,6900187,SA2KNG Omni UHF/VHF,16,C080010C02800C080200000000000000,,,,,,,,,12,12,,,2,1,,,,,,,,,,,8
2022-12-19T04:24:16+00:00,6900187,SA2KNG Omni UHF/VHF,10,C0800206022C03020000,,,,,,,2,,3,6,,,2,2,,,,,,,,,,,
2022-12-19T04:24:23+00:00,6900204,SA2KNG S-Band,16,C080010C02800C080200000000000000,,,,,,,,,12,12,,,2,1,,,,,,,,,,,8
2022-12-19T04:24:25+00:00,6900204,SA2KNG S-Band,16,C080010C02800C080200000000000000,,,,,,,,,12,12,,,2,1,,,,,,,,,,,8
2022-12-19T04:24:25+00:00,6900204,SA2KNG S-Band,10,C0800206022C03020000,,,,,,,2,,3,6,,,2,2,,,,,,,,,,,
2022-12-19T04:24:25+00:00,6900187,SA2KNG Omni UHF/VHF,16,C080010C02800C080200000000000000,,,,,,,,,12,12,,,2,1,,,,,,,,,,,8
2022-12-19T04:24:29+00:00,6900187,SA2KNG Omni UHF/VHF,16,C080010C02800C080200000000000000,,,,,,,,,12,12,,,2,1,,,,,,,,,,,8
2022-12-19T04:24:30+00:00,6900190,SA2KNG Experimental,16,C080010C02800C080200000000000000,,,,,,,,,12,12,,,2,1,,,,,,,,,,,8
2022-12-19T04:24:31+00:00,6900190,SA2KNG Experimental,10,C0800206022C03020000,,,,,,,2,,3,6,,,2,2,,,,,,,,,,,
2022-12-19T04:24:31+00:00,6900187,SA2KNG Omni UHF/VHF,10,C0800206022C03020000,,,,,,,2,,3,6,,,2,2,,,,,,,,,,,
2022-12-19T04:24:38+00:00,6900204,SA2KNG S-Band,16,C080010C02800C080200000000000000,,,,,,,,,12,12,,,2,1,,,,,,,,,,,8
2022-12-19T04:24:39+00:00,6900190,SA2KNG Experimental,16,C080010C02800C080200000000000000,,,,,,,,,12,12,,,2,1,,,,,,,,,,,8
2022-12-19T04:24:39+00:00,6900204,SA2KNG S-Band,16,C080010C02800C080200000000000000,,,,,,,,,12,12,,,2,1,,,,,,,,,,,8
2022-12-19T04:24:39+00:00,6891456,SP7THR-UHF,16,C080010C02800C080200000000000000,,,,,,,,,12,12,,,2,1,,,,,,,,,,,8
2022-12-19T04:24:39+00:00,6900204,SA2KNG S-Band,10,C0800206022C03020000,,,,,,,2,,3,6,,,2,2,,,,,,,,,,,
2022-12-19T04:24:40+00:00,6900187,SA2KNG Omni UHF/VHF,16,C080010C02800C080200000000000000,,,,,,,,,12,12,,,2,1,,,,,,,,,,,8
2022-12-19T04:24:44+00:00,6900190,SA2KNG Experimental,16,C080010C02800C080200000000000000,,,,,,,,,12,12,,,2,1,,,,,,,,,,,8
2022-12-19T04:24:44+00:00,6900187,SA2KNG Omni UHF/VHF,16,C080010C02800C080200000000000000,,,,,,,,,12,12,,,2,1,,,,,,,,,,,8
2022-12-19T04:24:45+00:00,6900187,SA2KNG Omni UHF/VHF,10,C0800206022C03020000,,,,,,,2,,3,6,,,2,2,,,,,,,,,,,
2022-12-19T04:24:46+00:00,6900190,SA2KNG Experimental,10,C0800206022C03020000,,,,,,,2,,3,6,,,2,2,,,,,,,,,,,
2022-12-19T04:24:47+00:00,6900190,SA2KNG Experimental,10,C0800306022C08020000,,,,,,,,2,8,6,,,2,3,,,,,,,,,,,
2022-12-19T04:24:47+00:00,6900187,SA2KNG Omni UHF/VHF,10,C0800306022C08020000,,,,,,,,2,8,6,,,2,3,,,,,,,,,,,
2022-12-19T04:24:48+00:00,6900187,SA2KNG Omni UHF/VHF,10,C0800406022D0D020000,,2,,,,,,,13,6,,,2,4,,,,,,,,,,,
2022-12-19T04:24:49+00:00,6900190,SA2KNG Experimental,10,C0800406022D0D020000,,2,,,,,,,13,6,,,2,4,,,,,,,,,,,
2022-12-19T04:24:50+00:00,6900187,SA2KNG Omni UHF/VHF,10,C0800506022D07020000,,,,,,2,,,7,6,,,2,5,,,,,,,,,,,
2022-12-19T04:24:51+00:00,6900187,SA2KNG Omni UHF/VHF,10,C0800606022D01020000,,,2,,,,,,1,6,,,2,6,,,,,,,,,,,
2022-12-19T04:24:53+00:00,6900204,SA2KNG S-Band,16,C080010C02800C080200000000000000,,,,,,,,,12,12,,,2,1,,,,,,,,,,,8
2022-12-19T04:24:53+00:00,6900187,SA2KNG Omni UHF/VHF,10,C0800706022D04020000,,,,,2,,,,4,6,,,2,7,,,,,,,,,,,
2022-12-19T04:24:54+00:00,6900190,SA2KNG Experimental,16,C080010C02800C080200000000000000,,,,,,,,,12,12,,,2,1,,,,,,,,,,,8
2022-12-19T04:24:54+00:00,6900204,SA2KNG S-Band,16,C080010C02800C080200000000000000,,,,,,,,,12,12,,,2,1,,,,,,,,,,,8
2022-12-19T04:24:54+00:00,6900204,SA2KNG S-Band,10,C0800206022C03020000,,,,,,,2,,3,6,,,2,2,,,,,,,,,,,
2022-12-19T04:24:54+00:00,6900187,SA2KNG Omni UHF/VHF,16,C080010C02800C080200000000000000,,,,,,,,,12,12,,,2,1,,,,,,,,,,,8
2022-12-19T04:24:54+00:00,6900187,SA2KNG Omni UHF/VHF,10,C0800806022D0A020000,2,,,,,,,,10,6,,,2,8,,,,,,,,,,,
2022-12-19T04:24:56+00:00,6900204,SA2KNG S-Band,10,C0800306022C08020000,,,,,,,,2,8,6,,,2,3,,,,,,,,,,,
2022-12-19T04:24:56+00:00,6900187,SA2KNG Omni UHF/VHF,16,C0800A0C02890308E27B090054CF0000,,,,,,,,,3,12,8,,2,10,,,,,,,,,,,
2022-12-19T04:24:56+00:00,6900187,SA2KNG Omni UHF/VHF,10,C0800906022D1F020000,,,,2,,,,,31,6,,,2,9,,,,,,,,,,,
2022-12-19T04:24:57+00:00,6900204,SA2KNG S-Band,10,C0800406022D0D020000,,2,,,,,,,13,6,,,2,4,,,,,,,,,,,
2022-12-19T04:24:57+00:00,6900187,SA2KNG Omni UHF/VHF,13,C0800C0902668105000059005C,,,,,,,,,129,9,,,2,12,5,,,,,,,,,,
2022-12-19T04:24:57+00:00,6900187,SA2KNG Omni UHF/VHF,16,C0800B0C02890508CF16FDFF06000000,,,,,,,,,5,12,,8,2,11,,,,,,,,,,,
2022-12-19T04:24:58+00:00,6900204,SA2KNG S-Band,10,C0800506022D07020000,,,,,,2,,,7,6,,,2,5,,,,,,,,,,,
2022-12-19T04:24:58+00:00,6900187,SA2KNG Omni UHF/VHF,13,C0800E0902668B0500005B005C,,,,,,,,,139,9,,,2,14,,,5,,,,,,,,
2022-12-19T04:24:58+00:00,6900187,SA2KNG Omni UHF/VHF,13,C0800D09026686050003CD0261,,,,,,,,,134,9,,,2,13,,5,,,,,,,,,
2022-12-19T04:24:59+00:00,6900187,SA2KNG Omni UHF/VHF,13,C08010090266950500005B0059,,,,,,,,,149,9,,,2,16,,,,,5,,,,,,
2022-12-19T04:24:59+00:00,6900187,SA2KNG Omni UHF/VHF,13,C0800F090266900500005A005A,,,,,,,,,144,9,,,2,15,,,,5,,,,,,,
2022-12-19T04:25:00+00:00,6900204,SA2KNG S-Band,10,C0800606022D01020000,,,2,,,,,,1,6,,,2,6,,,,,,,,,,,
2022-12-19T04:25:00+00:00,6900187,SA2KNG Omni UHF/VHF,13,C080120902669F0500005A005B,,,,,,,,,159,9,,,2,18,,,,,,,5,,,,
2022-12-19T04:25:00+00:00,6900187,SA2KNG Omni UHF/VHF,13,C080110902669A05000058005A,,,,,,,,,154,9,,,2,17,,,,,,5,,,,,
2022-12-19T04:25:01+00:00,6900187,SA2KNG Omni UHF/VHF,13,C08014090266A9050000000000,,,,,,,,,169,9,,,2,20,,,,,,,,,5,,
2022-12-19T04:25:01+00:00,6900187,SA2KNG Omni UHF/VHF,13,C08013090266A405000059005A,,,,,,,,,164,9,,,2,19,,,,,,,,5,,,
2022-12-19T04:25:02+00:00,6900204,SA2KNG S-Band,10,C0800706022D04020000,,,,,2,,,,4,6,,,2,7,,,,,,,,,,,
2022-12-19T04:25:02+00:00,6900187,SA2KNG Omni UHF/VHF,16,C080160C02800C080C00000010E50A00,,,,,,,,,12,12,,,2,22,,,,,,,,,,,8
2022-12-19T04:25:02+00:00,6900187,SA2KNG Omni UHF/VHF,13,C08015090266AC050000000000,,,,,,,,,172,9,,,2,21,,,,,,,,,,5,
2022-12-19T04:25:03+00:00,6900204,SA2KNG S-Band,10,C0800806022D0A020000,2,,,,,,,,10,6,,,2,8,,,,,,,,,,,
2022-12-19T04:25:04+00:00,6900204,SA2KNG S-Band,10,C0800906022D1F020000,,,,2,,,,,31,6,,,2,9,,,,,,,,,,,
2022-12-19T04:25:05+00:00,6900204,SA2KNG S-Band,16,C0800A0C02890308E27B090054CF0000,,,,,,,,,3,12,8,,2,10,,,,,,,,,,,
2022-12-19T04:25:06+00:00,6900204,SA2KNG S-Band,13,C0800C0902668105000059005C,,,,,,,,,129,9,,,2,12,5,,,,,,,,,,
2022-12-19T04:25:06+00:00,6900204,SA2KNG S-Band,16,C0800B0C02890508CF16FDFF06000000,,,,,,,,,5,12,,8,2,11,,,,,,,,,,,
2022-12-19T04:25:07+00:00,6900204,SA2KNG S-Band,16,C0800B0C02890508CF16FDFF06000000,,,,,,,,,5,12,,8,2,11,,,,,,,,,,,
2022-12-19T04:25:07+00:00,6900204,SA2KNG S-Band,16,C0800A0C02890308E27B090054CF0000,,,,,,,,,3,12,8,,2,10,,,,,,,,,,,
2022-12-19T04:25:07+00:00,6900204,SA2KNG S-Band,13,C0800E0902668B0500005B005C,,,,,,,,,139,9,,,2,14,,,5,,,,,,,,
2022-12-19T04:25:07+00:00,6900204,SA2KNG S-Band,13,C0800D09026686050003CD0261,,,,,,,,,134,9,,,2,13,,5,,,,,,,,,
2022-12-19T04:25:07+00:00,6900187,SA2KNG Omni UHF/VHF,16,C0800B0C02890508CF16FDFF06000000,,,,,,,,,5,12,,8,2,11,,,,,,,,,,,
2022-12-19T04:25:07+00:00,6900187,SA2KNG Omni UHF/VHF,16,C0800A0C02890308E27B090054CF0000,,,,,,,,,3,12,8,,2,10,,,,,,,,,,,
2022-12-19T04:25:08+00:00,6900204,SA2KNG S-Band,13,C08010090266950500005B0059,,,,,,,,,149,9,,,2,16,,,,,5,,,,,,
2022-12-19T04:25:08+00:00,6900204,SA2KNG S-Band,13,C0800F090266900500005A005A,,,,,,,,,144,9,,,2,15,,,,5,,,,,,,
2022-12-19T04:25:09+00:00,6900204,SA2KNG S-Band,13,C080120902669F0500005A005B,,,,,,,,,159,9,,,2,18,,,,,,,5,,,,
2022-12-19T04:25:09+00:00,6900204,SA2KNG S-Band,13,C080110902669A05000058005A,,,,,,,,,154,9,,,2,17,,,,,,5,,,,,
2022-12-19T04:25:10+00:00,6900204,SA2KNG S-Band,13,C08014090266A9050000000000,,,,,,,,,169,9,,,2,20,,,,,,,,,5,,
2022-12-19T04:25:10+00:00,6900204,SA2KNG S-Band,13,C08013090266A405000059005A,,,,,,,,,164,9,,,2,19,,,,,,,,5,,,
2022-12-19T04:25:11+00:00,6900204,SA2KNG S-Band,16,C080160C02800C080C00000010E50A00,,,,,,,,,12,12,,,2,22,,,,,,,,,,,8
2022-12-19T04:25:11+00:00,6900204,SA2KNG S-Band,13,C08015090266AC050000000000,,,,,,,,,172,9,,,2,21,,,,,,,,,,5,
2022-12-19T04:25:13+00:00,6900204,SA2KNG S-Band,16,C080160C02800C080C00000010E50A00,,,,,,,,,12,12,,,2,22,,,,,,,,,,,8
2022-12-19T04:25:13+00:00,6900187,SA2KNG Omni UHF/VHF,16,C080160C02800C080C00000010E50A00,,,,,,,,,12,12,,,2,22,,,,,,,,,,,8
2022-12-19T04:25:15+00:00,6900187,SA2KNG Omni UHF/VHF,16,C080010C02800C080200000000000000,,,,,,,,,12,12,,,2,1,,,,,,,,,,,8
2022-12-19T04:25:17+00:00,6900187,SA2KNG Omni UHF/VHF,10,C0800206022C03020000,,,,,,,2,,3,6,,,2,2,,,,,,,,,,,
2022-12-19T04:25:19+00:00,6900187,SA2KNG Omni UHF/VHF,10,C0800306022C08020000,,,,,,,,2,8,6,,,2,3,,,,,,,,,,,
2022-12-19T04:25:20+00:00,6900187,SA2KNG Omni UHF/VHF,10,C0800406022D0D020000,,2,,,,,,,13,6,,,2,4,,,,,,,,,,,
2022-12-19T04:25:22+00:00,6900187,SA2KNG Omni UHF/VHF,10,C0800506022D07020000,,,,,,2,,,7,6,,,2,5,,,,,,,,,,,
2022-12-19T04:25:24+00:00,6900204,SA2KNG S-Band,16,C080010C02800C080200000000000000,,,,,,,,,12,12,,,2,1,,,,,,,,,,,8
2022-12-19T04:25:26+00:00,6900204,SA2KNG S-Band,16,C080010C02800C080200000000000000,,,,,,,,,12,12,,,2,1,,,,,,,,,,,8
2022-12-19T04:25:26+00:00,6900204,SA2KNG S-Band,10,C0800206022C03020000,,,,,,,2,,3,6,,,2,2,,,,,,,,,,,
2022-12-19T04:25:26+00:00,6900187,SA2KNG Omni UHF/VHF,16,C080010C02800C080200000000000000,,,,,,,,,12,12,,,2,1,,,,,,,,,,,8
2022-12-19T04:25:35+00:00,6900187,SA2KNG Omni UHF/VHF,16,C080010C02800C080200000000000000,,,,,,,,,12,12,,,2,1,,,,,,,,,,,8
2022-12-19T04:25:37+00:00,6900187,SA2KNG Omni UHF/VHF,10,C0800206022C03020000,,,,,,,2,,3,6,,,2,2,,,,,,,,,,,
2022-12-19T04:25:38+00:00,6900187,SA2KNG Omni UHF/VHF,10,C0800306022C08020000,,,,,,,,2,8,6,,,2,3,,,,,,,,,,,
2022-12-19T04:25:40+00:00,6900187,SA2KNG Omni UHF/VHF,10,C0800406022D0D020000,,2,,,,,,,13,6,,,2,4,,,,,,,,,,,
2022-12-19T04:25:44+00:00,6900204,SA2KNG S-Band,16,C080010C02800C080200000000000000,,,,,,,,,12,12,,,2,1,,,,,,,,,,,8
2022-12-19T04:25:45+00:00,6900204,SA2KNG S-Band,16,C080010C02800C080200000000000000,,,,,,,,,12,12,,,2,1,,,,,,,,,,,8
2022-12-19T04:25:45+00:00,6900204,SA2KNG S-Band,10,C0800206022C03020000,,,,,,,2,,3,6,,,2,2,,,,,,,,,,,
2022-12-19T04:25:45+00:00,6900187,SA2KNG Omni UHF/VHF,16,C080010C02800C080200000000000000,,,,,,,,,12,12,,,2,1,,,,,,,,,,,8
2022-12-19T04:25:47+00:00,6900204,SA2KNG S-Band,10,C0800306022C08020000,,,,,,,,2,8,6,,,2,3,,,,,,,,,,,
2022-12-19T04:25:48+00:00,6900204,SA2KNG S-Band,10,C0800406022D0D020000,,2,,,,,,,13,6,,,2,4,,,,,,,,,,,
2022-12-19T04:25:52+00:00,6900187,SA2KNG Omni UHF/VHF,16,C080010C02800C080200000000000000,,,,,,,,,12,12,,,2,1,,,,,,,,,,,8
2022-12-19T04:25:54+00:00,6900187,SA2KNG Omni UHF/VHF,10,C0800206022C03020000,,,,,,,2,,3,6,,,2,2,,,,,,,,,,,
2022-12-19T04:26:01+00:00,6900204,SA2KNG S-Band,16,C080010C02800C080200000000000000,,,,,,,,,12,12,,,2,1,,,,,,,,,,,8
2022-12-19T04:26:02+00:00,6900204,SA2KNG S-Band,16,C080010C02800C080200000000000000,,,,,,,,,12,12,,,2,1,,,,,,,,,,,8
2022-12-19T04:26:03+00:00,6900204,SA2KNG S-Band,10,C0800206022C03020000,,,,,,,2,,3,6,,,2,2,,,,,,,,,,,
2022-12-19T04:26:03+00:00,6900187,SA2KNG Omni UHF/VHF,16,C080010C02800C080200000000000000,,,,,,,,,12,12,,,2,1,,,,,,,,,,,8
2022-12-19T09:48:26+00:00,6901676,JH4XSY-pi,16,C080010C02800C080200000000000000,,,,,,,,,12,12,,,2,1,,,,,,,,,,,8
2022-12-19T09:48:38+00:00,6901676,JH4XSY-pi,16,C080010C02800C080200000000000000,,,,,,,,,12,12,,,2,1,,,,,,,,,,,8
2022-12-19T09:48:51+00:00,6901676,JH4XSY-pi,16,C080010C02800C080200000000000000,,,,,,,,,12,12,,,2,1,,,,,,,,,,,8
2022-12-19T09:49:04+00:00,6901676,JH4XSY-pi,16,C080010C02800C080200000000000000,,,,,,,,,12,12,,,2,1,,,,,,,,,,,8
2022-12-19T09:49:31+00:00,6901676,JH4XSY-pi,16,C080010C02800C080200000000000000,,,,,,,,,12,12,,,2,1,,,,,,,,,,,8
2022-12-19T20:58:19+00:00,6904305,JH4XSY-pi,16,C080010C02800C080200000000000000,,,,,,,,,12,12,,,2,1,,,,,,,,,,,8
2022-12-19T20:58:33+00:00,6904305,JH4XSY-pi,16,C080010C02800C080200000000000000,,,,,,,,,12,12,,,2,1,,,,,,,,,,,8
2022-12-19T20:59:02+00:00,6904305,JH4XSY-pi,16,C080010C02800C0802000000D0070000,,,,,,,,,12,12,,,2,1,,,,,,,,,,,8
2022-12-20T03:49:15+00:00,6905392,SA2KNG Experimental,16,C080010C02800C080200000000000000,,,,,,,,,12,12,,,2,1,,,,,,,,,,,8
2022-12-20T03:49:25+00:00,6905392,SA2KNG Experimental,16,C080010C02800C080200000000000000,,,,,,,,,12,12,,,2,1,,,,,,,,,,,8
2022-12-20T03:49:28+00:00,6905392,SA2KNG Experimental,16,C080010C02800C080200000000000000,,,,,,,,,12,12,,,2,1,,,,,,,,,,,8
2022-12-20T03:49:38+00:00,6905392,SA2KNG Experimental,16,C080010C02800C080200000000000000,,,,,,,,,12,12,,,2,1,,,,,,,,,,,8
2022-12-20T05:26:49+00:00,6905500,Drachten,16,C080010C02800C080200000000000000,,,,,,,,,12,12,,,2,1,,,,,,,,,,,8
2022-12-20T05:26:53+00:00,6905501,PE0SAT-11,16,C080010C02800C080200000000000000,,,,,,,,,12,12,,,2,1,,,,,,,,,,,8
2022-12-20T05:26:58+00:00,6905501,PE0SAT-11,16,C080010C02800C080200000000000000,,,,,,,,,12,12,,,2,1,,,,,,,,,,,8
2022-12-20T05:26:58+00:00,6905500,Drachten,16,C080010C02800C080200000000000000,,,,,,,,,12,12,,,2,1,,,,,,,,,,,8
2022-12-20T05:26:58+00:00,6896821,PE2BZ-437,16,C080010C02800C080200000000000000,,,,,,,,,12,12,,,2,1,,,,,,,,,,,8
2022-12-20T05:27:02+00:00,6905500,Drachten,16,C080010C02800C0802000000D0070000,,,,,,,,,12,12,,,2,1,,,,,,,,,,,8
2022-12-20T05:27:03+00:00,6905500,Drachten,10,C0800206022C03020000,,,,,,,2,,3,6,,,2,2,,,,,,,,,,,
2022-12-20T05:27:06+00:00,6905501,PE0SAT-11,16,C080010C02800C0802000000D0070000,,,,,,,,,12,12,,,2,1,,,,,,,,,,,8
2022-12-20T05:27:07+00:00,6905501,PE0SAT-11,10,C0800206022C03020000,,,,,,,2,,3,6,,,2,2,,,,,,,,,,,
2022-12-20T05:27:10+00:00,6905501,PE0SAT-11,16,C080010C02800C0802000000D0070000,,,,,,,,,12,12,,,2,1,,,,,,,,,,,8
2022-12-20T05:27:10+00:00,6905500,Drachten,16,C080010C02800C0802000000D0070000,,,,,,,,,12,12,,,2,1,,,,,,,,,,,8
2022-12-20T05:27:16+00:00,6905500,Drachten,16,C080010C02800C080200000000000000,,,,,,,,,12,12,,,2,1,,,,,,,,,,,8
2022-12-20T05:27:17+00:00,6905500,Drachten,10,C0800206022C03020000,,,,,,,2,,3,6,,,2,2,,,,,,,,,,,
2022-12-20T05:27:20+00:00,6905501,PE0SAT-11,16,C080010C02800C080200000000000000,,,,,,,,,12,12,,,2,1,,,,,,,,,,,8
2022-12-20T05:27:21+00:00,6905501,PE0SAT-11,10,C0800206022C03020000,,,,,,,2,,3,6,,,2,2,,,,,,,,,,,
2022-12-20T05:27:24+00:00,6905501,PE0SAT-11,16,C080010C02800C080200000000000000,,,,,,,,,12,12,,,2,1,,,,,,,,,,,8
2022-12-20T05:27:24+00:00,6905500,Drachten,16,C080010C02800C080200000000000000,,,,,,,,,12,12,,,2,1,,,,,,,,,,,8
2022-12-20T05:27:31+00:00,6905500,Drachten,16,C080010C02800C080200000000000000,,,,,,,,,12,12,,,2,1,,,,,,,,,,,8
2022-12-20T05:27:32+00:00,6905500,Drachten,10,C0800206022C03020000,,,,,,,2,,3,6,,,2,2,,,,,,,,,,,
2022-12-20T05:27:35+00:00,6905501,PE0SAT-11,16,C080010C02800C080200000000000000,,,,,,,,,12,12,,,2,1,,,,,,,,,,,8
2022-12-20T05:27:36+00:00,6905501,PE0SAT-11,10,C0800206022C03020000,,,,,,,2,,3,6,,,2,2,,,,,,,,,,,
2022-12-20T05:27:39+00:00,6905501,PE0SAT-11,16,C080010C02800C080200000000000000,,,,,,,,,12,12,,,2,1,,,,,,,,,,,8
2022-12-20T05:27:39+00:00,6905500,Drachten,16,C080010C02800C080200000000000000,,,,,,,,,12,12,,,2,1,,,,,,,,,,,8
2022-12-20T05:27:45+00:00,6905500,Drachten,16,C080010C02800C0802000000D0070000,,,,,,,,,12,12,,,2,1,,,,,,,,,,,8
2022-12-20T05:27:47+00:00,6905500,Drachten,10,C0800206022C03020000,,,,,,,2,,3,6,,,2,2,,,,,,,,,,,
2022-12-20T05:27:49+00:00,6905501,PE0SAT-11,16,C080010C02800C0802000000D0070000,,,,,,,,,12,12,,,2,1,,,,,,,,,,,8
2022-12-20T05:27:51+00:00,6905501,PE0SAT-11,10,C0800206022C03020000,,,,,,,2,,3,6,,,2,2,,,,,,,,,,,
2022-12-20T05:27:54+00:00,6905501,PE0SAT-11,16,C080010C02800C0802000000D0070000,,,,,,,,,12,12,,,2,1,,,,,,,,,,,8
2022-12-20T05:27:54+00:00,6905500,Drachten,16,C080010C02800C0802000000D0070000,,,,,,,,,12,12,,,2,1,,,,,,,,,,,8
2022-12-20T05:28:00+00:00,6905500,Drachten,16,C080010C02800C0802000000D0070000,,,,,,,,,12,12,,,2,1,,,,,,,,,,,8
2022-12-20T05:28:06+00:00,6905501,PE0SAT-11,10,C0800206022C03020000,,,,,,,2,,3,6,,,2,2,,,,,,,,,,,
2022-12-20T05:28:08+00:00,6905501,PE0SAT-11,16,C080010C02800C0802000000D0070000,,,,,,,,,12,12,,,2,1,,,,,,,,,,,8
2022-12-20T05:28:08+00:00,6905500,Drachten,16,C080010C02800C0802000000D0070000,,,,,,,,,12,12,,,2,1,,,,,,,,,,,8
2022-12-20T05:28:22+00:00,6905500,Drachten,10,C0800406022D0D020000,,2,,,,,,,13,6,,,2,4,,,,,,,,,,,
2022-12-20T05:28:23+00:00,6905500,Drachten,10,C0800506022D07020000,,,,,,2,,,7,6,,,2,5,,,,,,,,,,,
2022-12-20T05:28:24+00:00,6905501,PE0SAT-11,10,C0800306022C08020000,,,,,,,,2,8,6,,,2,3,,,,,,,,,,,
2022-12-20T05:28:38+00:00,6905500,Drachten,10,C0800206022C03020000,,,,,,,2,,3,6,,,2,2,,,,,,,,,,,
2022-12-20T05:28:41+00:00,6905500,Drachten,10,C0800406022D0D020000,,2,,,,,,,13,6,,,2,4,,,,,,,,,,,
2022-12-20T07:02:34+00:00,6903069,M0KSF-BB,16,C080160C02800C080C00000050040B00,,,,,,,,,12,12,,,2,22,,,,,,,,,,,8
2022-12-20T07:02:49+00:00,6903069,M0KSF-BB,16,C0801F0C02890308B1210400A9B9FCFF,,,,,,,,,3,12,8,,2,31,,,,,,,,,,,
2022-12-20T07:03:08+00:00,6903069,M0KSF-BB,16,C080340C028903081EBC0200B7DAFCFF,,,,,,,,,3,12,8,,2,52,,,,,,,,,,,
2022-12-20T07:03:23+00:00,6903069,M0KSF-BB,16,C080010C02800C080200000000000000,,,,,,,,,12,12,,,2,1,,,,,,,,,,,8
2022-12-20T07:03:42+00:00,6903069,M0KSF-BB,16,C080160C02800C080C00000050040B00,,,,,,,,,12,12,,,2,22,,,,,,,,,,,8
2022-12-20T07:03:57+00:00,6903069,M0KSF-BB,16,C0801F0C02890308A4030400CA0AFDFF,,,,,,,,,3,12,8,,2,31,,,,,,,,,,,
2022-12-20T07:03:58+00:00,6903069,M0KSF-BB,16,C080200C02890508183C000011000000,,,,,,,,,5,12,,8,2,32,,,,,,,,,,,
2022-12-20T07:04:03+00:00,6903069,M0KSF-BB,16,C0802B0C02800C081700000088F50400,,,,,,,,,12,12,,,2,43,,,,,,,,,,,8
2022-12-20T07:04:17+00:00,6903069,M0KSF-BB,16,C080010C02800C0802000000D0070000,,,,,,,,,12,12,,,2,1,,,,,,,,,,,8
2022-12-20T07:04:36+00:00,6903069,M0KSF-BB,16,C080010C02800C080200000000000000,,,,,,,,,12,12,,,2,1,,,,,,,,,,,8
2022-12-20T07:07:07+00:00,6903069,M0KSF-BB,16,C080010C02800C0802000000D0070000,,,,,,,,,12,12,,,2,1,,,,,,,,,,,8
2022-12-20T07:07:22+00:00,6903069,M0KSF-BB,16,C080010C02800C080200000000000000,,,,,,,,,12,12,,,2,1,,,,,,,,,,,8
2022-12-20T07:07:36+00:00,6903069,M0KSF-BB,16,C080010C02800C0802000000D0070000,,,,,,,,,12,12,,,2,1,,,,,,,,,,,8
2022-12-20T07:08:06+00:00,6903069,M0KSF-BB,16,C080010C02800C080200000000000000,,,,,,,,,12,12,,,2,1,,,,,,,,,,,8
2022-12-20T07:08:20+00:00,6903069,M0KSF-BB,16,C080010C02800C080200000000000000,,,,,,,,,12,12,,,2,1,,,,,,,,,,,8
2022-12-20T17:34:33+00:00,6907680,M0KSF,16,C080010C02800C080200000000000000,,,,,,,,,12,12,,,2,1,,,,,,,,,,,8
2022-12-20T17:34:57+00:00,6907680,M0KSF,16,C080010C02800C080200000000000000,,,,,,,,,12,12,,,2,1,,,,,,,,,,,8
2022-12-20T17:35:10+00:00,6907680,M0KSF,16,C0800B0C028905088DCA030006000000,,,,,,,,,5,12,,8,2,11,,,,,,,,,,,
2022-12-20T17:35:10+00:00,6907680,M0KSF,16,C0800A0C02890308ED430200555EFEFF,,,,,,,,,3,12,8,,2,10,,,,,,,,,,,
2022-12-20T17:35:16+00:00,6907680,M0KSF,16,C080160C02800C080C00000010E50A00,,,,,,,,,12,12,,,2,22,,,,,,,,,,,8
2022-12-20T17:35:29+00:00,6907680,M0KSF,16,C080010C02800C080200000000000000,,,,,,,,,12,12,,,2,1,,,,,,,,,,,8
2022-12-20T17:35:42+00:00,6907680,M0KSF,16,C0800A0C02890308C4E0010029F2FDFF,,,,,,,,,3,12,8,,2,10,,,,,,,,,,,
2022-12-20T17:35:42+00:00,6907680,M0KSF,16,C0800B0C028905087794030006000000,,,,,,,,,5,12,,8,2,11,,,,,,,,,,,
2022-12-20T19:15:02+00:00,6907683,M0KSF,16,C080010C02800C080200000000000000,,,,,,,,,12,12,,,2,1,,,,,,,,,,,8
2022-12-20T19:15:15+00:00,6907683,M0KSF,16,C080010C02800C080200000000000000,,,,,,,,,12,12,,,2,1,,,,,,,,,,,8
2022-12-20T19:15:28+00:00,6907683,M0KSF,16,C080010C02800C080200000000000000,,,,,,,,,12,12,,,2,1,,,,,,,,,,,8
2022-12-20T19:15:41+00:00,6907683,M0KSF,16,C080010C02800C080200000000000000,,,,,,,,,12,12,,,2,1,,,,,,,,,,,8
2022-12-20T19:15:56+00:00,6907683,M0KSF,16,C080010C02800C080200000000000000,,,,,,,,,12,12,,,2,1,,,,,,,,,,,8
2022-12-20T19:16:10+00:00,6907683,M0KSF,16,C080010C02800C0802000000D0070000,,,,,,,,,12,12,,,2,1,,,,,,,,,,,8
2022-12-20T19:16:54+00:00,6907683,M0KSF,16,C080010C02800C080200000000000000,,,,,,,,,12,12,,,2,1,,,,,,,,,,,8
2022-12-21T00:16:58+00:00,6909895,MAUSyagi,16,C080010C02800C0802000000D0070000,,,,,,,,,12,12,,,2,1,,,,,,,,,,,8
2022-12-21T00:17:02+00:00,6909895,MAUSyagi,16,C080010C02800C0802000000D0070000,,,,,,,,,12,12,,,2,1,,,,,,,,,,,8
2022-12-21T00:17:10+00:00,6909895,MAUSyagi,16,C080010C02800C080200000000000000,,,,,,,,,12,12,,,2,1,,,,,,,,,,,8
2022-12-21T03:13:29+00:00,6907696,M0KSF,16,C080010C02800C0802000000D0070000,,,,,,,,,12,12,,,2,1,,,,,,,,,,,8
2022-12-21T03:13:42+00:00,6907696,M0KSF,16,C080010C02800C080200000000000000,,,,,,,,,12,12,,,2,1,,,,,,,,,,,8
2022-12-21T03:13:54+00:00,6907696,M0KSF,16,C080010C02800C080200000000000000,,,,,,,,,12,12,,,2,1,,,,,,,,,,,8
2022-12-21T03:14:08+00:00,6907696,M0KSF,16,C080010C02800C0802000000D0070000,,,,,,,,,12,12,,,2,1,,,,,,,,,,,8
2022-12-21T03:15:04+00:00,6907696,M0KSF,16,C080010C02800C0802000000D0070000,,,,,,,,,12,12,,,2,1,,,,,,,,,,,8
2022-12-21T03:15:19+00:00,6907696,M0KSF,16,C080010C02800C080200000000000000,,,,,,,,,12,12,,,2,1,,,,,,,,,,,8
2022-12-21T03:15:33+00:00,6907696,M0KSF,16,C080010C02800C080200000000000000,,,,,,,,,12,12,,,2,1,,,,,,,,,,,8
2022-12-21T03:15:46+00:00,6907696,M0KSF,16,C080010C02800C080200000000000000,,,,,,,,,12,12,,,2,1,,,,,,,,,,,8
2022-12-21T03:15:59+00:00,6907696,M0KSF,16,C080010C02800C080200000000000000,,,,,,,,,12,12,,,2,1,,,,,,,,,,,8
2022-12-21T04:44:36+00:00,6910616,OE6ISP_High_Gain_LimeSDR,10,C0800306022C08020000,,,,,,,,2,8,6,,,2,3,,,,,,,,,,,
2022-12-21T04:44:36+00:00,6910624,OE6EUR15,10,C0800306022C08020000,,,,,,,,2,8,6,,,2,3,,,,,,,,,,,
2022-12-21T04:47:33+00:00,6908328,M0KSF-BB,16,C080010C02800C080200000000000000,,,,,,,,,12,12,,,2,1,,,,,,,,,,,8
2022-12-21T04:47:46+00:00,6908328,M0KSF-BB,16,C0800B0C02890508BF60FFFF06000000,,,,,,,,,5,12,,8,2,11,,,,,,,,,,,
2022-12-21T04:47:46+00:00,6907698,M0KSF,16,C0800A0C028903088ECD0300F776FDFF,,,,,,,,,3,12,8,,2,10,,,,,,,,,,,
2022-12-21T04:47:52+00:00,6908328,M0KSF-BB,16,C080160C02800C080C00000010E50A00,,,,,,,,,12,12,,,2,22,,,,,,,,,,,8
2022-12-21T04:47:52+00:00,6907698,M0KSF,16,C080160C02800C080C00000010E50A00,,,,,,,,,12,12,,,2,22,,,,,,,,,,,8
2022-12-21T04:48:08+00:00,6907698,M0KSF,16,C0801F0C02890308F0BA0400BCE6FCFF,,,,,,,,,3,12,8,,2,31,,,,,,,,,,,
2022-12-21T04:48:14+00:00,6907698,M0KSF,16,C0802B0C02800C081700000088F50400,,,,,,,,,12,12,,,2,43,,,,,,,,,,,8
2022-12-21T04:48:26+00:00,6908328,M0KSF-BB,16,C080340C02890308B8330400C2F5FCFF,,,,,,,,,3,12,8,,2,52,,,,,,,,,,,
2022-12-21T04:48:26+00:00,6907698,M0KSF,16,C080340C02890308B8330400C2F5FCFF,,,,,,,,,3,12,8,,2,52,,,,,,,,,,,
2022-12-21T04:48:27+00:00,6908328,M0KSF-BB,16,C080350C028905088DE5FEFF1C000000,,,,,,,,,5,12,,8,2,53,,,,,,,,,,,
2022-12-21T04:48:27+00:00,6907698,M0KSF,16,C080350C028905088DE5FEFF1C000000,,,,,,,,,5,12,,8,2,53,,,,,,,,,,,
2022-12-21T04:48:44+00:00,6908328,M0KSF-BB,16,C080010C02800C080200000000000000,,,,,,,,,12,12,,,2,1,,,,,,,,,,,8
2022-12-21T04:48:44+00:00,6907698,M0KSF,16,C080010C02800C080200000000000000,,,,,,,,,12,12,,,2,1,,,,,,,,,,,8
2022-12-21T04:48:57+00:00,6908328,M0KSF-BB,16,C0800A0C02890308B8330400F97CFDFF,,,,,,,,,3,12,8,,2,10,,,,,,,,,,,
2022-12-21T04:48:57+00:00,6908328,M0KSF-BB,16,C0800B0C02890508B23FFFFF06000000,,,,,,,,,5,12,,8,2,11,,,,,,,,,,,
2022-12-21T04:48:57+00:00,6907698,M0KSF,16,C0800B0C02890508B23FFFFF06000000,,,,,,,,,5,12,,8,2,11,,,,,,,,,,,
2022-12-21T04:49:13+00:00,6908328,M0KSF-BB,16,C080010C02800C080200000000000000,,,,,,,,,12,12,,,2,1,,,,,,,,,,,8
2022-12-21T04:49:13+00:00,6907698,M0KSF,16,C080010C02800C080200000000000000,,,,,,,,,12,12,,,2,1,,,,,,,,,,,8
2022-12-21T04:49:31+00:00,6910468,Mogielnica - UHF,16,C080010C02800C080200000000000000,,,,,,,,,12,12,,,2,1,,,,,,,,,,,8
2022-12-21T04:49:31+00:00,6910448,GAO UHF,10,C0800306022C08020000,,,,,,,,2,8,6,,,2,3,,,,,,,,,,,
2022-12-21T04:49:33+00:00,6910468,Mogielnica - UHF,16,C080010C02800C080200000000000000,,,,,,,,,12,12,,,2,1,,,,,,,,,,,8
2022-12-21T04:49:33+00:00,6908328,M0KSF-BB,16,C080010C02800C080200000000000000,,,,,,,,,12,12,,,2,1,,,,,,,,,,,8
2022-12-21T04:49:33+00:00,6910616,OE6ISP_High_Gain_LimeSDR,10,C0800306022C08020000,,,,,,,,2,8,6,,,2,3,,,,,,,,,,,
2022-12-21T04:49:33+00:00,6910624,OE6EUR15,10,C0800306022C08020000,,,,,,,,2,8,6,,,2,3,,,,,,,,,,,
2022-12-21T04:49:33+00:00,6910448,GAO UHF,10,C0800406022D0D020000,,2,,,,,,,13,6,,,2,4,,,,,,,,,,,
2022-12-21T04:49:34+00:00,6910448,GAO UHF,10,C0800506022D07020000,,,,,,2,,,7,6,,,2,5,,,,,,,,,,,
2022-12-21T04:49:36+00:00,6910468,Mogielnica - UHF,10,C0800406022D0D020000,,2,,,,,,,13,6,,,2,4,,,,,,,,,,,
2022-12-21T04:49:37+00:00,6910468,Mogielnica - UHF,10,C0800506022D07020000,,,,,,2,,,7,6,,,2,5,,,,,,,,,,,
2022-12-21T04:49:48+00:00,6910448,GAO UHF,16,C080010C02800C0802000000D0070000,,,,,,,,,12,12,,,2,1,,,,,,,,,,,8
2022-12-21T04:49:49+00:00,6910448,GAO UHF,10,C0800206022C03020000,,,,,,,2,,3,6,,,2,2,,,,,,,,,,,
2022-12-21T04:49:50+00:00,6910448,GAO UHF,10,C0800306022C08020000,,,,,,,,2,8,6,,,2,3,,,,,,,,,,,
2022-12-21T04:49:52+00:00,6910448,GAO UHF,10,C0800406022D0D020000,,2,,,,,,,13,6,,,2,4,,,,,,,,,,,
2022-12-21T04:49:54+00:00,6910448,GAO UHF,10,C0800506022D07020000,,,,,,2,,,7,6,,,2,5,,,,,,,,,,,
2022-12-21T04:49:57+00:00,6910468,Mogielnica - UHF,10,C0800506022D07020000,,,,,,2,,,7,6,,,2,5,,,,,,,,,,,
2022-12-21T04:50:07+00:00,6910448,GAO UHF,16,C080010C02800C0802000000D0070000,,,,,,,,,12,12,,,2,1,,,,,,,,,,,8
2022-12-21T04:50:09+00:00,6910448,GAO UHF,10,C0800206022C03020000,,,,,,,2,,3,6,,,2,2,,,,,,,,,,,
2022-12-21T04:50:10+00:00,6910448,GAO UHF,10,C0800306022C08020000,,,,,,,,2,8,6,,,2,3,,,,,,,,,,,
2022-12-21T04:50:12+00:00,6908328,M0KSF-BB,16,C080010C02800C0802000000D0070000,,,,,,,,,12,12,,,2,1,,,,,,,,,,,8
2022-12-21T04:50:12+00:00,6907698,M0KSF,16,C080010C02800C0802000000D0070000,,,,,,,,,12,12,,,2,1,,,,,,,,,,,8
2022-12-21T04:50:12+00:00,6910448,GAO UHF,16,C080010C02800C0802000000D0070000,,,,,,,,,12,12,,,2,1,,,,,,,,,,,8
2022-12-21T04:50:12+00:00,6910448,GAO UHF,10,C0800406022D0D020000,,2,,,,,,,13,6,,,2,4,,,,,,,,,,,
2022-12-21T04:50:13+00:00,6910448,GAO UHF,10,C0800506022D07020000,,,,,,2,,,7,6,,,2,5,,,,,,,,,,,
2022-12-21T04:50:26+00:00,6910448,GAO UHF,16,C080010C02800C080200000000000000,,,,,,,,,12,12,,,2,1,,,,,,,,,,,8
2022-12-21T04:50:28+00:00,6910448,GAO UHF,10,C0800206022C03020000,,,,,,,2,,3,6,,,2,2,,,,,,,,,,,
2022-12-21T04:50:30+00:00,6910448,GAO UHF,10,C0800306022C08020000,,,,,,,,2,8,6,,,2,3,,,,,,,,,,,
2022-12-21T04:50:31+00:00,6908328,M0KSF-BB,16,C080010C02800C080200000000000000,,,,,,,,,12,12,,,2,1,,,,,,,,,,,8
2022-12-21T04:50:31+00:00,6907698,M0KSF,16,C080010C02800C080200000000000000,,,,,,,,,12,12,,,2,1,,,,,,,,,,,8
2022-12-21T04:50:31+00:00,6910448,GAO UHF,16,C080010C02800C080200000000000000,,,,,,,,,12,12,,,2,1,,,,,,,,,,,8
2022-12-21T04:50:31+00:00,6910448,GAO UHF,10,C0800406022D0D020000,,2,,,,,,,13,6,,,2,4,,,,,,,,,,,
2022-12-21T04:50:33+00:00,6910448,GAO UHF,10,C0800506022D07020000,,,,,,2,,,7,6,,,2,5,,,,,,,,,,,
2022-12-21T04:50:49+00:00,6910468,Mogielnica - UHF,16,C080010C02800C0802000000E8030000,,,,,,,,,12,12,,,2,1,,,,,,,,,,,8
2022-12-21T04:50:51+00:00,6910468,Mogielnica - UHF,10,C0800206022C03020000,,,,,,,2,,3,6,,,2,2,,,,,,,,,,,
2022-12-21T04:50:51+00:00,6908328,M0KSF-BB,16,C080010C02800C0802000000E8030000,,,,,,,,,12,12,,,2,1,,,,,,,,,,,8
2022-12-21T04:50:51+00:00,6907698,M0KSF,16,C080010C02800C0802000000E8030000,,,,,,,,,12,12,,,2,1,,,,,,,,,,,8
2022-12-21T04:50:51+00:00,6910448,GAO UHF,16,C080010C02800C0802000000E8030000,,,,,,,,,12,12,,,2,1,,,,,,,,,,,8
2022-12-21T04:50:52+00:00,6910468,Mogielnica - UHF,10,C0800306022C08020000,,,,,,,,2,8,6,,,2,3,,,,,,,,,,,
2022-12-21T04:50:54+00:00,6910468,Mogielnica - UHF,10,C0800406022D0D020000,,2,,,,,,,13,6,,,2,4,,,,,,,,,,,
2022-12-21T04:51:06+00:00,6910448,GAO UHF,16,C080010C02800C0802000000D0070000,,,,,,,,,12,12,,,2,1,,,,,,,,,,,8
2022-12-21T04:51:07+00:00,6910448,GAO UHF,10,C0800206022C03020000,,,,,,,2,,3,6,,,2,2,,,,,,,,,,,
2022-12-21T04:51:09+00:00,6910468,Mogielnica - UHF,16,C080010C02800C0802000000D0070000,,,,,,,,,12,12,,,2,1,,,,,,,,,,,8
2022-12-21T04:51:09+00:00,6910448,GAO UHF,10,C0800306022C08020000,,,,,,,,2,8,6,,,2,3,,,,,,,,,,,
2022-12-21T04:51:10+00:00,6910468,Mogielnica - UHF,16,C080010C02800C0802000000D0070000,,,,,,,,,12,12,,,2,1,,,,,,,,,,,8
2022-12-21T04:51:10+00:00,6908328,M0KSF-BB,16,C080010C02800C0802000000D0070000,,,,,,,,,12,12,,,2,1,,,,,,,,,,,8
2022-12-21T04:51:10+00:00,6907698,M0KSF,16,C080010C02800C0802000000D0070000,,,,,,,,,12,12,,,2,1,,,,,,,,,,,8
2022-12-21T04:51:10+00:00,6910448,GAO UHF,16,C080010C02800C0802000000D0070000,,,,,,,,,12,12,,,2,1,,,,,,,,,,,8
2022-12-21T04:51:10+00:00,6910448,GAO UHF,10,C0800406022D0D020000,,2,,,,,,,13,6,,,2,4,,,,,,,,,,,
2022-12-21T04:51:10+00:00,6910468,Mogielnica - UHF,10,C0800206022C03020000,,,,,,,2,,3,6,,,2,2,,,,,,,,,,,
2022-12-21T04:51:12+00:00,6910468,Mogielnica - UHF,10,C0800306022C08020000,,,,,,,,2,8,6,,,2,3,,,,,,,,,,,
2022-12-21T04:51:12+00:00,6910448,GAO UHF,10,C0800506022D07020000,,,,,,2,,,7,6,,,2,5,,,,,,,,,,,
2022-12-21T04:51:13+00:00,6910468,Mogielnica - UHF,10,C0800406022D0D020000,,2,,,,,,,13,6,,,2,4,,,,,,,,,,,
2022-12-21T04:51:15+00:00,6910468,Mogielnica - UHF,10,C0800506022D07020000,,,,,,2,,,7,6,,,2,5,,,,,,,,,,,
2022-12-21T04:51:25+00:00,6910448,GAO UHF,16,C080010C02800C0802000000D0070000,,,,,,,,,12,12,,,2,1,,,,,,,,,,,8
2022-12-21T04:51:27+00:00,6910448,GAO UHF,10,C0800206022C03020000,,,,,,,2,,3,6,,,2,2,,,,,,,,,,,
2022-12-21T04:51:28+00:00,6910468,Mogielnica - UHF,16,C080010C02800C0802000000D0070000,,,,,,,,,12,12,,,2,1,,,,,,,,,,,8
2022-12-21T04:51:28+00:00,6910448,GAO UHF,10,C0800306022C08020000,,,,,,,,2,8,6,,,2,3,,,,,,,,,,,
2022-12-21T04:51:29+00:00,6910448,GAO UHF,10,C0800406022D0D020000,,2,,,,,,,13,6,,,2,4,,,,,,,,,,,
2022-12-21T04:51:30+00:00,6910468,Mogielnica - UHF,16,C080010C02800C0802000000D0070000,,,,,,,,,12,12,,,2,1,,,,,,,,,,,8
2022-12-21T04:51:30+00:00,6910468,Mogielnica - UHF,10,C0800206022C03020000,,,,,,,2,,3,6,,,2,2,,,,,,,,,,,
2022-12-21T04:51:30+00:00,6908328,M0KSF-BB,16,C080010C02800C0802000000D0070000,,,,,,,,,12,12,,,2,1,,,,,,,,,,,8
2022-12-21T04:51:30+00:00,6907698,M0KSF,16,C080010C02800C0802000000D0070000,,,,,,,,,12,12,,,2,1,,,,,,,,,,,8
2022-12-21T04:51:30+00:00,6910448,GAO UHF,16,C080010C02800C0802000000D0070000,,,,,,,,,12,12,,,2,1,,,,,,,,,,,8
2022-12-21T04:51:31+00:00,6910448,GAO UHF,10,C0800506022D07020000,,,,,,2,,,7,6,,,2,5,,,,,,,,,,,
2022-12-21T04:51:33+00:00,6910468,Mogielnica - UHF,10,C0800406022D0D020000,,2,,,,,,,13,6,,,2,4,,,,,,,,,,,
2022-12-21T04:51:34+00:00,6910468,Mogielnica - UHF,10,C0800506022D07020000,,,,,,2,,,7,6,,,2,5,,,,,,,,,,,
2022-12-21T04:51:44+00:00,6910448,GAO UHF,16,C080010C02800C080200000000000000,,,,,,,,,12,12,,,2,1,,,,,,,,,,,8
2022-12-21T04:51:46+00:00,6910448,GAO UHF,10,C0800206022C03020000,,,,,,,2,,3,6,,,2,2,,,,,,,,,,,
2022-12-21T04:51:48+00:00,6910468,Mogielnica - UHF,16,C080010C02800C080200000000000000,,,,,,,,,12,12,,,2,1,,,,,,,,,,,8
2022-12-21T04:51:48+00:00,6910448,GAO UHF,10,C0800306022C08020000,,,,,,,,2,8,6,,,2,3,,,,,,,,,,,
2022-12-21T04:51:49+00:00,6910468,Mogielnica - UHF,10,C0800206022C03020000,,,,,,,2,,3,6,,,2,2,,,,,,,,,,,
2022-12-21T04:51:49+00:00,6908328,M0KSF-BB,16,C080010C02800C080200000000000000,,,,,,,,,12,12,,,2,1,,,,,,,,,,,8
2022-12-21T04:51:49+00:00,6907698,M0KSF,16,C080010C02800C080200000000000000,,,,,,,,,12,12,,,2,1,,,,,,,,,,,8
2022-12-21T04:51:49+00:00,6910616,OE6ISP_High_Gain_LimeSDR,16,C080010C02800C080200000000000000,,,,,,,,,12,12,,,2,1,,,,,,,,,,,8
2022-12-21T04:51:49+00:00,6910624,OE6EUR15,10,C0800306022C08020000,,,,,,,,2,8,6,,,2,3,,,,,,,,,,,
2022-12-21T04:51:49+00:00,6910448,GAO UHF,16,C080010C02800C080200000000000000,,,,,,,,,12,12,,,2,1,,,,,,,,,,,8
2022-12-21T04:51:50+00:00,6910468,Mogielnica - UHF,16,C080010C02800C080200000000000000,,,,,,,,,12,12,,,2,1,,,,,,,,,,,8
2022-12-21T04:51:50+00:00,6910448,GAO UHF,10,C0800506022D07020000,,,,,,2,,,7,6,,,2,5,,,,,,,,,,,
2022-12-21T04:51:51+00:00,6910468,Mogielnica - UHF,10,C0800306022C08020000,,,,,,,,2,8,6,,,2,3,,,,,,,,,,,
2022-12-21T04:51:51+00:00,6910616,OE6ISP_High_Gain_LimeSDR,10,C0800406022D0D020000,,2,,,,,,,13,6,,,2,4,,,,,,,,,,,
2022-12-21T04:51:51+00:00,6910624,OE6EUR15,10,C0800406022D0D020000,,2,,,,,,,13,6,,,2,4,,,,,,,,,,,
2022-12-21T04:51:52+00:00,6910468,Mogielnica - UHF,10,C0800406022D0D020000,,2,,,,,,,13,6,,,2,4,,,,,,,,,,,
2022-12-21T04:51:54+00:00,6910468,Mogielnica - UHF,10,C0800506022D07020000,,,,,,2,,,7,6,,,2,5,,,,,,,,,,,
2022-12-21T04:52:06+00:00,6910616,OE6ISP_High_Gain_LimeSDR,16,C080010C02800C080200000000000000,,,,,,,,,12,12,,,2,1,,,,,,,,,,,8
2022-12-21T04:52:06+00:00,6910624,OE6EUR15,16,C080010C02800C080200000000000000,,,,,,,,,12,12,,,2,1,,,,,,,,,,,8
2022-12-21T04:52:07+00:00,6910468,Mogielnica - UHF,16,C080010C02800C080200000000000000,,,,,,,,,12,12,,,2,1,,,,,,,,,,,8
2022-12-21T04:52:09+00:00,6910468,Mogielnica - UHF,10,C0800206022C03020000,,,,,,,2,,3,6,,,2,2,,,,,,,,,,,
2022-12-21T04:52:09+00:00,6910468,Mogielnica - UHF,16,C080010C02800C080200000000000000,,,,,,,,,12,12,,,2,1,,,,,,,,,,,8
2022-12-21T04:52:09+00:00,6908328,M0KSF-BB,16,C080010C02800C080200000000000000,,,,,,,,,12,12,,,2,1,,,,,,,,,,,8
2022-12-21T04:52:09+00:00,6907698,M0KSF,16,C080010C02800C080200000000000000,,,,,,,,,12,12,,,2,1,,,,,,,,,,,8
2022-12-21T04:52:09+00:00,6910616,OE6ISP_High_Gain_LimeSDR,16,C080010C02800C080200000000000000,,,,,,,,,12,12,,,2,1,,,,,,,,,,,8
2022-12-21T04:52:09+00:00,6910624,OE6EUR15,16,C080010C02800C080200000000000000,,,,,,,,,12,12,,,2,1,,,,,,,,,,,8
2022-12-21T04:52:10+00:00,6910468,Mogielnica - UHF,10,C0800306022C08020000,,,,,,,,2,8,6,,,2,3,,,,,,,,,,,
2022-12-21T04:52:12+00:00,6910468,Mogielnica - UHF,10,C0800406022D0D020000,,2,,,,,,,13,6,,,2,4,,,,,,,,,,,
2022-12-21T04:52:13+00:00,6910468,Mogielnica - UHF,10,C0800506022D07020000,,,,,,2,,,7,6,,,2,5,,,,,,,,,,,
2022-12-21T04:52:28+00:00,6907698,M0KSF,16,C080010C02800C080200000000000000,,,,,,,,,12,12,,,2,1,,,,,,,,,,,8
2022-12-21T04:52:29+00:00,6910457,PE0SAT-11,10,C0800506022D07020000,,,,,,2,,,7,6,,,2,5,,,,,,,,,,,
2022-12-21T04:52:44+00:00,6910457,PE0SAT-11,10,C0800206022C03020000,,,,,,,2,,3,6,,,2,2,,,,,,,,,,,
2022-12-21T04:52:47+00:00,6910457,PE0SAT-11,10,C0800406022D0D020000,,2,,,,,,,13,6,,,2,4,,,,,,,,,,,
2022-12-21T04:52:48+00:00,6908328,M0KSF-BB,16,C080010C02800C0802000000D0070000,,,,,,,,,12,12,,,2,1,,,,,,,,,,,8
2022-12-21T04:52:48+00:00,6907698,M0KSF,16,C080010C02800C0802000000D0070000,,,,,,,,,12,12,,,2,1,,,,,,,,,,,8
2022-12-21T04:53:05+00:00,6908328,M0KSF-BB,16,C080010C02800C080200000000000000,,,,,,,,,12,12,,,2,1,,,,,,,,,,,8
2022-12-21T04:53:05+00:00,6907698,M0KSF,16,C080010C02800C080200000000000000,,,,,,,,,12,12,,,2,1,,,,,,,,,,,8
2022-12-21T04:53:05+00:00,6910616,OE6ISP_High_Gain_LimeSDR,10,C0800306022C08020000,,,,,,,,2,8,6,,,2,3,,,,,,,,,,,
2022-12-21T04:53:05+00:00,6910624,OE6EUR15,10,C0800306022C08020000,,,,,,,,2,8,6,,,2,3,,,,,,,,,,,
2022-12-21T04:53:26+00:00,6910624,OE6EUR15,10,C0800406022D0D020000,,2,,,,,,,13,6,,,2,4,,,,,,,,,,,
2022-12-21T04:53:34+00:00,6910616,OE6ISP_High_Gain_LimeSDR,16,C0800B0C028905082E72000006000000,,,,,,,,,5,12,,8,2,11,,,,,,,,,,,
2022-12-21T04:53:34+00:00,6910624,OE6EUR15,16,C0800B0C028905082E72000006000000,,,,,,,,,5,12,,8,2,11,,,,,,,,,,,
2022-12-21T04:53:37+00:00,6907698,M0KSF,16,C0800B0C028905082E72000006000000,,,,,,,,,5,12,,8,2,11,,,,,,,,,,,
2022-12-21T04:53:37+00:00,6907698,M0KSF,16,C0800A0C02890308F3C30400545BFEFF,,,,,,,,,3,12,8,,2,10,,,,,,,,,,,
2022-12-21T04:53:37+00:00,6910616,OE6ISP_High_Gain_LimeSDR,16,C0800B0C028905082E72000006000000,,,,,,,,,5,12,,8,2,11,,,,,,,,,,,
2022-12-21T04:53:43+00:00,6907698,M0KSF,16,C080160C02800C080C00000010E50A00,,,,,,,,,12,12,,,2,22,,,,,,,,,,,8
2022-12-21T04:54:52+00:00,6907698,M0KSF,16,C0804A0C028905083787000026000000,,,,,,,,,5,12,,8,2,74,,,,,,,,,,,
2022-12-21T06:28:54+00:00,6908330,M0KSF-BB,16,C080010C02800C080200000000000000,,,,,,,,,12,12,,,2,1,,,,,,,,,,,8
2022-12-21T06:30:58+00:00,6910870,PE0SAT-11,10,C0800406022D0D020000,,2,,,,,,,13,6,,,2,4,,,,,,,,,,,
2022-12-21T06:31:15+00:00,6908330,M0KSF-BB,16,C080010C02800C080200000000000000,,,,,,,,,12,12,,,2,1,,,,,,,,,,,8
2022-12-21T06:31:15+00:00,6910617,OE6ISP_High_Gain_LimeSDR,16,C080010C02800C080200000000000000,,,,,,,,,12,12,,,2,1,,,,,,,,,,,8
2022-12-21T06:31:15+00:00,6910625,OE6EUR15,16,C080010C02800C080200000000000000,,,,,,,,,12,12,,,2,1,,,,,,,,,,,8
2022-12-21T06:31:17+00:00,6910617,OE6ISP_High_Gain_LimeSDR,10,C0800406022D0D020000,,2,,,,,,,13,6,,,2,4,,,,,,,,,,,
2022-12-21T06:31:17+00:00,6910625,OE6EUR15,10,C0800406022D0D020000,,2,,,,,,,13,6,,,2,4,,,,,,,,,,,
2022-12-21T06:31:18+00:00,6910617,OE6ISP_High_Gain_LimeSDR,10,C0800506022D07020000,,,,,,2,,,7,6,,,2,5,,,,,,,,,,,
2022-12-21T06:31:18+00:00,6910625,OE6EUR15,10,C0800506022D07020000,,,,,,2,,,7,6,,,2,5,,,,,,,,,,,
2022-12-21T06:31:32+00:00,6910617,OE6ISP_High_Gain_LimeSDR,16,C080010C02800C080200000000000000,,,,,,,,,12,12,,,2,1,,,,,,,,,,,8
2022-12-21T06:31:32+00:00,6910625,OE6EUR15,16,C080010C02800C080200000000000000,,,,,,,,,12,12,,,2,1,,,,,,,,,,,8
2022-12-21T06:31:33+00:00,6910617,OE6ISP_High_Gain_LimeSDR,10,C0800206022C03020000,,,,,,,2,,3,6,,,2,2,,,,,,,,,,,
2022-12-21T06:31:33+00:00,6910625,OE6EUR15,10,C0800206022C03020000,,,,,,,2,,3,6,,,2,2,,,,,,,,,,,
2022-12-21T06:31:35+00:00,6908330,M0KSF-BB,16,C080010C02800C080200000000000000,,,,,,,,,12,12,,,2,1,,,,,,,,,,,8
2022-12-21T06:31:35+00:00,6910617,OE6ISP_High_Gain_LimeSDR,16,C080010C02800C080200000000000000,,,,,,,,,12,12,,,2,1,,,,,,,,,,,8
2022-12-21T06:31:35+00:00,6910625,OE6EUR15,16,C080010C02800C080200000000000000,,,,,,,,,12,12,,,2,1,,,,,,,,,,,8
2022-12-21T06:31:51+00:00,6910617,OE6ISP_High_Gain_LimeSDR,16,C080010C02800C080200000000000000,,,,,,,,,12,12,,,2,1,,,,,,,,,,,8
2022-12-21T06:31:51+00:00,6910625,OE6EUR15,16,C080010C02800C080200000000000000,,,,,,,,,12,12,,,2,1,,,,,,,,,,,8
2022-12-21T06:31:53+00:00,6910617,OE6ISP_High_Gain_LimeSDR,10,C0800206022C03020000,,,,,,,2,,3,6,,,2,2,,,,,,,,,,,
2022-12-21T06:31:53+00:00,6910625,OE6EUR15,10,C0800206022C03020000,,,,,,,2,,3,6,,,2,2,,,,,,,,,,,
2022-12-21T06:31:54+00:00,6908330,M0KSF-BB,16,C080010C02800C080200000000000000,,,,,,,,,12,12,,,2,1,,,,,,,,,,,8
2022-12-21T06:31:54+00:00,6910617,OE6ISP_High_Gain_LimeSDR,16,C080010C02800C080200000000000000,,,,,,,,,12,12,,,2,1,,,,,,,,,,,8
2022-12-21T06:31:54+00:00,6910617,OE6ISP_High_Gain_LimeSDR,10,C0800306022C08020000,,,,,,,,2,8,6,,,2,3,,,,,,,,,,,
2022-12-21T06:31:54+00:00,6910625,OE6EUR15,16,C080010C02800C080200000000000000,,,,,,,,,12,12,,,2,1,,,,,,,,,,,8
2022-12-21T06:31:54+00:00,6910625,OE6EUR15,10,C0800306022C08020000,,,,,,,,2,8,6,,,2,3,,,,,,,,,,,
2022-12-21T06:31:56+00:00,6910617,OE6ISP_High_Gain_LimeSDR,10,C0800406022D0D020000,,2,,,,,,,13,6,,,2,4,,,,,,,,,,,
2022-12-21T06:32:08+00:00,6910617,OE6ISP_High_Gain_LimeSDR,16,C080010C02800C080200000000000000,,,,,,,,,12,12,,,2,1,,,,,,,,,,,8
2022-12-21T06:32:08+00:00,6910625,OE6EUR15,16,C080010C02800C080200000000000000,,,,,,,,,12,12,,,2,1,,,,,,,,,,,8
2022-12-21T06:32:10+00:00,6910617,OE6ISP_High_Gain_LimeSDR,10,C0800206022C03020000,,,,,,,2,,3,6,,,2,2,,,,,,,,,,,
2022-12-21T06:32:10+00:00,6910625,OE6EUR15,10,C0800206022C03020000,,,,,,,2,,3,6,,,2,2,,,,,,,,,,,
2022-12-21T06:32:11+00:00,6908330,M0KSF-BB,16,C080010C02800C080200000000000000,,,,,,,,,12,12,,,2,1,,,,,,,,,,,8
2022-12-21T06:32:11+00:00,6910617,OE6ISP_High_Gain_LimeSDR,16,C080010C02800C080200000000000000,,,,,,,,,12,12,,,2,1,,,,,,,,,,,8
2022-12-21T06:32:11+00:00,6910617,OE6ISP_High_Gain_LimeSDR,10,C0800306022C08020000,,,,,,,,2,8,6,,,2,3,,,,,,,,,,,
2022-12-21T06:32:11+00:00,6910625,OE6EUR15,16,C080010C02800C080200000000000000,,,,,,,,,12,12,,,2,1,,,,,,,,,,,8
2022-12-21T06:32:11+00:00,6910625,OE6EUR15,10,C0800306022C08020000,,,,,,,,2,8,6,,,2,3,,,,,,,,,,,
2022-12-21T06:32:13+00:00,6910617,OE6ISP_High_Gain_LimeSDR,10,C0800406022D0D020000,,2,,,,,,,13,6,,,2,4,,,,,,,,,,,
2022-12-21T06:32:13+00:00,6910625,OE6EUR15,10,C0800406022D0D020000,,2,,,,,,,13,6,,,2,4,,,,,,,,,,,
2022-12-21T06:32:25+00:00,6910617,OE6ISP_High_Gain_LimeSDR,16,C080010C02800C080200000000000000,,,,,,,,,12,12,,,2,1,,,,,,,,,,,8
2022-12-21T06:32:25+00:00,6910625,OE6EUR15,16,C080010C02800C080200000000000000,,,,,,,,,12,12,,,2,1,,,,,,,,,,,8
2022-12-21T06:32:28+00:00,6908330,M0KSF-BB,16,C080010C02800C080200000000000000,,,,,,,,,12,12,,,2,1,,,,,,,,,,,8
2022-12-21T06:32:28+00:00,6910617,OE6ISP_High_Gain_LimeSDR,16,C080010C02800C080200000000000000,,,,,,,,,12,12,,,2,1,,,,,,,,,,,8
2022-12-21T06:32:28+00:00,6910617,OE6ISP_High_Gain_LimeSDR,10,C0800306022C08020000,,,,,,,,2,8,6,,,2,3,,,,,,,,,,,
2022-12-21T06:32:28+00:00,6910625,OE6EUR15,16,C080010C02800C080200000000000000,,,,,,,,,12,12,,,2,1,,,,,,,,,,,8
2022-12-21T06:32:28+00:00,6910625,OE6EUR15,10,C0800306022C08020000,,,,,,,,2,8,6,,,2,3,,,,,,,,,,,
2022-12-21T06:32:30+00:00,6910617,OE6ISP_High_Gain_LimeSDR,10,C0800406022D0D020000,,2,,,,,,,13,6,,,2,4,,,,,,,,,,,
2022-12-21T06:32:30+00:00,6910625,OE6EUR15,10,C0800406022D0D020000,,2,,,,,,,13,6,,,2,4,,,,,,,,,,,
2022-12-21T06:32:42+00:00,6910617,OE6ISP_High_Gain_LimeSDR,16,C080010C02800C080200000000000000,,,,,,,,,12,12,,,2,1,,,,,,,,,,,8
2022-12-21T06:32:42+00:00,6910625,OE6EUR15,16,C080010C02800C080200000000000000,,,,,,,,,12,12,,,2,1,,,,,,,,,,,8
2022-12-21T06:32:44+00:00,6910625,OE6EUR15,10,C0800206022C03020000,,,,,,,2,,3,6,,,2,2,,,,,,,,,,,
2022-12-21T06:32:44+00:00,6910617,OE6ISP_High_Gain_LimeSDR,10,C0800206022C03020000,,,,,,,2,,3,6,,,2,2,,,,,,,,,,,
2022-12-21T06:32:45+00:00,6910617,OE6ISP_High_Gain_LimeSDR,16,C080010C02800C080200000000000000,,,,,,,,,12,12,,,2,1,,,,,,,,,,,8
2022-12-21T06:32:45+00:00,6910625,OE6EUR15,16,C080010C02800C080200000000000000,,,,,,,,,12,12,,,2,1,,,,,,,,,,,8
2022-12-21T06:32:45+00:00,6910625,OE6EUR15,10,C0800306022C08020000,,,,,,,,2,8,6,,,2,3,,,,,,,,,,,
2022-12-21T06:32:46+00:00,6908330,M0KSF-BB,16,C080010C02800C080200000000000000,,,,,,,,,12,12,,,2,1,,,,,,,,,,,8
2022-12-21T06:33:03+00:00,6908330,M0KSF-BB,16,C080010C02800C080200000000000000,,,,,,,,,12,12,,,2,1,,,,,,,,,,,8
2022-12-21T06:33:54+00:00,6908330,M0KSF-BB,16,C080010C02800C080200000000000000,,,,,,,,,12,12,,,2,1,,,,,,,,,,,8
2022-12-21T10:19:26+00:00,6911610,JH4XSY-pi,16,C080010C02800C080200000000000000,,,,,,,,,12,12,,,2,1,,,,,,,,,,,8
2022-12-21T10:20:54+00:00,6911610,JH4XSY-pi,16,C080010C02800C080200000000000000,,,,,,,,,12,12,,,2,1,,,,,,,,,,,8
2022-12-21T10:21:06+00:00,6911610,JH4XSY-pi,16,C080010C02800C080200000000000000,,,,,,,,,12,12,,,2,1,,,,,,,,,,,8
2022-12-21T21:30:35+00:00,6914123,JH4XSY-pi,16,C080010C02800C080200000000000000,,,,,,,,,12,12,,,2,1,,,,,,,,,,,8
2022-12-21T21:30:50+00:00,6914123,JH4XSY-pi,16,C080010C02800C0802000000D0070000,,,,,,,,,12,12,,,2,1,,,,,,,,,,,8
2022-12-22T02:41:11+00:00,6910619,OE6ISP_High_Gain_LimeSDR,13,C0803C0902669F050000000000,,,,,,,,,159,9,,,2,60,,,,,,,5,,,,
2022-12-22T02:41:11+00:00,6910627,OE6EUR15,13,C0803C0902669F050000000000,,,,,,,,,159,9,,,2,60,,,,,,,5,,,,
2022-12-22T02:41:35+00:00,6912616,M0KSF,16,C080550C02800C082C00000040DD0A00,,,,,,,,,12,12,,,2,85,,,,,,,,,,,8
2022-12-22T05:58:26+00:00,6915575,PE0SAT-12,16,C080010C02800C080200000000000000,,,,,,,,,12,12,,,2,1,,,,,,,,,,,8
2022-12-22T05:58:31+00:00,6915575,PE0SAT-12,16,C080010C02800C080200000000000000,,,,,,,,,12,12,,,2,1,,,,,,,,,,,8
2022-12-22T05:58:31+00:00,6913057,M0KSF-BB,16,C080010C02800C080200000000000000,,,,,,,,,12,12,,,2,1,,,,,,,,,,,8
2022-12-22T05:58:31+00:00,6912621,M0KSF,16,C080010C02800C080200000000000000,,,,,,,,,12,12,,,2,1,,,,,,,,,,,8
2022-12-22T05:58:38+00:00,6915575,PE0SAT-12,16,C080010C02800C0802000000D0070000,,,,,,,,,12,12,,,2,1,,,,,,,,,,,8
2022-12-22T05:58:43+00:00,6915575,PE0SAT-12,16,C080010C02800C0802000000D0070000,,,,,,,,,12,12,,,2,1,,,,,,,,,,,8
2022-12-22T05:58:43+00:00,6913057,M0KSF-BB,16,C080010C02800C0802000000D0070000,,,,,,,,,12,12,,,2,1,,,,,,,,,,,8
2022-12-22T05:58:43+00:00,6912621,M0KSF,16,C080010C02800C0802000000D0070000,,,,,,,,,12,12,,,2,1,,,,,,,,,,,8
2022-12-22T05:58:51+00:00,6915575,PE0SAT-12,16,C080010C02800C080200000000000000,,,,,,,,,12,12,,,2,1,,,,,,,,,,,8
2022-12-22T05:58:56+00:00,6915575,PE0SAT-12,16,C080010C02800C080200000000000000,,,,,,,,,12,12,,,2,1,,,,,,,,,,,8
2022-12-22T05:58:56+00:00,6913057,M0KSF-BB,16,C080010C02800C080200000000000000,,,,,,,,,12,12,,,2,1,,,,,,,,,,,8
2022-12-22T05:58:56+00:00,6912621,M0KSF,16,C080010C02800C080200000000000000,,,,,,,,,12,12,,,2,1,,,,,,,,,,,8
2022-12-22T05:59:04+00:00,6915575,PE0SAT-12,16,C080010C02800C080200000000000000,,,,,,,,,12,12,,,2,1,,,,,,,,,,,8
2022-12-22T05:59:09+00:00,6915575,PE0SAT-12,16,C080010C02800C080200000000000000,,,,,,,,,12,12,,,2,1,,,,,,,,,,,8
2022-12-22T05:59:09+00:00,6913057,M0KSF-BB,16,C080010C02800C080200000000000000,,,,,,,,,12,12,,,2,1,,,,,,,,,,,8
2022-12-22T05:59:09+00:00,6912621,M0KSF,16,C080010C02800C080200000000000000,,,,,,,,,12,12,,,2,1,,,,,,,,,,,8
2022-12-22T05:59:18+00:00,6915575,PE0SAT-12,16,C080010C02800C080200000000000000,,,,,,,,,12,12,,,2,1,,,,,,,,,,,8
2022-12-22T05:59:23+00:00,6915575,PE0SAT-12,16,C080010C02800C080200000000000000,,,,,,,,,12,12,,,2,1,,,,,,,,,,,8
2022-12-22T05:59:23+00:00,6912621,M0KSF,16,C080010C02800C080200000000000000,,,,,,,,,12,12,,,2,1,,,,,,,,,,,8
2022-12-22T05:59:37+00:00,6915575,PE0SAT-12,16,C080010C02800C0802000000E8030000,,,,,,,,,12,12,,,2,1,,,,,,,,,,,8
2022-12-22T05:59:37+00:00,6912621,M0KSF,16,C080010C02800C0802000000E8030000,,,,,,,,,12,12,,,2,1,,,,,,,,,,,8
2022-12-22T05:59:52+00:00,6912621,M0KSF,16,C080010C02800C0802000000D0070000,,,,,,,,,12,12,,,2,1,,,,,,,,,,,8
2022-12-22T06:00:06+00:00,6912621,M0KSF,16,C080010C02800C080200000000000000,,,,,,,,,12,12,,,2,1,,,,,,,,,,,8
2022-12-22T06:00:24+00:00,6912621,M0KSF,16,C080010C02800C080200000000000000,,,,,,,,,12,12,,,2,1,,,,,,,,,,,8
2022-12-22T06:00:43+00:00,6912621,M0KSF,16,C080010C02800C080200000000000000,,,,,,,,,12,12,,,2,1,,,,,,,,,,,8
2022-12-22T06:01:07+00:00,6912621,M0KSF,16,C080010C02800C080200000000000000,,,,,,,,,12,12,,,2,1,,,,,,,,,,,8
2022-12-22T06:01:20+00:00,6912621,M0KSF,16,C0800B0C028905085EE7000006000000,,,,,,,,,5,12,,8,2,11,,,,,,,,,,,
2022-12-22T06:01:20+00:00,6912621,M0KSF,16,C0800A0C02890308468D05001ACEFDFF,,,,,,,,,3,12,8,,2,10,,,,,,,,,,,
2022-12-22T06:01:26+00:00,6912621,M0KSF,16,C080160C02800C080C00000010E50A00,,,,,,,,,12,12,,,2,22,,,,,,,,,,,8
2022-12-22T06:01:44+00:00,6912621,M0KSF,16,C080010C02800C080200000000000000,,,,,,,,,12,12,,,2,1,,,,,,,,,,,8
2022-12-22T06:01:56+00:00,6913057,M0KSF-BB,16,C0800A0C02890308396F05002DFBFDFF,,,,,,,,,3,12,8,,2,10,,,,,,,,,,,
2022-12-22T06:01:56+00:00,6912621,M0KSF,16,C0800A0C02890308396F05002DFBFDFF,,,,,,,,,3,12,8,,2,10,,,,,,,,,,,
2022-12-22T06:01:57+00:00,6913057,M0KSF-BB,16,C0800B0C0289050854CF000006000000,,,,,,,,,5,12,,8,2,11,,,,,,,,,,,
2022-12-22T06:01:57+00:00,6912621,M0KSF,16,C0800B0C0289050854CF000006000000,,,,,,,,,5,12,,8,2,11,,,,,,,,,,,
2022-12-22T06:02:02+00:00,6913057,M0KSF-BB,16,C080160C02800C080C00000010E50A00,,,,,,,,,12,12,,,2,22,,,,,,,,,,,8
2022-12-22T06:02:02+00:00,6912621,M0KSF,16,C080160C02800C080C00000010E50A00,,,,,,,,,12,12,,,2,22,,,,,,,,,,,8
2022-12-22T06:02:18+00:00,6912621,M0KSF,16,C0801F0C02890308396F05003004FEFF,,,,,,,,,3,12,8,,2,31,,,,,,,,,,,
2022-12-22T06:02:18+00:00,6912621,M0KSF,16,C080200C0289050858D8000011000000,,,,,,,,,5,12,,8,2,32,,,,,,,,,,,
2022-12-22T06:02:24+00:00,6912621,M0KSF,16,C0802B0C02800C081700000088F50400,,,,,,,,,12,12,,,2,43,,,,,,,,,,,8
2022-12-22T06:02:42+00:00,6912621,M0KSF,16,C080010C02800C0802000000D0070000,,,,,,,,,12,12,,,2,1,,,,,,,,,,,8
2022-12-22T07:42:01+00:00,6912624,M0KSF,16,C080010C02800C080200000000000000,,,,,,,,,12,12,,,2,1,,,,,,,,,,,8
2022-12-22T07:42:27+00:00,6912624,M0KSF,16,C080010C02800C0802000000D0070000,,,,,,,,,12,12,,,2,1,,,,,,,,,,,8
2022-12-22T20:56:38+00:00,6919110,JH4XSY-pi,16,C080010C02800C080200000000000000,,,,,,,,,12,12,,,2,1,,,,,,,,,,,8
2022-12-22T23:06:10+00:00,6919350,MAUSyagi,16,C080010C02800C080200000000000000,,,,,,,,,12,12,,,2,1,,,,,,,,,,,8
2022-12-22T23:06:11+00:00,6919350,MAUSyagi,10,C0800206022C03020000,,,,,,,2,,3,6,,,2,2,,,,,,,,,,,
2022-12-22T23:06:13+00:00,6919343,MAUSyagi,16,C080010C02800C080200000000000000,,,,,,,,,12,12,,,2,1,,,,,,,,,,,8
2022-12-22T23:06:14+00:00,6919343,MAUSyagi,16,C080010C02800C080200000000000000,,,,,,,,,12,12,,,2,1,,,,,,,,,,,8
2022-12-22T23:06:24+00:00,6919350,MAUSyagi,16,C080010C02800C080200000000000000,,,,,,,,,12,12,,,2,1,,,,,,,,,,,8
2022-12-22T23:06:26+00:00,6919350,MAUSyagi,10,C0800206022C03020000,,,,,,,2,,3,6,,,2,2,,,,,,,,,,,
2022-12-22T23:06:27+00:00,6919343,MAUSyagi,16,C080010C02800C080200000000000000,,,,,,,,,12,12,,,2,1,,,,,,,,,,,8
2022-12-22T23:06:27+00:00,6919350,MAUSyagi,10,C0800306022C08020000,,,,,,,,2,8,6,,,2,3,,,,,,,,,,,
2022-12-22T23:06:29+00:00,6919343,MAUSyagi,10,C0800206022C03020000,,,,,,,2,,3,6,,,2,2,,,,,,,,,,,
2022-12-22T23:06:29+00:00,6919350,MAUSyagi,10,C0800406022D0D020000,,2,,,,,,,13,6,,,2,4,,,,,,,,,,,
2022-12-22T23:06:30+00:00,6919350,MAUSyagi,10,C0800506022D07020000,,,,,,2,,,7,6,,,2,5,,,,,,,,,,,
2022-12-22T23:06:31+00:00,6919343,MAUSyagi,10,C0800306022C08020000,,,,,,,,2,8,6,,,2,3,,,,,,,,,,,
2022-12-22T23:06:32+00:00,6919350,MAUSyagi,10,C0800606022D01020000,,,2,,,,,,1,6,,,2,6,,,,,,,,,,,
2022-12-22T23:06:33+00:00,6919350,MAUSyagi,10,C0800706022D04020000,,,,,2,,,,4,6,,,2,7,,,,,,,,,,,
2022-12-22T23:06:35+00:00,6919350,MAUSyagi,10,C0800806022D0A020000,2,,,,,,,,10,6,,,2,8,,,,,,,,,,,
2022-12-22T23:06:36+00:00,6919350,MAUSyagi,10,C0800906022D1F020000,,,,2,,,,,31,6,,,2,9,,,,,,,,,,,
2022-12-22T23:06:37+00:00,6919350,MAUSyagi,16,C0800B0C0289050867FC000006000000,,,,,,,,,5,12,,8,2,11,,,,,,,,,,,
2022-12-22T23:06:37+00:00,6919350,MAUSyagi,16,C0800A0C028903082BDA020054EAFBFF,,,,,,,,,3,12,8,,2,10,,,,,,,,,,,
2022-12-22T23:06:38+00:00,6919350,MAUSyagi,13,C0800D09026686050003C0025C,,,,,,,,,134,9,,,2,13,,5,,,,,,,,,
2022-12-22T23:06:38+00:00,6919350,MAUSyagi,13,C0800C0902668105000058005A,,,,,,,,,129,9,,,2,12,5,,,,,,,,,,
2022-12-22T23:06:39+00:00,6919350,MAUSyagi,13,C0800E0902668B05000059005C,,,,,,,,,139,9,,,2,14,,,5,,,,,,,,
2022-12-22T23:06:39+00:00,6919350,MAUSyagi,13,C0800F0902669005000059005B,,,,,,,,,144,9,,,2,15,,,,5,,,,,,,
2022-12-22T23:06:40+00:00,6919343,MAUSyagi,16,C0800A0C028903082BDA020054EAFBFF,,,,,,,,,3,12,8,,2,10,,,,,,,,,,,
2022-12-22T23:06:40+00:00,6919350,MAUSyagi,13,C08010090266950500005A0056,,,,,,,,,149,9,,,2,16,,,,,5,,,,,,
2022-12-22T23:06:40+00:00,6919350,MAUSyagi,13,C080110902669A050000570059,,,,,,,,,154,9,,,2,17,,,,,,5,,,,,
2022-12-22T23:06:41+00:00,6919343,MAUSyagi,16,C0800A0C028903082BDA020054EAFBFF,,,,,,,,,3,12,8,,2,10,,,,,,,,,,,
2022-12-22T23:06:41+00:00,6919343,MAUSyagi,13,C0800C0902668105000058005A,,,,,,,,,129,9,,,2,12,5,,,,,,,,,,
2022-12-22T23:06:41+00:00,6919343,MAUSyagi,16,C0800B0C0289050867FC000006000000,,,,,,,,,5,12,,8,2,11,,,,,,,,,,,
2022-12-22T23:06:41+00:00,6919350,MAUSyagi,13,C080120902669F050000590058,,,,,,,,,159,9,,,2,18,,,,,,,5,,,,
2022-12-22T23:06:42+00:00,6919343,MAUSyagi,13,C0800D09026686050003C0025C,,,,,,,,,134,9,,,2,13,,5,,,,,,,,,
2022-12-22T23:06:42+00:00,6919343,MAUSyagi,16,C0800B0C0289050867FC000006000000,,,,,,,,,5,12,,8,2,11,,,,,,,,,,,
2022-12-22T23:06:42+00:00,6919343,MAUSyagi,13,C0800E0902668B05000059005C,,,,,,,,,139,9,,,2,14,,,5,,,,,,,,
2022-12-22T23:06:42+00:00,6919350,MAUSyagi,13,C08014090266A9050000000000,,,,,,,,,169,9,,,2,20,,,,,,,,,5,,
2022-12-22T23:06:42+00:00,6919350,MAUSyagi,13,C08013090266A4050000580058,,,,,,,,,164,9,,,2,19,,,,,,,,5,,,
2022-12-22T23:06:42+00:00,6919350,MAUSyagi,13,C08015090266AC050000000000,,,,,,,,,172,9,,,2,21,,,,,,,,,,5,
2022-12-22T23:06:43+00:00,6919350,MAUSyagi,16,C080160C02800C080C00000010E50A00,,,,,,,,,12,12,,,2,22,,,,,,,,,,,8
2022-12-22T23:06:44+00:00,6919343,MAUSyagi,13,C080120902669F050000590058,,,,,,,,,159,9,,,2,18,,,,,,,5,,,,
2022-12-22T23:06:44+00:00,6919350,MAUSyagi,10,C0801706022C03020000,,,,,,,2,,3,6,,,2,23,,,,,,,,,,,
2022-12-22T23:06:46+00:00,6919343,MAUSyagi,13,C08015090266AC050000000000,,,,,,,,,172,9,,,2,21,,,,,,,,,,5,
2022-12-22T23:06:46+00:00,6919350,MAUSyagi,10,C0801806022C08020000,,,,,,,,2,8,6,,,2,24,,,,,,,,,,,
2022-12-22T23:06:47+00:00,6919350,MAUSyagi,16,C080160C02800C080C00000010E50A00,,,,,,,,,12,12,,,2,22,,,,,,,,,,,8
2022-12-22T23:06:48+00:00,6919350,MAUSyagi,10,C0801906022D0D020000,,2,,,,,,,13,6,,,2,25,,,,,,,,,,,
2022-12-22T23:06:49+00:00,6919350,MAUSyagi,10,C0801A06022D07020000,,,,,,2,,,7,6,,,2,26,,,,,,,,,,,
2022-12-22T23:07:03+00:00,6919350,MAUSyagi,16,C080010C02800C080200000000000000,,,,,,,,,12,12,,,2,1,,,,,,,,,,,8
2022-12-22T23:07:05+00:00,6919350,MAUSyagi,10,C0800206022C03020000,,,,,,,2,,3,6,,,2,2,,,,,,,,,,,
2022-12-22T23:07:06+00:00,6919350,MAUSyagi,10,C0800306022C08020000,,,,,,,,2,8,6,,,2,3,,,,,,,,,,,
2022-12-22T23:07:08+00:00,6919343,MAUSyagi,10,C0800206022C03020000,,,,,,,2,,3,6,,,2,2,,,,,,,,,,,
2022-12-22T23:07:08+00:00,6919350,MAUSyagi,10,C0800406022D0D020000,,2,,,,,,,13,6,,,2,4,,,,,,,,,,,
2022-12-22T23:07:09+00:00,6919350,MAUSyagi,10,C0800506022D07020000,,,,,,2,,,7,6,,,2,5,,,,,,,,,,,
2022-12-22T23:07:10+00:00,6919343,MAUSyagi,10,C0800306022C08020000,,,,,,,,2,8,6,,,2,3,,,,,,,,,,,
2022-12-22T23:07:11+00:00,6919343,MAUSyagi,10,C0800406022D0D020000,,2,,,,,,,13,6,,,2,4,,,,,,,,,,,
2022-12-22T23:07:11+00:00,6919350,MAUSyagi,10,C0800606022D01020000,,,2,,,,,,1,6,,,2,6,,,,,,,,,,,
2022-12-22T23:07:12+00:00,6919350,MAUSyagi,10,C0800706022D04020000,,,,,2,,,,4,6,,,2,7,,,,,,,,,,,
2022-12-22T23:07:13+00:00,6919343,MAUSyagi,10,C0800506022D07020000,,,,,,2,,,7,6,,,2,5,,,,,,,,,,,
2022-12-22T23:07:14+00:00,6919350,MAUSyagi,10,C0800806022D0A020000,2,,,,,,,,10,6,,,2,8,,,,,,,,,,,
2022-12-22T23:07:16+00:00,6919343,MAUSyagi,10,C0800706022D04020000,,,,,2,,,,4,6,,,2,7,,,,,,,,,,,
2022-12-23T00:46:36+00:00,6919840,MAUSyagi,16,C080010C02800C080200000000000000,,,,,,,,,12,12,,,2,1,,,,,,,,,,,8
2022-12-23T00:46:37+00:00,6919840,MAUSyagi,10,C0800206022C03020000,,,,,,,2,,3,6,,,2,2,,,,,,,,,,,
2022-12-23T00:46:39+00:00,6919835,MAUSyagi,16,C080010C02800C080200000000000000,,,,,,,,,12,12,,,2,1,,,,,,,,,,,8
2022-12-23T00:46:40+00:00,6919835,MAUSyagi,10,C0800206022C03020000,,,,,,,2,,3,6,,,2,2,,,,,,,,,,,
2022-12-23T00:46:40+00:00,6919835,MAUSyagi,16,C080010C02800C080200000000000000,,,,,,,,,12,12,,,2,1,,,,,,,,,,,8
2022-12-23T00:46:50+00:00,6919840,MAUSyagi,16,C080010C02800C080200000000000000,,,,,,,,,12,12,,,2,1,,,,,,,,,,,8
2022-12-23T00:46:51+00:00,6919840,MAUSyagi,10,C0800206022C03020000,,,,,,,2,,3,6,,,2,2,,,,,,,,,,,
2022-12-23T00:46:53+00:00,6919835,MAUSyagi,16,C080010C02800C080200000000000000,,,,,,,,,12,12,,,2,1,,,,,,,,,,,8
2022-12-23T00:46:53+00:00,6919840,MAUSyagi,10,C0800306022C08020000,,,,,,,,2,8,6,,,2,3,,,,,,,,,,,
2022-12-23T00:46:54+00:00,6919835,MAUSyagi,16,C080010C02800C080200000000000000,,,,,,,,,12,12,,,2,1,,,,,,,,,,,8
2022-12-23T00:46:56+00:00,6919835,MAUSyagi,10,C0800306022C08020000,,,,,,,,2,8,6,,,2,3,,,,,,,,,,,
2022-12-23T05:17:31+00:00,6917236,M0KSF,16,C080010C02800C0802000000D0070000,,,,,,,,,12,12,,,2,1,,,,,,,,,,,8
2022-12-23T05:17:48+00:00,6917236,M0KSF,16,C080010C02800C080200000000000000,,,,,,,,,12,12,,,2,1,,,,,,,,,,,8
2022-12-23T05:18:05+00:00,6918015,M0KSF-BB,16,C080010C02800C0802000000D0070000,,,,,,,,,12,12,,,2,1,,,,,,,,,,,8
2022-12-23T05:18:22+00:00,6918894,Apomahon,16,C080010C02800C0802000000D0070000,,,,,,,,,12,12,,,2,1,,,,,,,,,,,8
2022-12-23T05:18:22+00:00,6917236,M0KSF,16,C080010C02800C0802000000D0070000,,,,,,,,,12,12,,,2,1,,,,,,,,,,,8
2022-12-23T05:18:39+00:00,6917236,M0KSF,16,C080010C02800C0802000000D0070000,,,,,,,,,12,12,,,2,1,,,,,,,,,,,8
2022-12-23T05:18:55+00:00,6920719,GAO UHF,10,C0800306022C08020000,,,,,,,,2,8,6,,,2,3,,,,,,,,,,,
2022-12-23T05:18:56+00:00,6917236,M0KSF,16,C080010C02800C0802000000E8030000,,,,,,,,,12,12,,,2,1,,,,,,,,,,,8
2022-12-23T05:18:56+00:00,6920719,GAO UHF,10,C0800406022D0D020000,,2,,,,,,,13,6,,,2,4,,,,,,,,,,,
2022-12-23T05:19:09+00:00,6920719,GAO UHF,16,C080010C02800C080200000000000000,,,,,,,,,12,12,,,2,1,,,,,,,,,,,8
2022-12-23T05:19:13+00:00,6918894,Apomahon,16,C080010C02800C080200000000000000,,,,,,,,,12,12,,,2,1,,,,,,,,,,,8
2022-12-23T05:19:13+00:00,6917236,M0KSF,16,C080010C02800C080200000000000000,,,,,,,,,12,12,,,2,1,,,,,,,,,,,8
2022-12-23T05:19:27+00:00,6920719,GAO UHF,10,C0800206022C03020000,,,,,,,2,,3,6,,,2,2,,,,,,,,,,,
2022-12-23T05:19:29+00:00,6920719,GAO UHF,10,C0800306022C08020000,,,,,,,,2,8,6,,,2,3,,,,,,,,,,,
2022-12-23T05:19:30+00:00,6917236,M0KSF,16,C080010C02800C0802000000D0070000,,,,,,,,,12,12,,,2,1,,,,,,,,,,,8
2022-12-23T05:19:48+00:00,6918015,M0KSF-BB,16,C080010C02800C080200000000000000,,,,,,,,,12,12,,,2,1,,,,,,,,,,,8
2022-12-23T05:19:48+00:00,6917236,M0KSF,16,C080010C02800C080200000000000000,,,,,,,,,12,12,,,2,1,,,,,,,,,,,8
2022-12-23T05:20:01+00:00,6920719,GAO UHF,10,C0800206022C03020000,,,,,,,2,,3,6,,,2,2,,,,,,,,,,,
2022-12-23T05:20:04+00:00,6920719,GAO UHF,10,C0800406022D0D020000,,2,,,,,,,13,6,,,2,4,,,,,,,,,,,
2022-12-23T05:20:05+00:00,6918015,M0KSF-BB,16,C080010C02800C0802000000D0070000,,,,,,,,,12,12,,,2,1,,,,,,,,,,,8
2022-12-23T05:20:05+00:00,6917236,M0KSF,16,C080010C02800C0802000000D0070000,,,,,,,,,12,12,,,2,1,,,,,,,,,,,8
2022-12-23T05:20:18+00:00,6920719,GAO UHF,10,C0800206022C03020000,,,,,,,2,,3,6,,,2,2,,,,,,,,,,,
2022-12-23T05:20:20+00:00,6920719,GAO UHF,10,C0800306022C08020000,,,,,,,,2,8,6,,,2,3,,,,,,,,,,,
2022-12-23T05:20:21+00:00,6920719,GAO UHF,10,C0800406022D0D020000,,2,,,,,,,13,6,,,2,4,,,,,,,,,,,
2022-12-23T05:20:22+00:00,6918015,M0KSF-BB,16,C080010C02800C0802000000D0070000,,,,,,,,,12,12,,,2,1,,,,,,,,,,,8
2022-12-23T05:20:22+00:00,6917236,M0KSF,16,C080010C02800C0802000000D0070000,,,,,,,,,12,12,,,2,1,,,,,,,,,,,8
2022-12-23T05:20:22+00:00,6920719,GAO UHF,16,C080010C02800C0802000000D0070000,,,,,,,,,12,12,,,2,1,,,,,,,,,,,8
2022-12-23T05:20:34+00:00,6920719,GAO UHF,16,C080010C02800C0802000000D0070000,,,,,,,,,12,12,,,2,1,,,,,,,,,,,8
2022-12-23T05:20:36+00:00,6920719,GAO UHF,10,C0800206022C03020000,,,,,,,2,,3,6,,,2,2,,,,,,,,,,,
2022-12-23T05:20:37+00:00,6920719,GAO UHF,10,C0800306022C08020000,,,,,,,,2,8,6,,,2,3,,,,,,,,,,,
2022-12-23T05:20:38+00:00,6920719,GAO UHF,10,C0800406022D0D020000,,2,,,,,,,13,6,,,2,4,,,,,,,,,,,
2022-12-23T05:20:39+00:00,6918015,M0KSF-BB,16,C080010C02800C0802000000D0070000,,,,,,,,,12,12,,,2,1,,,,,,,,,,,8
2022-12-23T05:20:39+00:00,6917236,M0KSF,16,C080010C02800C0802000000D0070000,,,,,,,,,12,12,,,2,1,,,,,,,,,,,8
2022-12-23T05:20:39+00:00,6920719,GAO UHF,16,C080010C02800C0802000000D0070000,,,,,,,,,12,12,,,2,1,,,,,,,,,,,8
2022-12-23T05:20:51+00:00,6920719,GAO UHF,16,C080010C02800C0802000000D0070000,,,,,,,,,12,12,,,2,1,,,,,,,,,,,8
2022-12-23T05:20:52+00:00,6920719,GAO UHF,10,C0800206022C03020000,,,,,,,2,,3,6,,,2,2,,,,,,,,,,,
2022-12-23T05:20:54+00:00,6920719,GAO UHF,10,C0800306022C08020000,,,,,,,,2,8,6,,,2,3,,,,,,,,,,,
2022-12-23T05:20:56+00:00,6918015,M0KSF-BB,16,C080010C02800C0802000000D0070000,,,,,,,,,12,12,,,2,1,,,,,,,,,,,8
2022-12-23T05:20:56+00:00,6917236,M0KSF,16,C080010C02800C0802000000D0070000,,,,,,,,,12,12,,,2,1,,,,,,,,,,,8
2022-12-23T05:20:56+00:00,6920719,GAO UHF,16,C080010C02800C0802000000D0070000,,,,,,,,,12,12,,,2,1,,,,,,,,,,,8
2022-12-23T05:20:56+00:00,6920719,GAO UHF,10,C0800406022D0D020000,,2,,,,,,,13,6,,,2,4,,,,,,,,,,,
2022-12-23T05:21:08+00:00,6920719,GAO UHF,16,C080010C02800C0802000000D0070000,,,,,,,,,12,12,,,2,1,,,,,,,,,,,8
2022-12-23T05:21:10+00:00,6920719,GAO UHF,10,C0800206022C03020000,,,,,,,2,,3,6,,,2,2,,,,,,,,,,,
2022-12-23T05:21:11+00:00,6920719,GAO UHF,10,C0800306022C08020000,,,,,,,,2,8,6,,,2,3,,,,,,,,,,,
2022-12-23T05:21:13+00:00,6918015,M0KSF-BB,16,C080010C02800C0802000000D0070000,,,,,,,,,12,12,,,2,1,,,,,,,,,,,8
2022-12-23T05:21:13+00:00,6917236,M0KSF,16,C080010C02800C0802000000D0070000,,,,,,,,,12,12,,,2,1,,,,,,,,,,,8
2022-12-23T05:21:13+00:00,6920719,GAO UHF,16,C080010C02800C0802000000D0070000,,,,,,,,,12,12,,,2,1,,,,,,,,,,,8
2022-12-23T05:21:13+00:00,6920719,GAO UHF,10,C0800406022D0D020000,,2,,,,,,,13,6,,,2,4,,,,,,,,,,,
2022-12-23T05:21:25+00:00,6920719,GAO UHF,16,C080010C02800C080200000000000000,,,,,,,,,12,12,,,2,1,,,,,,,,,,,8
2022-12-23T05:21:26+00:00,6920612,Drachten,10,C0800406022D0D020000,,2,,,,,,,13,6,,,2,4,,,,,,,,,,,
2022-12-23T05:21:27+00:00,6920719,GAO UHF,10,C0800206022C03020000,,,,,,,2,,3,6,,,2,2,,,,,,,,,,,
2022-12-23T05:21:28+00:00,6920719,GAO UHF,10,C0800306022C08020000,,,,,,,,2,8,6,,,2,3,,,,,,,,,,,
2022-12-23T05:21:29+00:00,6920719,GAO UHF,10,C0800406022D0D020000,,2,,,,,,,13,6,,,2,4,,,,,,,,,,,
2022-12-23T05:21:30+00:00,6918015,M0KSF-BB,16,C080010C02800C080200000000000000,,,,,,,,,12,12,,,2,1,,,,,,,,,,,8
2022-12-23T05:21:30+00:00,6917236,M0KSF,16,C080010C02800C080200000000000000,,,,,,,,,12,12,,,2,1,,,,,,,,,,,8
2022-12-23T05:21:30+00:00,6920719,GAO UHF,16,C080010C02800C080200000000000000,,,,,,,,,12,12,,,2,1,,,,,,,,,,,8
2022-12-23T05:21:41+00:00,6920613,PE0SAT-11,16,C080010C02800C080200000000000000,,,,,,,,,12,12,,,2,1,,,,,,,,,,,8
2022-12-23T05:21:42+00:00,6920719,GAO UHF,16,C080010C02800C080200000000000000,,,,,,,,,12,12,,,2,1,,,,,,,,,,,8
2022-12-23T05:21:43+00:00,6920613,PE0SAT-11,10,C0800206022C03020000,,,,,,,2,,3,6,,,2,2,,,,,,,,,,,
2022-12-23T05:21:44+00:00,6920613,PE0SAT-11,10,C0800306022C08020000,,,,,,,,2,8,6,,,2,3,,,,,,,,,,,
2022-12-23T05:21:44+00:00,6920719,GAO UHF,10,C0800206022C03020000,,,,,,,2,,3,6,,,2,2,,,,,,,,,,,
2022-12-23T05:21:45+00:00,6920719,GAO UHF,10,C0800306022C08020000,,,,,,,,2,8,6,,,2,3,,,,,,,,,,,
2022-12-23T05:21:46+00:00,6920613,PE0SAT-11,10,C0800406022D0D020000,,2,,,,,,,13,6,,,2,4,,,,,,,,,,,
2022-12-23T05:21:47+00:00,6920613,PE0SAT-11,16,C080010C02800C080200000000000000,,,,,,,,,12,12,,,2,1,,,,,,,,,,,8
2022-12-23T05:21:47+00:00,6918015,M0KSF-BB,16,C080010C02800C080200000000000000,,,,,,,,,12,12,,,2,1,,,,,,,,,,,8
2022-12-23T05:21:47+00:00,6917236,M0KSF,16,C080010C02800C080200000000000000,,,,,,,,,12,12,,,2,1,,,,,,,,,,,8
2022-12-23T05:21:47+00:00,6920719,GAO UHF,16,C080010C02800C080200000000000000,,,,,,,,,12,12,,,2,1,,,,,,,,,,,8
2022-12-23T05:21:47+00:00,6920719,GAO UHF,10,C0800406022D0D020000,,2,,,,,,,13,6,,,2,4,,,,,,,,,,,
2022-12-23T05:21:56+00:00,6920612,Drachten,16,C080010C02800C0802000000D0070000,,,,,,,,,12,12,,,2,1,,,,,,,,,,,8
2022-12-23T05:21:57+00:00,6920612,Drachten,10,C0800206022C03020000,,,,,,,2,,3,6,,,2,2,,,,,,,,,,,
2022-12-23T05:21:58+00:00,6920613,PE0SAT-11,16,C080010C02800C0802000000D0070000,,,,,,,,,12,12,,,2,1,,,,,,,,,,,8
2022-12-23T05:21:58+00:00,6920612,Drachten,10,C0800306022C08020000,,,,,,,,2,8,6,,,2,3,,,,,,,,,,,
2022-12-23T05:21:59+00:00,6920719,GAO UHF,16,C080010C02800C0802000000D0070000,,,,,,,,,12,12,,,2,1,,,,,,,,,,,8
2022-12-23T05:22:00+00:00,6920613,PE0SAT-11,10,C0800206022C03020000,,,,,,,2,,3,6,,,2,2,,,,,,,,,,,
2022-12-23T05:22:00+00:00,6920719,GAO UHF,10,C0800206022C03020000,,,,,,,2,,3,6,,,2,2,,,,,,,,,,,
2022-12-23T05:22:01+00:00,6920613,PE0SAT-11,10,C0800306022C08020000,,,,,,,,2,8,6,,,2,3,,,,,,,,,,,
2022-12-23T05:22:01+00:00,6920612,Drachten,10,C0800506022D07020000,,,,,,2,,,7,6,,,2,5,,,,,,,,,,,
2022-12-23T05:22:02+00:00,6920719,GAO UHF,10,C0800306022C08020000,,,,,,,,2,8,6,,,2,3,,,,,,,,,,,
2022-12-23T05:22:03+00:00,6920613,PE0SAT-11,10,C0800406022D0D020000,,2,,,,,,,13,6,,,2,4,,,,,,,,,,,
2022-12-23T05:22:04+00:00,6920613,PE0SAT-11,16,C080010C02800C0802000000D0070000,,,,,,,,,12,12,,,2,1,,,,,,,,,,,8
2022-12-23T05:22:04+00:00,6920613,PE0SAT-11,10,C0800506022D07020000,,,,,,2,,,7,6,,,2,5,,,,,,,,,,,
2022-12-23T05:22:04+00:00,6920612,Drachten,16,C080010C02800C0802000000D0070000,,,,,,,,,12,12,,,2,1,,,,,,,,,,,8
2022-12-23T05:22:04+00:00,6918015,M0KSF-BB,16,C080010C02800C0802000000D0070000,,,,,,,,,12,12,,,2,1,,,,,,,,,,,8
2022-12-23T05:22:04+00:00,6917236,M0KSF,16,C080010C02800C0802000000D0070000,,,,,,,,,12,12,,,2,1,,,,,,,,,,,8
2022-12-23T05:22:04+00:00,6920719,GAO UHF,16,C080010C02800C0802000000D0070000,,,,,,,,,12,12,,,2,1,,,,,,,,,,,8
2022-12-23T05:22:04+00:00,6920719,GAO UHF,10,C0800406022D0D020000,,2,,,,,,,13,6,,,2,4,,,,,,,,,,,
2022-12-23T05:22:05+00:00,6920719,GAO UHF,10,C0800506022D07020000,,,,,,2,,,7,6,,,2,5,,,,,,,,,,,
2022-12-23T05:22:15+00:00,6920612,Drachten,16,C080010C02800C080200000000000000,,,,,,,,,12,12,,,2,1,,,,,,,,,,,8
2022-12-23T05:22:16+00:00,6920612,Drachten,10,C0800206022C03020000,,,,,,,2,,3,6,,,2,2,,,,,,,,,,,
2022-12-23T05:22:18+00:00,6920613,PE0SAT-11,16,C080010C02800C080200000000000000,,,,,,,,,12,12,,,2,1,,,,,,,,,,,8
2022-12-23T05:22:18+00:00,6920612,Drachten,10,C0800306022C08020000,,,,,,,,2,8,6,,,2,3,,,,,,,,,,,
2022-12-23T05:22:18+00:00,6920719,GAO UHF,16,C080010C02800C080200000000000000,,,,,,,,,12,12,,,2,1,,,,,,,,,,,8
2022-12-23T05:22:19+00:00,6920613,PE0SAT-11,10,C0800206022C03020000,,,,,,,2,,3,6,,,2,2,,,,,,,,,,,
2022-12-23T05:22:20+00:00,6920612,Drachten,10,C0800406022D0D020000,,2,,,,,,,13,6,,,2,4,,,,,,,,,,,
2022-12-23T05:22:20+00:00,6920719,GAO UHF,10,C0800206022C03020000,,,,,,,2,,3,6,,,2,2,,,,,,,,,,,
2022-12-23T05:22:21+00:00,6920613,PE0SAT-11,10,C0800306022C08020000,,,,,,,,2,8,6,,,2,3,,,,,,,,,,,
2022-12-23T05:22:21+00:00,6920612,Drachten,10,C0800506022D07020000,,,,,,2,,,7,6,,,2,5,,,,,,,,,,,
2022-12-23T05:22:21+00:00,6920719,GAO UHF,10,C0800306022C08020000,,,,,,,,2,8,6,,,2,3,,,,,,,,,,,
2022-12-23T05:22:22+00:00,6920613,PE0SAT-11,10,C0800406022D0D020000,,2,,,,,,,13,6,,,2,4,,,,,,,,,,,
2022-12-23T05:22:23+00:00,6920613,PE0SAT-11,16,C080010C02800C080200000000000000,,,,,,,,,12,12,,,2,1,,,,,,,,,,,8
2022-12-23T05:22:23+00:00,6920612,Drachten,16,C080010C02800C080200000000000000,,,,,,,,,12,12,,,2,1,,,,,,,,,,,8
2022-12-23T05:22:23+00:00,6918015,M0KSF-BB,16,C080010C02800C080200000000000000,,,,,,,,,12,12,,,2,1,,,,,,,,,,,8
2022-12-23T05:22:23+00:00,6917236,M0KSF,16,C080010C02800C080200000000000000,,,,,,,,,12,12,,,2,1,,,,,,,,,,,8
2022-12-23T05:22:23+00:00,6920719,GAO UHF,16,C080010C02800C080200000000000000,,,,,,,,,12,12,,,2,1,,,,,,,,,,,8
2022-12-23T05:22:24+00:00,6920613,PE0SAT-11,10,C0800506022D07020000,,,,,,2,,,7,6,,,2,5,,,,,,,,,,,
2022-12-23T05:22:25+00:00,6920719,GAO UHF,10,C0800506022D07020000,,,,,,2,,,7,6,,,2,5,,,,,,,,,,,
2022-12-23T05:22:34+00:00,6920612,Drachten,16,C080010C02800C080200000000000000,,,,,,,,,12,12,,,2,1,,,,,,,,,,,8
2022-12-23T05:22:36+00:00,6920612,Drachten,10,C0800206022C03020000,,,,,,,2,,3,6,,,2,2,,,,,,,,,,,
2022-12-23T05:22:37+00:00,6920613,PE0SAT-11,16,C080010C02800C080200000000000000,,,,,,,,,12,12,,,2,1,,,,,,,,,,,8
2022-12-23T05:22:37+00:00,6920612,Drachten,10,C0800306022C08020000,,,,,,,,2,8,6,,,2,3,,,,,,,,,,,
2022-12-23T05:22:39+00:00,6920613,PE0SAT-11,10,C0800206022C03020000,,,,,,,2,,3,6,,,2,2,,,,,,,,,,,
2022-12-23T05:22:39+00:00,6920612,Drachten,10,C0800406022D0D020000,,2,,,,,,,13,6,,,2,4,,,,,,,,,,,
2022-12-23T05:22:40+00:00,6920613,PE0SAT-11,10,C0800306022C08020000,,,,,,,,2,8,6,,,2,3,,,,,,,,,,,
2022-12-23T05:22:41+00:00,6920612,Drachten,10,C0800506022D07020000,,,,,,2,,,7,6,,,2,5,,,,,,,,,,,
2022-12-23T05:22:42+00:00,6920613,PE0SAT-11,10,C0800406022D0D020000,,2,,,,,,,13,6,,,2,4,,,,,,,,,,,
2022-12-23T05:22:43+00:00,6920613,PE0SAT-11,16,C080010C02800C080200000000000000,,,,,,,,,12,12,,,2,1,,,,,,,,,,,8
2022-12-23T05:22:43+00:00,6920613,PE0SAT-11,10,C0800506022D07020000,,,,,,2,,,7,6,,,2,5,,,,,,,,,,,
2022-12-23T05:22:43+00:00,6920612,Drachten,16,C080010C02800C080200000000000000,,,,,,,,,12,12,,,2,1,,,,,,,,,,,8
2022-12-23T05:22:43+00:00,6918015,M0KSF-BB,16,C080010C02800C080200000000000000,,,,,,,,,12,12,,,2,1,,,,,,,,,,,8
2022-12-23T05:22:43+00:00,6917236,M0KSF,16,C080010C02800C080200000000000000,,,,,,,,,12,12,,,2,1,,,,,,,,,,,8
2022-12-23T05:22:54+00:00,6920612,Drachten,16,C080010C02800C080200000000000000,,,,,,,,,12,12,,,2,1,,,,,,,,,,,8
2022-12-23T05:22:55+00:00,6920612,Drachten,10,C0800206022C03020000,,,,,,,2,,3,6,,,2,2,,,,,,,,,,,
2022-12-23T05:22:57+00:00,6920613,PE0SAT-11,16,C080010C02800C080200000000000000,,,,,,,,,12,12,,,2,1,,,,,,,,,,,8
2022-12-23T05:22:57+00:00,6920612,Drachten,10,C0800306022C08020000,,,,,,,,2,8,6,,,2,3,,,,,,,,,,,
2022-12-23T05:22:58+00:00,6920613,PE0SAT-11,10,C0800206022C03020000,,,,,,,2,,3,6,,,2,2,,,,,,,,,,,
2022-12-23T05:22:59+00:00,6920612,Drachten,10,C0800406022D0D020000,,2,,,,,,,13,6,,,2,4,,,,,,,,,,,
2022-12-23T05:23:00+00:00,6920613,PE0SAT-11,10,C0800306022C08020000,,,,,,,,2,8,6,,,2,3,,,,,,,,,,,
2022-12-23T05:23:00+00:00,6920612,Drachten,10,C0800506022D07020000,,,,,,2,,,7,6,,,2,5,,,,,,,,,,,
2022-12-23T05:23:01+00:00,6920613,PE0SAT-11,10,C0800406022D0D020000,,2,,,,,,,13,6,,,2,4,,,,,,,,,,,
2022-12-23T05:23:02+00:00,6920613,PE0SAT-11,16,C080010C02800C080200000000000000,,,,,,,,,12,12,,,2,1,,,,,,,,,,,8
2022-12-23T05:23:02+00:00,6920612,Drachten,16,C080010C02800C080200000000000000,,,,,,,,,12,12,,,2,1,,,,,,,,,,,8
2022-12-23T05:23:02+00:00,6918015,M0KSF-BB,16,C080010C02800C080200000000000000,,,,,,,,,12,12,,,2,1,,,,,,,,,,,8
2022-12-23T05:23:02+00:00,6917236,M0KSF,16,C080010C02800C080200000000000000,,,,,,,,,12,12,,,2,1,,,,,,,,,,,8
2022-12-23T05:23:03+00:00,6920613,PE0SAT-11,10,C0800506022D07020000,,,,,,2,,,7,6,,,2,5,,,,,,,,,,,
2022-12-23T05:23:14+00:00,6920612,Drachten,16,C080010C02800C080200000000000000,,,,,,,,,12,12,,,2,1,,,,,,,,,,,8
2022-12-23T05:23:15+00:00,6920612,Drachten,10,C0800206022C03020000,,,,,,,2,,3,6,,,2,2,,,,,,,,,,,
2022-12-23T05:23:16+00:00,6920613,PE0SAT-11,16,C080010C02800C080200000000000000,,,,,,,,,12,12,,,2,1,,,,,,,,,,,8
2022-12-23T05:23:17+00:00,6920612,Drachten,10,C0800306022C08020000,,,,,,,,2,8,6,,,2,3,,,,,,,,,,,
2022-12-23T05:23:18+00:00,6920613,PE0SAT-11,10,C0800206022C03020000,,,,,,,2,,3,6,,,2,2,,,,,,,,,,,
2022-12-23T05:23:18+00:00,6920612,Drachten,10,C0800406022D0D020000,,2,,,,,,,13,6,,,2,4,,,,,,,,,,,
2022-12-23T05:23:19+00:00,6920613,PE0SAT-11,10,C0800306022C08020000,,,,,,,,2,8,6,,,2,3,,,,,,,,,,,
2022-12-23T05:23:19+00:00,6920612,Drachten,10,C0800506022D07020000,,,,,,2,,,7,6,,,2,5,,,,,,,,,,,
2022-12-23T05:23:21+00:00,6920613,PE0SAT-11,10,C0800406022D0D020000,,2,,,,,,,13,6,,,2,4,,,,,,,,,,,
2022-12-23T05:23:22+00:00,6920613,PE0SAT-11,16,C080010C02800C080200000000000000,,,,,,,,,12,12,,,2,1,,,,,,,,,,,8
2022-12-23T05:23:22+00:00,6920613,PE0SAT-11,10,C0800506022D07020000,,,,,,2,,,7,6,,,2,5,,,,,,,,,,,
2022-12-23T05:23:22+00:00,6920612,Drachten,16,C080010C02800C080200000000000000,,,,,,,,,12,12,,,2,1,,,,,,,,,,,8
2022-12-23T05:23:22+00:00,6918015,M0KSF-BB,16,C080010C02800C080200000000000000,,,,,,,,,12,12,,,2,1,,,,,,,,,,,8
2022-12-23T05:23:22+00:00,6917236,M0KSF,16,C080010C02800C080200000000000000,,,,,,,,,12,12,,,2,1,,,,,,,,,,,8
2022-12-23T05:23:34+00:00,6920612,Drachten,10,C0800206022C03020000,,,,,,,2,,3,6,,,2,2,,,,,,,,,,,
2022-12-23T05:23:36+00:00,6920613,PE0SAT-11,16,C080010C02800C0802000000E8030000,,,,,,,,,12,12,,,2,1,,,,,,,,,,,8
2022-12-23T05:23:36+00:00,6920612,Drachten,10,C0800306022C08020000,,,,,,,,2,8,6,,,2,3,,,,,,,,,,,
2022-12-23T05:23:37+00:00,6920613,PE0SAT-11,10,C0800206022C03020000,,,,,,,2,,3,6,,,2,2,,,,,,,,,,,
2022-12-23T05:23:37+00:00,6920612,Drachten,10,C0800406022D0D020000,,2,,,,,,,13,6,,,2,4,,,,,,,,,,,
2022-12-23T05:23:39+00:00,6920613,PE0SAT-11,10,C0800306022C08020000,,,,,,,,2,8,6,,,2,3,,,,,,,,,,,
2022-12-23T05:23:39+00:00,6920612,Drachten,10,C0800506022D07020000,,,,,,2,,,7,6,,,2,5,,,,,,,,,,,
2022-12-23T05:23:40+00:00,6920613,PE0SAT-11,10,C0800406022D0D020000,,2,,,,,,,13,6,,,2,4,,,,,,,,,,,
2022-12-23T05:23:41+00:00,6920613,PE0SAT-11,16,C080010C02800C0802000000E8030000,,,,,,,,,12,12,,,2,1,,,,,,,,,,,8
2022-12-23T05:23:41+00:00,6920612,Drachten,16,C080010C02800C0802000000E8030000,,,,,,,,,12,12,,,2,1,,,,,,,,,,,8
2022-12-23T05:23:41+00:00,6918015,M0KSF-BB,16,C080010C02800C0802000000E8030000,,,,,,,,,12,12,,,2,1,,,,,,,,,,,8
2022-12-23T05:23:41+00:00,6917236,M0KSF,16,C080010C02800C0802000000E8030000,,,,,,,,,12,12,,,2,1,,,,,,,,,,,8
2022-12-23T05:23:42+00:00,6920613,PE0SAT-11,10,C0800506022D07020000,,,,,,2,,,7,6,,,2,5,,,,,,,,,,,
2022-12-23T05:23:55+00:00,6920613,PE0SAT-11,16,C080010C02800C080200000000000000,,,,,,,,,12,12,,,2,1,,,,,,,,,,,8
2022-12-23T05:23:55+00:00,6920612,Drachten,10,C0800306022C08020000,,,,,,,,2,8,6,,,2,3,,,,,,,,,,,
2022-12-23T05:23:57+00:00,6920613,PE0SAT-11,10,C0800206022C03020000,,,,,,,2,,3,6,,,2,2,,,,,,,,,,,
2022-12-23T05:23:58+00:00,6920613,PE0SAT-11,10,C0800306022C08020000,,,,,,,,2,8,6,,,2,3,,,,,,,,,,,
2022-12-23T05:24:00+00:00,6920613,PE0SAT-11,10,C0800406022D0D020000,,2,,,,,,,13,6,,,2,4,,,,,,,,,,,
2022-12-23T05:24:01+00:00,6920613,PE0SAT-11,16,C080010C02800C080200000000000000,,,,,,,,,12,12,,,2,1,,,,,,,,,,,8
2022-12-23T05:24:01+00:00,6920613,PE0SAT-11,10,C0800506022D07020000,,,,,,2,,,7,6,,,2,5,,,,,,,,,,,
2022-12-23T05:24:01+00:00,6918015,M0KSF-BB,16,C080010C02800C080200000000000000,,,,,,,,,12,12,,,2,1,,,,,,,,,,,8
2022-12-23T05:24:01+00:00,6917236,M0KSF,16,C080010C02800C080200000000000000,,,,,,,,,12,12,,,2,1,,,,,,,,,,,8
2022-12-23T05:24:20+00:00,6920612,Drachten,16,C080010C02800C080200000000000000,,,,,,,,,12,12,,,2,1,,,,,,,,,,,8
2022-12-23T05:24:20+00:00,6918015,M0KSF-BB,16,C080010C02800C080200000000000000,,,,,,,,,12,12,,,2,1,,,,,,,,,,,8
2022-12-23T05:24:20+00:00,6917236,M0KSF,16,C080010C02800C080200000000000000,,,,,,,,,12,12,,,2,1,,,,,,,,,,,8
2022-12-23T05:24:40+00:00,6917236,M0KSF,16,C080010C02800C0802000000D0070000,,,,,,,,,12,12,,,2,1,,,,,,,,,,,8
2022-12-23T05:24:59+00:00,6918015,M0KSF-BB,16,C080010C02800C080200000000000000,,,,,,,,,12,12,,,2,1,,,,,,,,,,,8
2022-12-23T05:24:59+00:00,6917236,M0KSF,16,C080010C02800C080200000000000000,,,,,,,,,12,12,,,2,1,,,,,,,,,,,8
2022-12-23T05:25:16+00:00,6918015,M0KSF-BB,16,C080010C02800C080200000000000000,,,,,,,,,12,12,,,2,1,,,,,,,,,,,8
2022-12-23T05:25:16+00:00,6917236,M0KSF,16,C080010C02800C080200000000000000,,,,,,,,,12,12,,,2,1,,,,,,,,,,,8
2022-12-23T05:25:33+00:00,6918015,M0KSF-BB,16,C080010C02800C080200000000000000,,,,,,,,,12,12,,,2,1,,,,,,,,,,,8
2022-12-23T05:25:33+00:00,6917236,M0KSF,16,C080010C02800C080200000000000000,,,,,,,,,12,12,,,2,1,,,,,,,,,,,8
2022-12-23T05:25:46+00:00,6918015,M0KSF-BB,16,C0800A0C02890308489305003004FEFF,,,,,,,,,3,12,8,,2,10,,,,,,,,,,,
2022-12-23T05:25:46+00:00,6918015,M0KSF-BB,16,C0800B0C028905086C08010006000000,,,,,,,,,5,12,,8,2,11,,,,,,,,,,,
2022-12-23T05:25:46+00:00,6917236,M0KSF,16,C0800B0C028905086C08010006000000,,,,,,,,,5,12,,8,2,11,,,,,,,,,,,
2022-12-23T05:26:00+00:00,6918015,M0KSF-BB,16,C080010C02800C080200000000000000,,,,,,,,,12,12,,,2,1,,,,,,,,,,,8
2022-12-23T05:26:00+00:00,6917236,M0KSF,16,C080010C02800C080200000000000000,,,,,,,,,12,12,,,2,1,,,,,,,,,,,8
2022-12-23T05:26:19+00:00,6918015,M0KSF-BB,16,C080160C02800C080C00000010E50A00,,,,,,,,,12,12,,,2,22,,,,,,,,,,,8
2022-12-23T05:28:00+00:00,6917236,M0KSF,16,C080010C02800C0802000000D0070000,,,,,,,,,12,12,,,2,1,,,,,,,,,,,8
2022-12-23T07:03:39+00:00,6918017,M0KSF-BB,16,C080010C02800C080200000000000000,,,,,,,,,12,12,,,2,1,,,,,,,,,,,8
2022-12-23T07:03:51+00:00,6918017,M0KSF-BB,16,C080010C02800C080200000000000000,,,,,,,,,12,12,,,2,1,,,,,,,,,,,8
2022-12-23T07:03:51+00:00,6917238,M0KSF,16,C080010C02800C080200000000000000,,,,,,,,,12,12,,,2,1,,,,,,,,,,,8
2022-12-23T07:04:04+00:00,6918017,M0KSF-BB,16,C080010C02800C080200000000000000,,,,,,,,,12,12,,,2,1,,,,,,,,,,,8
2022-12-23T07:04:04+00:00,6917238,M0KSF,16,C080010C02800C080200000000000000,,,,,,,,,12,12,,,2,1,,,,,,,,,,,8
2022-12-23T07:04:16+00:00,6918017,M0KSF-BB,16,C080010C02800C080200000000000000,,,,,,,,,12,12,,,2,1,,,,,,,,,,,8
2022-12-23T07:04:16+00:00,6917238,M0KSF,16,C080010C02800C080200000000000000,,,,,,,,,12,12,,,2,1,,,,,,,,,,,8
2022-12-23T07:04:29+00:00,6918017,M0KSF-BB,16,C080010C02800C080200000000000000,,,,,,,,,12,12,,,2,1,,,,,,,,,,,8
2022-12-23T07:04:29+00:00,6917238,M0KSF,16,C080010C02800C080200000000000000,,,,,,,,,12,12,,,2,1,,,,,,,,,,,8
2022-12-23T07:04:42+00:00,6918017,M0KSF-BB,16,C080010C02800C080200000000000000,,,,,,,,,12,12,,,2,1,,,,,,,,,,,8
2022-12-23T07:04:42+00:00,6917238,M0KSF,16,C080010C02800C080200000000000000,,,,,,,,,12,12,,,2,1,,,,,,,,,,,8
2022-12-23T07:04:55+00:00,6917238,M0KSF,16,C080010C02800C080200000000000000,,,,,,,,,12,12,,,2,1,,,,,,,,,,,8
2022-12-23T07:05:09+00:00,6918017,M0KSF-BB,16,C080010C02800C080200000000000000,,,,,,,,,12,12,,,2,1,,,,,,,,,,,8
2022-12-23T07:05:09+00:00,6917238,M0KSF,16,C080010C02800C080200000000000000,,,,,,,,,12,12,,,2,1,,,,,,,,,,,8
2022-12-23T07:05:23+00:00,6918017,M0KSF-BB,16,C080010C02800C080200000000000000,,,,,,,,,12,12,,,2,1,,,,,,,,,,,8
2022-12-23T07:05:23+00:00,6917238,M0KSF,16,C080010C02800C080200000000000000,,,,,,,,,12,12,,,2,1,,,,,,,,,,,8
2022-12-23T07:05:36+00:00,6918017,M0KSF-BB,16,C080010C02800C080200000000000000,,,,,,,,,12,12,,,2,1,,,,,,,,,,,8
2022-12-23T07:05:50+00:00,6918017,M0KSF-BB,16,C080010C02800C080200000000000000,,,,,,,,,12,12,,,2,1,,,,,,,,,,,8
2022-12-23T07:05:50+00:00,6917238,M0KSF,16,C080010C02800C080200000000000000,,,,,,,,,12,12,,,2,1,,,,,,,,,,,8
2022-12-23T07:06:05+00:00,6918017,M0KSF-BB,16,C080010C02800C080200000000000000,,,,,,,,,12,12,,,2,1,,,,,,,,,,,8
2022-12-23T07:06:05+00:00,6917238,M0KSF,16,C080010C02800C080200000000000000,,,,,,,,,12,12,,,2,1,,,,,,,,,,,8
2022-12-23T07:06:20+00:00,6918017,M0KSF-BB,16,C080010C02800C080200000000000000,,,,,,,,,12,12,,,2,1,,,,,,,,,,,8
2022-12-23T07:06:20+00:00,6917238,M0KSF,16,C080010C02800C080200000000000000,,,,,,,,,12,12,,,2,1,,,,,,,,,,,8
2022-12-23T07:06:34+00:00,6917238,M0KSF,16,C080010C02800C0802000000D0070000,,,,,,,,,12,12,,,2,1,,,,,,,,,,,8
2022-12-23T07:06:49+00:00,6918017,M0KSF-BB,16,C080010C02800C080200000000000000,,,,,,,,,12,12,,,2,1,,,,,,,,,,,8
2022-12-23T07:06:49+00:00,6917238,M0KSF,16,C080010C02800C080200000000000000,,,,,,,,,12,12,,,2,1,,,,,,,,,,,8
2022-12-23T07:07:03+00:00,6917238,M0KSF,16,C080010C02800C080200000000000000,,,,,,,,,12,12,,,2,1,,,,,,,,,,,8
2022-12-23T07:07:04+00:00,6918017,M0KSF-BB,16,C080010C02800C080200000000000000,,,,,,,,,12,12,,,2,1,,,,,,,,,,,8
2022-12-23T07:07:18+00:00,6917238,M0KSF,16,C080010C02800C080200000000000000,,,,,,,,,12,12,,,2,1,,,,,,,,,,,8
2022-12-23T07:07:33+00:00,6917238,M0KSF,16,C080010C02800C080200000000000000,,,,,,,,,12,12,,,2,1,,,,,,,,,,,8
2022-12-23T07:07:47+00:00,6918017,M0KSF-BB,16,C080010C02800C0802000000D0070000,,,,,,,,,12,12,,,2,1,,,,,,,,,,,8
2022-12-23T07:07:47+00:00,6917238,M0KSF,16,C080010C02800C0802000000D0070000,,,,,,,,,12,12,,,2,1,,,,,,,,,,,8
2022-12-23T10:20:05+00:00,6921271,MAUSyagi-AK,16,C080010C02800C080200000000000000,,,,,,,,,12,12,,,2,1,,,,,,,,,,,8
2022-12-23T10:20:07+00:00,6921271,MAUSyagi-AK,16,C080010C02800C080200000000000000,,,,,,,,,12,12,,,2,1,,,,,,,,,,,8
2022-12-23T10:20:07+00:00,6921271,MAUSyagi-AK,10,C0800206022C03020000,,,,,,,2,,3,6,,,2,2,,,,,,,,,,,
2022-12-23T10:20:08+00:00,6921271,MAUSyagi-AK,10,C0800306022C08020000,,,,,,,,2,8,6,,,2,3,,,,,,,,,,,
2022-12-23T10:20:10+00:00,6921271,MAUSyagi-AK,10,C0800406022D0D020000,,2,,,,,,,13,6,,,2,4,,,,,,,,,,,
2022-12-23T10:20:11+00:00,6921271,MAUSyagi-AK,10,C0800506022D07020000,,,,,,2,,,7,6,,,2,5,,,,,,,,,,,
2022-12-23T10:20:16+00:00,6921271,MAUSyagi-AK,10,C0800806022D0A020000,2,,,,,,,,10,6,,,2,8,,,,,,,,,,,
2022-12-23T10:20:17+00:00,6921271,MAUSyagi-AK,10,C0800906022D1F020000,,,,2,,,,,31,6,,,2,9,,,,,,,,,,,
2022-12-23T10:20:19+00:00,6921271,MAUSyagi-AK,13,C0800C0902668105000059005A,,,,,,,,,129,9,,,2,12,5,,,,,,,,,,
2022-12-23T10:20:19+00:00,6921271,MAUSyagi-AK,13,C0800D09026686050003D30265,,,,,,,,,134,9,,,2,13,,5,,,,,,,,,
2022-12-23T10:20:20+00:00,6921271,MAUSyagi-AK,16,C0800B0C028905085E73FEFF06000000,,,,,,,,,5,12,,8,2,11,,,,,,,,,,,
2022-12-23T10:20:20+00:00,6921271,MAUSyagi-AK,16,C0800A0C028903083D070300BDE9FCFF,,,,,,,,,3,12,8,,2,10,,,,,,,,,,,
2022-12-23T10:20:20+00:00,6921271,MAUSyagi-AK,13,C0800E0902668B0500005B005A,,,,,,,,,139,9,,,2,14,,,5,,,,,,,,
2022-12-23T10:20:22+00:00,6921271,MAUSyagi-AK,13,C08013090266A405000058005B,,,,,,,,,164,9,,,2,19,,,,,,,,5,,,
2022-12-23T10:20:23+00:00,6921271,MAUSyagi-AK,13,C08014090266A9050000000000,,,,,,,,,169,9,,,2,20,,,,,,,,,5,,
2022-12-23T10:20:27+00:00,6921271,MAUSyagi-AK,10,C0801806022C08020000,,,,,,,,2,8,6,,,2,24,,,,,,,,,,,
2022-12-23T10:20:28+00:00,6921271,MAUSyagi-AK,10,C0801906022D0D020000,,2,,,,,,,13,6,,,2,25,,,,,,,,,,,
2022-12-23T10:20:30+00:00,6921271,MAUSyagi-AK,10,C0801A06022D07020000,,,,,,2,,,7,6,,,2,26,,,,,,,,,,,
2022-12-23T10:20:33+00:00,6921271,MAUSyagi-AK,10,C0801B06022D01020000,,,2,,,,,,1,6,,,2,27,,,,,,,,,,,
2022-12-23T10:20:36+00:00,6921271,MAUSyagi-AK,10,C0801C06022D04020000,,,,,2,,,,4,6,,,2,28,,,,,,,,,,,
2022-12-23T10:20:37+00:00,6921271,MAUSyagi-AK,10,C0801D06022D0A020000,2,,,,,,,,10,6,,,2,29,,,,,,,,,,,
2022-12-23T10:20:39+00:00,6921271,MAUSyagi-AK,10,C0801E06022D1F020000,,,,2,,,,,31,6,,,2,30,,,,,,,,,,,
2022-12-23T10:20:39+00:00,6921271,MAUSyagi-AK,16,C0801F0C02890308E449FDFF2EFEFDFF,,,,,,,,,3,12,8,,2,31,,,,,,,,,,,
2022-12-23T10:20:40+00:00,6921271,MAUSyagi-AK,16,C080200C0289050892F1FEFF11000000,,,,,,,,,5,12,,8,2,32,,,,,,,,,,,
2022-12-23T10:20:41+00:00,6921271,MAUSyagi-AK,13,C0802209026686050003D00262,,,,,,,,,134,9,,,2,34,,5,,,,,,,,,
2022-12-23T10:20:41+00:00,6921271,MAUSyagi-AK,13,C080210902668105000059005B,,,,,,,,,129,9,,,2,33,5,,,,,,,,,,
2022-12-23T10:20:41+00:00,6921271,MAUSyagi-AK,13,C080230902668B0500005A005B,,,,,,,,,139,9,,,2,35,,,5,,,,,,,,
2022-12-23T10:20:42+00:00,6921271,MAUSyagi-AK,16,C0801F0C02890308E449FDFF2EFEFDFF,,,,,,,,,3,12,8,,2,31,,,,,,,,,,,
2022-12-23T10:20:42+00:00,6921271,MAUSyagi-AK,16,C080200C0289050892F1FEFF11000000,,,,,,,,,5,12,,8,2,32,,,,,,,,,,,
2022-12-23T10:20:42+00:00,6921271,MAUSyagi-AK,13,C080240902669005000058005A,,,,,,,,,144,9,,,2,36,,,,5,,,,,,,
2022-12-23T10:20:42+00:00,6921271,MAUSyagi-AK,13,C08025090266950500005A0058,,,,,,,,,149,9,,,2,37,,,,,5,,,,,,
2022-12-23T10:20:43+00:00,6921271,MAUSyagi-AK,13,C080260902669A050000590059,,,,,,,,,154,9,,,2,38,,,,,,5,,,,,
2022-12-23T10:20:43+00:00,6921271,MAUSyagi-AK,13,C080270902669F0500005A005A,,,,,,,,,159,9,,,2,39,,,,,,,5,,,,
2022-12-23T10:20:44+00:00,6921271,MAUSyagi-AK,13,C08028090266A405000058005A,,,,,,,,,164,9,,,2,40,,,,,,,,5,,,
2022-12-23T10:20:44+00:00,6921271,MAUSyagi-AK,13,C08029090266A9050000000000,,,,,,,,,169,9,,,2,41,,,,,,,,,5,,
2022-12-23T10:20:45+00:00,6921271,MAUSyagi-AK,13,C0802A090266AC050000000000,,,,,,,,,172,9,,,2,42,,,,,,,,,,5,
2022-12-23T10:20:46+00:00,6921271,MAUSyagi-AK,16,C0802B0C02800C081700000070F90400,,,,,,,,,12,12,,,2,43,,,,,,,,,,,8
2022-12-23T10:20:47+00:00,6921271,MAUSyagi-AK,10,C0802C06022C03020000,,,,,,,2,,3,6,,,2,44,,,,,,,,,,,
2022-12-23T10:20:48+00:00,6921271,MAUSyagi-AK,16,C0802B0C02800C081700000070F90400,,,,,,,,,12,12,,,2,43,,,,,,,,,,,8
2022-12-23T10:20:49+00:00,6921271,MAUSyagi-AK,10,C0802D06022C08020000,,,,,,,,2,8,6,,,2,45,,,,,,,,,,,
2022-12-23T10:20:50+00:00,6921271,MAUSyagi-AK,10,C0802E06022D0D020000,,2,,,,,,,13,6,,,2,46,,,,,,,,,,,
2022-12-23T10:20:51+00:00,6921271,MAUSyagi-AK,10,C0802F06022D07020000,,,,,,2,,,7,6,,,2,47,,,,,,,,,,,
2022-12-23T10:20:53+00:00,6921271,MAUSyagi-AK,10,C0803006022D01020000,,,2,,,,,,1,6,,,2,48,,,,,,,,,,,
2022-12-23T10:20:55+00:00,6921271,MAUSyagi-AK,10,C0803106022D04020000,,,,,2,,,,4,6,,,2,49,,,,,,,,,,,
2022-12-23T10:20:56+00:00,6921271,MAUSyagi-AK,10,C0803206022D0A020000,2,,,,,,,,10,6,,,2,50,,,,,,,,,,,
2022-12-23T10:20:58+00:00,6921271,MAUSyagi-AK,10,C0803306022D1F020000,,,,2,,,,,31,6,,,2,51,,,,,,,,,,,
2022-12-23T10:20:58+00:00,6921271,MAUSyagi-AK,16,C080350C028905085DFFFBFF1C000000,,,,,,,,,5,12,,8,2,53,,,,,,,,,,,
2022-12-23T10:20:58+00:00,6921271,MAUSyagi-AK,16,C080340C02890308EE2807002475FBFF,,,,,,,,,3,12,8,,2,52,,,,,,,,,,,
2022-12-23T10:20:59+00:00,6921271,MAUSyagi-AK,13,C080360902668105000059005B,,,,,,,,,129,9,,,2,54,5,,,,,,,,,,
2022-12-23T10:21:00+00:00,6921271,MAUSyagi-AK,16,C080340C02890308EE2807002475FBFF,,,,,,,,,3,12,8,,2,52,,,,,,,,,,,
2022-12-23T10:21:00+00:00,6921271,MAUSyagi-AK,13,C080380902668B0500005A005B,,,,,,,,,139,9,,,2,56,,,5,,,,,,,,
2022-12-23T10:21:00+00:00,6921271,MAUSyagi-AK,13,C0803709026686050003CF0261,,,,,,,,,134,9,,,2,55,,5,,,,,,,,,
2022-12-23T10:21:01+00:00,6921271,MAUSyagi-AK,16,C080350C028905085DFFFBFF1C000000,,,,,,,,,5,12,,8,2,53,,,,,,,,,,,
2022-12-23T10:21:03+00:00,6921271,MAUSyagi-AK,13,C080390902669005000059005B,,,,,,,,,144,9,,,2,57,,,,5,,,,,,,
2022-12-23T10:21:25+00:00,6921271,MAUSyagi-AK,10,C0804306022D0D020000,,2,,,,,,,13,6,,,2,67,,,,,,,,,,,
2022-12-23T10:21:26+00:00,6921271,MAUSyagi-AK,10,C0804406022D07020000,,,,,,2,,,7,6,,,2,68,,,,,,,,,,,
2022-12-23T10:21:28+00:00,6921271,MAUSyagi-AK,10,C0804506022D01020000,,,2,,,,,,1,6,,,2,69,,,,,,,,,,,
2022-12-23T10:21:29+00:00,6921271,MAUSyagi-AK,10,C0804606022D04020000,,,,,2,,,,4,6,,,2,70,,,,,,,,,,,
2022-12-23T10:21:31+00:00,6921271,MAUSyagi-AK,10,C0804706022D0A020000,2,,,,,,,,10,6,,,2,71,,,,,,,,,,,
2022-12-23T10:21:32+00:00,6921271,MAUSyagi-AK,10,C0804806022D1F020000,,,,2,,,,,31,6,,,2,72,,,,,,,,,,,
2022-12-23T10:21:33+00:00,6921271,MAUSyagi-AK,16,C080490C02890308F12E07001248FBFF,,,,,,,,,3,12,8,,2,73,,,,,,,,,,,
2022-12-23T10:21:33+00:00,6921271,MAUSyagi-AK,16,C0804A0C028905083CAEFBFF26000000,,,,,,,,,5,12,,8,2,74,,,,,,,,,,,
2022-12-23T10:21:34+00:00,6921271,MAUSyagi-AK,13,C0804B0902668105000059005B,,,,,,,,,129,9,,,2,75,5,,,,,,,,,,
2022-12-23T10:21:34+00:00,6921271,MAUSyagi-AK,13,C0804C09026686050003CC0260,,,,,,,,,134,9,,,2,76,,5,,,,,,,,,
2022-12-23T10:21:35+00:00,6921271,MAUSyagi-AK,16,C0804A0C028905083CAEFBFF26000000,,,,,,,,,5,12,,8,2,74,,,,,,,,,,,
2022-12-23T10:21:35+00:00,6921271,MAUSyagi-AK,16,C080490C02890308F12E07001248FBFF,,,,,,,,,3,12,8,,2,73,,,,,,,,,,,
2022-12-23T10:21:35+00:00,6921271,MAUSyagi-AK,13,C0804D0902668B05000059005B,,,,,,,,,139,9,,,2,77,,,5,,,,,,,,
2022-12-23T10:21:35+00:00,6921271,MAUSyagi-AK,13,C0804E0902669005000059005B,,,,,,,,,144,9,,,2,78,,,,5,,,,,,,
2022-12-23T10:21:36+00:00,6921271,MAUSyagi-AK,13,C0804F090266950500005A0058,,,,,,,,,149,9,,,2,79,,,,,5,,,,,,
2022-12-23T10:21:36+00:00,6921271,MAUSyagi-AK,13,C080500902669A05000059005A,,,,,,,,,154,9,,,2,80,,,,,,5,,,,,
2022-12-23T10:21:37+00:00,6921271,MAUSyagi-AK,13,C080510902669F0500005A005A,,,,,,,,,159,9,,,2,81,,,,,,,5,,,,
2022-12-23T10:21:37+00:00,6921271,MAUSyagi-AK,13,C08052090266A405000058005A,,,,,,,,,164,9,,,2,82,,,,,,,,5,,,
2022-12-23T10:21:38+00:00,6921271,MAUSyagi-AK,13,C08054090266AC050000000000,,,,,,,,,172,9,,,2,84,,,,,,,,,,5,
2022-12-23T10:21:38+00:00,6921271,MAUSyagi-AK,13,C08053090266A9050000000000,,,,,,,,,169,9,,,2,83,,,,,,,,,5,,
2022-12-23T10:21:39+00:00,6921271,MAUSyagi-AK,16,C080550C02800C082C00000098F80A00,,,,,,,,,12,12,,,2,85,,,,,,,,,,,8
2022-12-23T10:21:41+00:00,6921271,MAUSyagi-AK,16,C080550C02800C082C00000098F80A00,,,,,,,,,12,12,,,2,85,,,,,,,,,,,8
2022-12-23T10:21:42+00:00,6921271,MAUSyagi-AK,10,C0805606022C03020000,,,,,,,2,,3,6,,,2,86,,,,,,,,,,,
2022-12-23T10:21:43+00:00,6921271,MAUSyagi-AK,10,C0805706022C08020000,,,,,,,,2,8,6,,,2,87,,,,,,,,,,,
2022-12-23T10:21:44+00:00,6921271,MAUSyagi-AK,10,C0805806022D0D020000,,2,,,,,,,13,6,,,2,88,,,,,,,,,,,
2022-12-23T10:21:46+00:00,6921271,MAUSyagi-AK,10,C0805906022D07020000,,,,,,2,,,7,6,,,2,89,,,,,,,,,,,
2022-12-23T10:21:49+00:00,6921271,MAUSyagi-AK,10,C0805A06022D01020000,,,2,,,,,,1,6,,,2,90,,,,,,,,,,,
2022-12-23T10:21:51+00:00,6921271,MAUSyagi-AK,10,C0805B06022D04020000,,,,,2,,,,4,6,,,2,91,,,,,,,,,,,
2022-12-24T00:11:47+00:00,6924183,MAUSyagi,16,C080010C02800C080200000000000000,,,,,,,,,12,12,,,2,1,,,,,,,,,,,8
2022-12-24T00:11:49+00:00,6924183,MAUSyagi,10,C0800206022C03020000,,,,,,,2,,3,6,,,2,2,,,,,,,,,,,
2022-12-24T00:11:52+00:00,6924183,MAUSyagi,16,C080010C02800C080200000000000000,,,,,,,,,12,12,,,2,1,,,,,,,,,,,8
2022-12-24T00:12:48+00:00,6924183,MAUSyagi,16,C080010C02800C080200000000000000,,,,,,,,,12,12,,,2,1,,,,,,,,,,,8
2022-12-24T00:12:49+00:00,6924183,MAUSyagi,10,C0800206022C03020000,,,,,,,2,,3,6,,,2,2,,,,,,,,,,,
2022-12-24T00:13:03+00:00,6924183,MAUSyagi,16,C080010C02800C080200000000000000,,,,,,,,,12,12,,,2,1,,,,,,,,,,,8
2022-12-24T00:13:04+00:00,6924183,MAUSyagi,10,C0800206022C03020000,,,,,,,2,,3,6,,,2,2,,,,,,,,,,,
2022-12-24T00:13:06+00:00,6924180,MAUSyagi,16,C080010C02800C080200000000000000,,,,,,,,,12,12,,,2,1,,,,,,,,,,,8
2022-12-24T00:13:07+00:00,6924183,MAUSyagi,16,C080010C02800C080200000000000000,,,,,,,,,12,12,,,2,1,,,,,,,,,,,8
2022-12-24T00:13:17+00:00,6924183,MAUSyagi,16,C080010C02800C0802000000D0070000,,,,,,,,,12,12,,,2,1,,,,,,,,,,,8
2022-12-24T00:13:18+00:00,6924183,MAUSyagi,10,C0800206022C03020000,,,,,,,2,,3,6,,,2,2,,,,,,,,,,,
2022-12-24T00:13:22+00:00,6924183,MAUSyagi,16,C080010C02800C0802000000D0070000,,,,,,,,,12,12,,,2,1,,,,,,,,,,,8
2022-12-24T00:13:32+00:00,6924183,MAUSyagi,16,C080010C02800C0802000000D0070000,,,,,,,,,12,12,,,2,1,,,,,,,,,,,8
2022-12-24T00:13:36+00:00,6924183,MAUSyagi,16,C080010C02800C0802000000D0070000,,,,,,,,,12,12,,,2,1,,,,,,,,,,,8
2022-12-24T00:13:46+00:00,6924183,MAUSyagi,16,C080010C02800C0802000000D0070000,,,,,,,,,12,12,,,2,1,,,,,,,,,,,8
2022-12-24T00:13:47+00:00,6924183,MAUSyagi,10,C0800206022C03020000,,,,,,,2,,3,6,,,2,2,,,,,,,,,,,
2022-12-24T00:14:05+00:00,6924183,MAUSyagi,16,C080010C02800C0802000000D0070000,,,,,,,,,12,12,,,2,1,,,,,,,,,,,8
2022-12-24T00:14:30+00:00,6924183,MAUSyagi,16,C080010C02800C0802000000D0070000,,,,,,,,,12,12,,,2,1,,,,,,,,,,,8
2022-12-24T00:14:33+00:00,6924180,MAUSyagi,16,C080010C02800C0802000000D0070000,,,,,,,,,12,12,,,2,1,,,,,,,,,,,8
2022-12-24T00:14:34+00:00,6924180,MAUSyagi,16,C080010C02800C0802000000D0070000,,,,,,,,,12,12,,,2,1,,,,,,,,,,,8
2022-12-24T00:14:35+00:00,6924180,MAUSyagi,10,C0800206022C03020000,,,,,,,2,,3,6,,,2,2,,,,,,,,,,,
2022-12-24T00:14:44+00:00,6924183,MAUSyagi,16,C080010C02800C080200000000000000,,,,,,,,,12,12,,,2,1,,,,,,,,,,,8
2022-12-24T00:14:46+00:00,6924183,MAUSyagi,10,C0800206022C03020000,,,,,,,2,,3,6,,,2,2,,,,,,,,,,,
2022-12-24T00:14:59+00:00,6924183,MAUSyagi,16,C080010C02800C080200000000000000,,,,,,,,,12,12,,,2,1,,,,,,,,,,,8
2022-12-24T00:15:00+00:00,6924324,ArgusNavis,10,C0800206022C03020000,,,,,,,2,,3,6,,,2,2,,,,,,,,,,,
2022-12-24T00:15:00+00:00,6924183,MAUSyagi,10,C0800206022C03020000,,,,,,,2,,3,6,,,2,2,,,,,,,,,,,
2022-12-24T00:15:03+00:00,6924183,MAUSyagi,16,C080010C02800C080200000000000000,,,,,,,,,12,12,,,2,1,,,,,,,,,,,8
2022-12-24T00:15:15+00:00,6924183,MAUSyagi,10,C0800206022C03020000,,,,,,,2,,3,6,,,2,2,,,,,,,,,,,
2022-12-24T00:15:28+00:00,6924183,MAUSyagi,16,C080010C02800C080200000000000000,,,,,,,,,12,12,,,2,1,,,,,,,,,,,8
2022-12-24T00:15:30+00:00,6924183,MAUSyagi,10,C0800206022C03020000,,,,,,,2,,3,6,,,2,2,,,,,,,,,,,
2022-12-24T00:15:32+00:00,6924183,MAUSyagi,16,C080010C02800C080200000000000000,,,,,,,,,12,12,,,2,1,,,,,,,,,,,8
2022-12-24T00:15:33+00:00,6924180,MAUSyagi,10,C0800206022C03020000,,,,,,,2,,3,6,,,2,2,,,,,,,,,,,
2022-12-24T04:44:03+00:00,6922670,M0KSF-BB,16,C080010C02800C0802000000D0070000,,,,,,,,,12,12,,,2,1,,,,,,,,,,,8
2022-12-24T04:44:17+00:00,6923313,Apomahon,16,C080010C02800C080200000000000000,,,,,,,,,12,12,,,2,1,,,,,,,,,,,8
2022-12-24T04:44:32+00:00,6922670,M0KSF-BB,16,C080010C02800C0802000000D0070000,,,,,,,,,12,12,,,2,1,,,,,,,,,,,8
2022-12-24T04:44:32+00:00,6923313,Apomahon,16,C080010C02800C0802000000D0070000,,,,,,,,,12,12,,,2,1,,,,,,,,,,,8
2022-12-24T04:44:46+00:00,6922670,M0KSF-BB,16,C080010C02800C0802000000D0070000,,,,,,,,,12,12,,,2,1,,,,,,,,,,,8
2022-12-24T04:45:01+00:00,6922670,M0KSF-BB,16,C080010C02800C0802000000D0070000,,,,,,,,,12,12,,,2,1,,,,,,,,,,,8
2022-12-24T04:45:16+00:00,6922670,M0KSF-BB,16,C080010C02800C0802000000D0070000,,,,,,,,,12,12,,,2,1,,,,,,,,,,,8
2022-12-24T04:45:30+00:00,6922670,M0KSF-BB,16,C080010C02800C080200000000000000,,,,,,,,,12,12,,,2,1,,,,,,,,,,,8
2022-12-24T04:45:42+00:00,6922670,M0KSF-BB,16,C080010C02800C080200000000000000,,,,,,,,,12,12,,,2,1,,,,,,,,,,,8
2022-12-24T04:48:39+00:00,6924982,SA2KNG Omni UHF/VHF,16,C080010C02800C080200000000000000,,,,,,,,,12,12,,,2,1,,,,,,,,,,,8
2022-12-24T04:48:48+00:00,6924982,SA2KNG Omni UHF/VHF,16,C080010C02800C080200000000000000,,,,,,,,,12,12,,,2,1,,,,,,,,,,,8
2022-12-24T04:48:52+00:00,6924982,SA2KNG Omni UHF/VHF,16,C080010C02800C080200000000000000,,,,,,,,,12,12,,,2,1,,,,,,,,,,,8
2022-12-24T04:49:01+00:00,6924982,SA2KNG Omni UHF/VHF,16,C080010C02800C080200000000000000,,,,,,,,,12,12,,,2,1,,,,,,,,,,,8
2022-12-24T04:49:04+00:00,6924982,SA2KNG Omni UHF/VHF,16,C080010C02800C080200000000000000,,,,,,,,,12,12,,,2,1,,,,,,,,,,,8
2022-12-24T04:49:06+00:00,6924982,SA2KNG Omni UHF/VHF,10,C0800206022C03020000,,,,,,,2,,3,6,,,2,2,,,,,,,,,,,
2022-12-24T04:49:13+00:00,6924982,SA2KNG Omni UHF/VHF,16,C080010C02800C080200000000000000,,,,,,,,,12,12,,,2,1,,,,,,,,,,,8
2022-12-24T04:49:18+00:00,6924982,SA2KNG Omni UHF/VHF,16,C080010C02800C080200000000000000,,,,,,,,,12,12,,,2,1,,,,,,,,,,,8
2022-12-24T04:49:27+00:00,6924982,SA2KNG Omni UHF/VHF,16,C080010C02800C080200000000000000,,,,,,,,,12,12,,,2,1,,,,,,,,,,,8
2022-12-24T04:49:31+00:00,6924982,SA2KNG Omni UHF/VHF,16,C080010C02800C080200000000000000,,,,,,,,,12,12,,,2,1,,,,,,,,,,,8
2022-12-24T04:49:32+00:00,6924982,SA2KNG Omni UHF/VHF,10,C0800206022C03020000,,,,,,,2,,3,6,,,2,2,,,,,,,,,,,
2022-12-24T04:49:40+00:00,6924982,SA2KNG Omni UHF/VHF,16,C080010C02800C080200000000000000,,,,,,,,,12,12,,,2,1,,,,,,,,,,,8
2022-12-24T04:49:45+00:00,6924982,SA2KNG Omni UHF/VHF,16,C080010C02800C080200000000000000,,,,,,,,,12,12,,,2,1,,,,,,,,,,,8
2022-12-24T04:49:54+00:00,6924982,SA2KNG Omni UHF/VHF,16,C080010C02800C080200000000000000,,,,,,,,,12,12,,,2,1,,,,,,,,,,,8
2022-12-24T04:49:58+00:00,6924982,SA2KNG Omni UHF/VHF,16,C080010C02800C0802000000D0070000,,,,,,,,,12,12,,,2,1,,,,,,,,,,,8
2022-12-24T04:50:07+00:00,6924982,SA2KNG Omni UHF/VHF,16,C080010C02800C0802000000D0070000,,,,,,,,,12,12,,,2,1,,,,,,,,,,,8
2022-12-24T06:32:45+00:00,6922672,M0KSF-BB,16,C080010C02800C080200000000000000,,,,,,,,,12,12,,,2,1,,,,,,,,,,,8
2022-12-24T06:33:11+00:00,6922672,M0KSF-BB,16,C080010C02800C080200000000000000,,,,,,,,,12,12,,,2,1,,,,,,,,,,,8
2022-12-24T10:16:20+00:00,6925879,JH4XSY-pi,16,C080010C02800C0802000000D0070000,,,,,,,,,12,12,,,2,1,,,,,,,,,,,8
2022-12-24T10:17:00+00:00,6925879,JH4XSY-pi,16,C080010C02800C0802000000D0070000,,,,,,,,,12,12,,,2,1,,,,,,,,,,,8
2022-12-24T10:17:13+00:00,6925879,JH4XSY-pi,16,C080010C02800C0802000000D0070000,,,,,,,,,12,12,,,2,1,,,,,,,,,,,8
2022-12-24T10:17:26+00:00,6925879,JH4XSY-pi,16,C080010C02800C0802000000D0070000,,,,,,,,,12,12,,,2,1,,,,,,,,,,,8
2022-12-24T18:36:00+00:00,6926936,GAO UHF,16,C080010C02800C080200000000000000,,,,,,,,,12,12,,,2,1,,,,,,,,,,,8
2022-12-24T18:36:05+00:00,6926936,GAO UHF,16,C080010C02800C080200000000000000,,,,,,,,,12,12,,,2,1,,,,,,,,,,,8
2022-12-24T21:24:36+00:00,6928026,JH4XSY-pi,16,C080010C02800C0802000000D0070000,,,,,,,,,12,12,,,2,1,,,,,,,,,,,8
2022-12-24T21:24:51+00:00,6928026,JH4XSY-pi,16,C080010C02800C080200000000000000,,,,,,,,,12,12,,,2,1,,,,,,,,,,,8
2022-12-24T21:25:05+00:00,6928026,JH4XSY-pi,16,C080010C02800C0802000000D0070000,,,,,,,,,12,12,,,2,1,,,,,,,,,,,8
2022-12-24T21:25:20+00:00,6928026,JH4XSY-pi,16,C080010C02800C080200000000000000,,,,,,,,,12,12,,,2,1,,,,,,,,,,,8
2022-12-24T21:25:34+00:00,6928026,JH4XSY-pi,16,C080010C02800C080200000000000000,,,,,,,,,12,12,,,2,1,,,,,,,,,,,8
2022-12-24T21:25:47+00:00,6928026,JH4XSY-pi,16,C080010C02800C080200000000000000,,,,,,,,,12,12,,,2,1,,,,,,,,,,,8
2022-12-24T21:25:59+00:00,6928026,JH4XSY-pi,16,C080010C02800C080200000000000000,,,,,,,,,12,12,,,2,1,,,,,,,,,,,8
2022-12-25T04:11:04+00:00,6926420,M0KSF,16,C080010C02800C080200000000000000,,,,,,,,,12,12,,,2,1,,,,,,,,,,,8
2022-12-25T04:11:17+00:00,6926420,M0KSF,16,C080010C02800C0802000000D0070000,,,,,,,,,12,12,,,2,1,,,,,,,,,,,8
2022-12-25T04:11:30+00:00,6926420,M0KSF,16,C080010C02800C080200000000000000,,,,,,,,,12,12,,,2,1,,,,,,,,,,,8
2022-12-25T04:13:30+00:00,6926420,M0KSF,16,C080010C02800C080200000000000000,,,,,,,,,12,12,,,2,1,,,,,,,,,,,8
2022-12-25T04:13:50+00:00,6926420,M0KSF,16,C080010C02800C080200000000000000,,,,,,,,,12,12,,,2,1,,,,,,,,,,,8
2022-12-25T04:13:58+00:00,6928986,SA2KNG Omni UHF/VHF,16,C080010C02800C080200000000000000,,,,,,,,,12,12,,,2,1,,,,,,,,,,,8
2022-12-25T04:13:59+00:00,6928986,SA2KNG Omni UHF/VHF,10,C0800206022C03020000,,,,,,,2,,3,6,,,2,2,,,,,,,,,,,
2022-12-25T04:14:01+00:00,6928986,SA2KNG Omni UHF/VHF,10,C0800306022C08020000,,,,,,,,2,8,6,,,2,3,,,,,,,,,,,
2022-12-25T04:14:02+00:00,6928986,SA2KNG Omni UHF/VHF,10,C0800406022D0D020000,,2,,,,,,,13,6,,,2,4,,,,,,,,,,,
2022-12-25T04:14:07+00:00,6928986,SA2KNG Omni UHF/VHF,16,C080010C02800C080200000000000000,,,,,,,,,12,12,,,2,1,,,,,,,,,,,8
2022-12-25T04:14:07+00:00,6926420,M0KSF,16,C080010C02800C080200000000000000,,,,,,,,,12,12,,,2,1,,,,,,,,,,,8
2022-12-25T04:14:15+00:00,6928986,SA2KNG Omni UHF/VHF,16,C080010C02800C080200000000000000,,,,,,,,,12,12,,,2,1,,,,,,,,,,,8
2022-12-25T04:14:19+00:00,6928986,SA2KNG Omni UHF/VHF,10,C0800406022D0D020000,,2,,,,,,,13,6,,,2,4,,,,,,,,,,,
2022-12-25T04:14:24+00:00,6928986,SA2KNG Omni UHF/VHF,16,C080010C02800C080200000000000000,,,,,,,,,12,12,,,2,1,,,,,,,,,,,8
2022-12-25T04:14:24+00:00,6926420,M0KSF,16,C080010C02800C080200000000000000,,,,,,,,,12,12,,,2,1,,,,,,,,,,,8
2022-12-25T04:14:32+00:00,6928986,SA2KNG Omni UHF/VHF,16,C080010C02800C080200000000000000,,,,,,,,,12,12,,,2,1,,,,,,,,,,,8
2022-12-25T04:14:34+00:00,6928986,SA2KNG Omni UHF/VHF,10,C0800206022C03020000,,,,,,,2,,3,6,,,2,2,,,,,,,,,,,
2022-12-25T04:14:40+00:00,6929003,SA2KNG S-Band,16,C080010C02800C080200000000000000,,,,,,,,,12,12,,,2,1,,,,,,,,,,,8
2022-12-25T04:14:41+00:00,6928986,SA2KNG Omni UHF/VHF,16,C080010C02800C080200000000000000,,,,,,,,,12,12,,,2,1,,,,,,,,,,,8
2022-12-25T04:14:41+00:00,6926420,M0KSF,16,C080010C02800C080200000000000000,,,,,,,,,12,12,,,2,1,,,,,,,,,,,8
2022-12-25T04:14:47+00:00,6928986,SA2KNG Omni UHF/VHF,16,C080010C02800C080200000000000000,,,,,,,,,12,12,,,2,1,,,,,,,,,,,8
2022-12-25T04:14:50+00:00,6928986,SA2KNG Omni UHF/VHF,10,C0800306022C08020000,,,,,,,,2,8,6,,,2,3,,,,,,,,,,,
2022-12-25T04:14:54+00:00,6929003,SA2KNG S-Band,16,C080010C02800C080200000000000000,,,,,,,,,12,12,,,2,1,,,,,,,,,,,8
2022-12-25T04:14:56+00:00,6929003,SA2KNG S-Band,16,C080010C02800C080200000000000000,,,,,,,,,12,12,,,2,1,,,,,,,,,,,8
2022-12-25T04:14:56+00:00,6929003,SA2KNG S-Band,10,C0800206022C03020000,,,,,,,2,,3,6,,,2,2,,,,,,,,,,,
2022-12-25T04:14:56+00:00,6928986,SA2KNG Omni UHF/VHF,16,C080010C02800C080200000000000000,,,,,,,,,12,12,,,2,1,,,,,,,,,,,8
2022-12-25T04:14:56+00:00,6926420,M0KSF,16,C080010C02800C080200000000000000,,,,,,,,,12,12,,,2,1,,,,,,,,,,,8
2022-12-25T04:14:57+00:00,6929003,SA2KNG S-Band,10,C0800306022C08020000,,,,,,,,2,8,6,,,2,3,,,,,,,,,,,
2022-12-25T04:15:04+00:00,6928986,SA2KNG Omni UHF/VHF,16,C080010C02800C0802000000D0070000,,,,,,,,,12,12,,,2,1,,,,,,,,,,,8
2022-12-25T04:15:05+00:00,6928986,SA2KNG Omni UHF/VHF,10,C0800206022C03020000,,,,,,,2,,3,6,,,2,2,,,,,,,,,,,
2022-12-25T04:15:07+00:00,6928986,SA2KNG Omni UHF/VHF,10,C0800306022C08020000,,,,,,,,2,8,6,,,2,3,,,,,,,,,,,
2022-12-25T04:15:08+00:00,6928986,SA2KNG Omni UHF/VHF,10,C0800406022D0D020000,,2,,,,,,,13,6,,,2,4,,,,,,,,,,,
2022-12-25T04:15:13+00:00,6928986,SA2KNG Omni UHF/VHF,16,C080010C02800C0802000000D0070000,,,,,,,,,12,12,,,2,1,,,,,,,,,,,8
2022-12-25T04:15:13+00:00,6926420,M0KSF,16,C080010C02800C0802000000D0070000,,,,,,,,,12,12,,,2,1,,,,,,,,,,,8
2022-12-25T04:15:21+00:00,6928986,SA2KNG Omni UHF/VHF,16,C080010C02800C080200000000000000,,,,,,,,,12,12,,,2,1,,,,,,,,,,,8
2022-12-25T04:15:22+00:00,6928986,SA2KNG Omni UHF/VHF,10,C0800206022C03020000,,,,,,,2,,3,6,,,2,2,,,,,,,,,,,
2022-12-25T04:15:24+00:00,6928986,SA2KNG Omni UHF/VHF,10,C0800306022C08020000,,,,,,,,2,8,6,,,2,3,,,,,,,,,,,
2022-12-25T04:15:25+00:00,6928986,SA2KNG Omni UHF/VHF,10,C0800406022D0D020000,,2,,,,,,,13,6,,,2,4,,,,,,,,,,,
2022-12-25T04:15:30+00:00,6928986,SA2KNG Omni UHF/VHF,16,C080010C02800C080200000000000000,,,,,,,,,12,12,,,2,1,,,,,,,,,,,8
2022-12-25T04:15:30+00:00,6926420,M0KSF,16,C080010C02800C080200000000000000,,,,,,,,,12,12,,,2,1,,,,,,,,,,,8
2022-12-25T04:15:41+00:00,6928986,SA2KNG Omni UHF/VHF,10,C0800306022C08020000,,,,,,,,2,8,6,,,2,3,,,,,,,,,,,
2022-12-25T04:15:43+00:00,6928986,SA2KNG Omni UHF/VHF,10,C0800406022D0D020000,,2,,,,,,,13,6,,,2,4,,,,,,,,,,,
2022-12-25T04:15:47+00:00,6926420,M0KSF,16,C080010C02800C080200000000000000,,,,,,,,,12,12,,,2,1,,,,,,,,,,,8
2022-12-25T04:15:49+00:00,6929003,SA2KNG S-Band,10,C0800306022C08020000,,,,,,,,2,8,6,,,2,3,,,,,,,,,,,
2022-12-25T04:15:50+00:00,6929003,SA2KNG S-Band,10,C0800406022D0D020000,,2,,,,,,,13,6,,,2,4,,,,,,,,,,,
2022-12-25T04:16:03+00:00,6929003,SA2KNG S-Band,16,C080010C02800C080200000000000000,,,,,,,,,12,12,,,2,1,,,,,,,,,,,8
2022-12-25T04:16:04+00:00,6929003,SA2KNG S-Band,16,C080010C02800C080200000000000000,,,,,,,,,12,12,,,2,1,,,,,,,,,,,8
2022-12-25T04:16:04+00:00,6929003,SA2KNG S-Band,10,C0800206022C03020000,,,,,,,2,,3,6,,,2,2,,,,,,,,,,,
2022-12-25T04:16:04+00:00,6926420,M0KSF,16,C080010C02800C080200000000000000,,,,,,,,,12,12,,,2,1,,,,,,,,,,,8
2022-12-25T04:16:06+00:00,6929003,SA2KNG S-Band,10,C0800306022C08020000,,,,,,,,2,8,6,,,2,3,,,,,,,,,,,
2022-12-25T04:16:07+00:00,6929003,SA2KNG S-Band,10,C0800406022D0D020000,,2,,,,,,,13,6,,,2,4,,,,,,,,,,,
2022-12-25T04:16:20+00:00,6929003,SA2KNG S-Band,16,C080010C02800C080200000000000000,,,,,,,,,12,12,,,2,1,,,,,,,,,,,8
2022-12-25T04:16:21+00:00,6929003,SA2KNG S-Band,16,C080010C02800C080200000000000000,,,,,,,,,12,12,,,2,1,,,,,,,,,,,8
2022-12-25T04:16:21+00:00,6929003,SA2KNG S-Band,10,C0800206022C03020000,,,,,,,2,,3,6,,,2,2,,,,,,,,,,,
2022-12-25T04:16:23+00:00,6929003,SA2KNG S-Band,10,C0800306022C08020000,,,,,,,,2,8,6,,,2,3,,,,,,,,,,,
2022-12-25T04:16:24+00:00,6929003,SA2KNG S-Band,10,C0800406022D0D020000,,2,,,,,,,13,6,,,2,4,,,,,,,,,,,
2022-12-25T04:16:26+00:00,6929003,SA2KNG S-Band,10,C0800506022D07020000,,,,,,2,,,7,6,,,2,5,,,,,,,,,,,
2022-12-25T04:16:27+00:00,6929003,SA2KNG S-Band,10,C0800606022D01020000,,,2,,,,,,1,6,,,2,6,,,,,,,,,,,
2022-12-25T04:16:29+00:00,6929003,SA2KNG S-Band,10,C0800706022D04020000,,,,,2,,,,4,6,,,2,7,,,,,,,,,,,
2022-12-25T04:16:42+00:00,6929003,SA2KNG S-Band,16,C080010C02800C080200000000000000,,,,,,,,,12,12,,,2,1,,,,,,,,,,,8
2022-12-25T04:16:43+00:00,6929003,SA2KNG S-Band,16,C080010C02800C080200000000000000,,,,,,,,,12,12,,,2,1,,,,,,,,,,,8
2022-12-25T04:16:43+00:00,6929003,SA2KNG S-Band,10,C0800206022C03020000,,,,,,,2,,3,6,,,2,2,,,,,,,,,,,
2022-12-25T04:16:45+00:00,6929003,SA2KNG S-Band,10,C0800306022C08020000,,,,,,,,2,8,6,,,2,3,,,,,,,,,,,
2022-12-25T04:16:46+00:00,6929003,SA2KNG S-Band,10,C0800406022D0D020000,,2,,,,,,,13,6,,,2,4,,,,,,,,,,,
2022-12-25T04:16:46+00:00,6928986,SA2KNG Omni UHF/VHF,10,C0800906022D1F020000,,,,2,,,,,31,6,,,2,9,,,,,,,,,,,
2022-12-25T04:16:47+00:00,6928986,SA2KNG Omni UHF/VHF,16,C0800B0C02890508FBD5040006000000,,,,,,,,,5,12,,8,2,11,,,,,,,,,,,
2022-12-25T04:16:48+00:00,6929003,SA2KNG S-Band,10,C0800506022D07020000,,,,,,2,,,7,6,,,2,5,,,,,,,,,,,
2022-12-25T04:16:49+00:00,6929003,SA2KNG S-Band,10,C0800606022D01020000,,,2,,,,,,1,6,,,2,6,,,,,,,,,,,
2022-12-25T04:16:49+00:00,6928986,SA2KNG Omni UHF/VHF,13,C0800E0902668B0500005A005B,,,,,,,,,139,9,,,2,14,,,5,,,,,,,,
2022-12-25T04:16:50+00:00,6928986,SA2KNG Omni UHF/VHF,13,C08010090266950500005C0058,,,,,,,,,149,9,,,2,16,,,,,5,,,,,,
2022-12-25T04:16:51+00:00,6929003,SA2KNG S-Band,10,C0800706022D04020000,,,,,2,,,,4,6,,,2,7,,,,,,,,,,,
2022-12-25T04:16:51+00:00,6928986,SA2KNG Omni UHF/VHF,13,C080120902669F0500005A005B,,,,,,,,,159,9,,,2,18,,,,,,,5,,,,
2022-12-25T04:16:52+00:00,6929003,SA2KNG S-Band,10,C0800806022D0A020000,2,,,,,,,,10,6,,,2,8,,,,,,,,,,,
2022-12-25T04:16:53+00:00,6928986,SA2KNG Omni UHF/VHF,16,C080160C02800C080C00000010E50A00,,,,,,,,,12,12,,,2,22,,,,,,,,,,,8
2022-12-25T04:16:54+00:00,6929003,SA2KNG S-Band,16,C0800A0C02890308A60604007F53FCFF,,,,,,,,,3,12,8,,2,10,,,,,,,,,,,
2022-12-25T04:16:54+00:00,6929003,SA2KNG S-Band,10,C0800906022D1F020000,,,,2,,,,,31,6,,,2,9,,,,,,,,,,,
2022-12-25T04:16:55+00:00,6929003,SA2KNG S-Band,13,C0800C0902668105000059005B,,,,,,,,,129,9,,,2,12,5,,,,,,,,,,
2022-12-25T04:16:55+00:00,6929003,SA2KNG S-Band,16,C0800B0C02890508FBD5040006000000,,,,,,,,,5,12,,8,2,11,,,,,,,,,,,
2022-12-25T04:16:56+00:00,6929003,SA2KNG S-Band,16,C0800B0C02890508FBD5040006000000,,,,,,,,,5,12,,8,2,11,,,,,,,,,,,
2022-12-25T04:16:56+00:00,6929003,SA2KNG S-Band,16,C0800A0C02890308A60604007F53FCFF,,,,,,,,,3,12,8,,2,10,,,,,,,,,,,
2022-12-25T04:16:56+00:00,6929003,SA2KNG S-Band,13,C0800E0902668B0500005A005B,,,,,,,,,139,9,,,2,14,,,5,,,,,,,,
2022-12-25T04:16:56+00:00,6929003,SA2KNG S-Band,13,C0800D09026686050003AA0250,,,,,,,,,134,9,,,2,13,,5,,,,,,,,,
2022-12-25T04:16:56+00:00,6928986,SA2KNG Omni UHF/VHF,16,C0800B0C02890508FBD5040006000000,,,,,,,,,5,12,,8,2,11,,,,,,,,,,,
2022-12-25T04:16:57+00:00,6929003,SA2KNG S-Band,13,C08010090266950500005C0058,,,,,,,,,149,9,,,2,16,,,,,5,,,,,,
2022-12-25T04:16:57+00:00,6929003,SA2KNG S-Band,13,C0800F090266900500005A005B,,,,,,,,,144,9,,,2,15,,,,5,,,,,,,
2022-12-25T04:16:58+00:00,6929003,SA2KNG S-Band,13,C080120902669F0500005A005B,,,,,,,,,159,9,,,2,18,,,,,,,5,,,,
2022-12-25T04:16:58+00:00,6929003,SA2KNG S-Band,13,C080110902669A050000590059,,,,,,,,,154,9,,,2,17,,,,,,5,,,,,
2022-12-25T04:16:59+00:00,6929003,SA2KNG S-Band,13,C08013090266A40500005A005C,,,,,,,,,164,9,,,2,19,,,,,,,,5,,,
2022-12-25T04:17:00+00:00,6929003,SA2KNG S-Band,13,C08015090266AC050000000000,,,,,,,,,172,9,,,2,21,,,,,,,,,,5,
2022-12-25T04:17:00+00:00,6929003,SA2KNG S-Band,13,C08014090266A9050000000000,,,,,,,,,169,9,,,2,20,,,,,,,,,5,,
2022-12-25T04:17:01+00:00,6929003,SA2KNG S-Band,16,C080160C02800C080C00000010E50A00,,,,,,,,,12,12,,,2,22,,,,,,,,,,,8
2022-12-25T04:17:02+00:00,6929003,SA2KNG S-Band,16,C080160C02800C080C00000010E50A00,,,,,,,,,12,12,,,2,22,,,,,,,,,,,8
2022-12-25T04:17:02+00:00,6929003,SA2KNG S-Band,10,C0801706022C03020000,,,,,,,2,,3,6,,,2,23,,,,,,,,,,,
2022-12-25T04:17:03+00:00,6928986,SA2KNG Omni UHF/VHF,10,C0801B06022D01020000,,,2,,,,,,1,6,,,2,27,,,,,,,,,,,
2022-12-25T04:17:04+00:00,6929003,SA2KNG S-Band,10,C0801806022C08020000,,,,,,,,2,8,6,,,2,24,,,,,,,,,,,
2022-12-25T04:17:05+00:00,6929003,SA2KNG S-Band,10,C0801906022D0D020000,,2,,,,,,,13,6,,,2,25,,,,,,,,,,,
2022-12-25T04:17:06+00:00,6929003,SA2KNG S-Band,10,C0801A06022D07020000,,,,,,2,,,7,6,,,2,26,,,,,,,,,,,
2022-12-25T04:17:08+00:00,6928986,SA2KNG Omni UHF/VHF,10,C0801E06022D1F020000,,,,2,,,,,31,6,,,2,30,,,,,,,,,,,
2022-12-25T04:17:09+00:00,6928986,SA2KNG Omni UHF/VHF,16,C0801F0C02890308D525FDFF8DE5FEFF,,,,,,,,,3,12,8,,2,31,,,,,,,,,,,
2022-12-25T04:17:10+00:00,6929003,SA2KNG S-Band,10,C0801B06022D01020000,,,2,,,,,,1,6,,,2,27,,,,,,,,,,,
2022-12-25T04:17:13+00:00,6929003,SA2KNG S-Band,10,C0801C06022D04020000,,,,,2,,,,4,6,,,2,28,,,,,,,,,,,
2022-12-25T04:17:14+00:00,6929003,SA2KNG S-Band,10,C0801D06022D0A020000,2,,,,,,,,10,6,,,2,29,,,,,,,,,,,
2022-12-25T04:17:15+00:00,6928986,SA2KNG Omni UHF/VHF,16,C0802B0C02800C081700000088F50400,,,,,,,,,12,12,,,2,43,,,,,,,,,,,8
2022-12-25T04:17:16+00:00,6929003,SA2KNG S-Band,16,C0801F0C02890308D525FDFF8DE5FEFF,,,,,,,,,3,12,8,,2,31,,,,,,,,,,,
2022-12-25T04:17:16+00:00,6929003,SA2KNG S-Band,10,C0801E06022D1F020000,,,,2,,,,,31,6,,,2,30,,,,,,,,,,,
2022-12-25T04:17:17+00:00,6929003,SA2KNG S-Band,13,C080210902668105000059005C,,,,,,,,,129,9,,,2,33,5,,,,,,,,,,
2022-12-25T04:17:17+00:00,6929003,SA2KNG S-Band,16,C080200C02890508A980060011000000,,,,,,,,,5,12,,8,2,32,,,,,,,,,,,
2022-12-25T04:17:18+00:00,6929003,SA2KNG S-Band,16,C080200C02890508A980060011000000,,,,,,,,,5,12,,8,2,32,,,,,,,,,,,
2022-12-25T04:17:18+00:00,6929003,SA2KNG S-Band,16,C0801F0C02890308D525FDFF8DE5FEFF,,,,,,,,,3,12,8,,2,31,,,,,,,,,,,
2022-12-25T04:17:18+00:00,6929003,SA2KNG S-Band,13,C080230902668B0500005A005A,,,,,,,,,139,9,,,2,35,,,5,,,,,,,,
2022-12-25T04:17:18+00:00,6929003,SA2KNG S-Band,13,C0802209026686050003AB0250,,,,,,,,,134,9,,,2,34,,5,,,,,,,,,
2022-12-25T04:17:18+00:00,6926420,M0KSF,16,C080200C02890508A980060011000000,,,,,,,,,5,12,,8,2,32,,,,,,,,,,,
2022-12-25T04:17:18+00:00,6926420,M0KSF,16,C0801F0C02890308D525FDFF8DE5FEFF,,,,,,,,,3,12,8,,2,31,,,,,,,,,,,
2022-12-25T04:17:19+00:00,6929003,SA2KNG S-Band,13,C08025090266950500005A0059,,,,,,,,,149,9,,,2,37,,,,,5,,,,,,
2022-12-25T04:17:19+00:00,6929003,SA2KNG S-Band,13,C08024090266900500005A005C,,,,,,,,,144,9,,,2,36,,,,5,,,,,,,
2022-12-25T04:17:20+00:00,6929003,SA2KNG S-Band,13,C080270902669F0500005A005B,,,,,,,,,159,9,,,2,39,,,,,,,5,,,,
2022-12-25T04:17:20+00:00,6929003,SA2KNG S-Band,13,C080260902669A0500005A005A,,,,,,,,,154,9,,,2,38,,,,,,5,,,,,
2022-12-25T04:17:21+00:00,6929003,SA2KNG S-Band,13,C08029090266A9050000000000,,,,,,,,,169,9,,,2,41,,,,,,,,,5,,
2022-12-25T04:17:21+00:00,6929003,SA2KNG S-Band,13,C08028090266A405000059005A,,,,,,,,,164,9,,,2,40,,,,,,,,5,,,
2022-12-25T04:17:22+00:00,6929003,SA2KNG S-Band,16,C0802B0C02800C081700000088F50400,,,,,,,,,12,12,,,2,43,,,,,,,,,,,8
2022-12-25T04:17:22+00:00,6929003,SA2KNG S-Band,13,C0802A090266AC050000000000,,,,,,,,,172,9,,,2,42,,,,,,,,,,5,
2022-12-25T04:17:24+00:00,6929003,SA2KNG S-Band,16,C0802B0C02800C081700000088F50400,,,,,,,,,12,12,,,2,43,,,,,,,,,,,8
2022-12-25T04:17:24+00:00,6929003,SA2KNG S-Band,10,C0802C06022C03020000,,,,,,,2,,3,6,,,2,44,,,,,,,,,,,
2022-12-25T04:17:24+00:00,6926420,M0KSF,16,C0802B0C02800C081700000088F50400,,,,,,,,,12,12,,,2,43,,,,,,,,,,,8
2022-12-25T04:17:25+00:00,6929003,SA2KNG S-Band,10,C0802D06022C08020000,,,,,,,,2,8,6,,,2,45,,,,,,,,,,,
2022-12-25T04:17:27+00:00,6929003,SA2KNG S-Band,10,C0802E06022D0D020000,,2,,,,,,,13,6,,,2,46,,,,,,,,,,,
2022-12-25T04:17:28+00:00,6929003,SA2KNG S-Band,10,C0802F06022D07020000,,,,,,2,,,7,6,,,2,47,,,,,,,,,,,
2022-12-25T04:17:30+00:00,6929003,SA2KNG S-Band,10,C0803006022D01020000,,,2,,,,,,1,6,,,2,48,,,,,,,,,,,
2022-12-25T04:17:31+00:00,6929003,SA2KNG S-Band,10,C0803106022D04020000,,,,,2,,,,4,6,,,2,49,,,,,,,,,,,
2022-12-25T04:17:33+00:00,6929003,SA2KNG S-Band,10,C0803206022D0A020000,2,,,,,,,,10,6,,,2,50,,,,,,,,,,,
2022-12-25T04:17:34+00:00,6929003,SA2KNG S-Band,10,C0803306022D1F020000,,,,2,,,,,31,6,,,2,51,,,,,,,,,,,
2022-12-25T04:17:35+00:00,6929003,SA2KNG S-Band,16,C080350C02890508DC1902001C000000,,,,,,,,,5,12,,8,2,53,,,,,,,,,,,
2022-12-25T04:17:35+00:00,6929003,SA2KNG S-Band,16,C080340C02890308CC450900CE13FDFF,,,,,,,,,3,12,8,,2,52,,,,,,,,,,,
2022-12-25T04:17:36+00:00,6929003,SA2KNG S-Band,16,C080340C02890308CC450900CE13FDFF,,,,,,,,,3,12,8,,2,52,,,,,,,,,,,
2022-12-25T04:17:36+00:00,6929003,SA2KNG S-Band,13,C0803709026686050003AB0250,,,,,,,,,134,9,,,2,55,,5,,,,,,,,,
2022-12-25T04:17:36+00:00,6929003,SA2KNG S-Band,13,C080360902668105000059005B,,,,,,,,,129,9,,,2,54,5,,,,,,,,,,
2022-12-25T04:17:36+00:00,6926420,M0KSF,16,C080340C02890308CC450900CE13FDFF,,,,,,,,,3,12,8,,2,52,,,,,,,,,,,
2022-12-25T04:17:37+00:00,6929003,SA2KNG S-Band,16,C080350C02890508DC1902001C000000,,,,,,,,,5,12,,8,2,53,,,,,,,,,,,
2022-12-25T04:17:37+00:00,6929003,SA2KNG S-Band,13,C080380902668B05000058005C,,,,,,,,,139,9,,,2,56,,,5,,,,,,,,
2022-12-25T04:17:37+00:00,6926420,M0KSF,16,C080350C02890508DC1902001C000000,,,,,,,,,5,12,,8,2,53,,,,,,,,,,,
2022-12-25T04:17:38+00:00,6928986,SA2KNG Omni UHF/VHF,13,C0803A090266950500005B0059,,,,,,,,,149,9,,,2,58,,,,,5,,,,,,
2022-12-25T04:17:40+00:00,6929003,SA2KNG S-Band,13,C080390902669005000059005C,,,,,,,,,144,9,,,2,57,,,,5,,,,,,,
2022-12-25T04:17:43+00:00,6928986,SA2KNG Omni UHF/VHF,13,C0803B0902669A05000059005A,,,,,,,,,154,9,,,2,59,,,,,,5,,,,,
2022-12-25T04:17:46+00:00,6929003,SA2KNG S-Band,13,C0803A090266950500005B0059,,,,,,,,,149,9,,,2,58,,,,,5,,,,,,
2022-12-25T04:17:51+00:00,6929003,SA2KNG S-Band,13,C0803B0902669A05000059005A,,,,,,,,,154,9,,,2,59,,,,,,5,,,,,
2022-12-25T04:17:57+00:00,6928986,SA2KNG Omni UHF/VHF,16,C080010C02800C080200000000000000,,,,,,,,,12,12,,,2,1,,,,,,,,,,,8
2022-12-25T04:17:59+00:00,6928986,SA2KNG Omni UHF/VHF,10,C0800206022C03020000,,,,,,,2,,3,6,,,2,2,,,,,,,,,,,
2022-12-25T04:18:00+00:00,6928986,SA2KNG Omni UHF/VHF,10,C0800306022C08020000,,,,,,,,2,8,6,,,2,3,,,,,,,,,,,
2022-12-25T04:18:02+00:00,6928986,SA2KNG Omni UHF/VHF,10,C0800406022D0D020000,,2,,,,,,,13,6,,,2,4,,,,,,,,,,,
2022-12-25T04:18:05+00:00,6929003,SA2KNG S-Band,16,C080010C02800C080200000000000000,,,,,,,,,12,12,,,2,1,,,,,,,,,,,8
2022-12-25T04:18:06+00:00,6929003,SA2KNG S-Band,16,C080010C02800C080200000000000000,,,,,,,,,12,12,,,2,1,,,,,,,,,,,8
2022-12-25T04:18:06+00:00,6929003,SA2KNG S-Band,10,C0800206022C03020000,,,,,,,2,,3,6,,,2,2,,,,,,,,,,,
2022-12-25T04:18:06+00:00,6928986,SA2KNG Omni UHF/VHF,16,C080010C02800C080200000000000000,,,,,,,,,12,12,,,2,1,,,,,,,,,,,8
2022-12-25T04:18:06+00:00,6926420,M0KSF,16,C080010C02800C080200000000000000,,,,,,,,,12,12,,,2,1,,,,,,,,,,,8
2022-12-25T04:18:08+00:00,6929003,SA2KNG S-Band,10,C0800306022C08020000,,,,,,,,2,8,6,,,2,3,,,,,,,,,,,
2022-12-25T04:18:09+00:00,6929003,SA2KNG S-Band,10,C0800406022D0D020000,,2,,,,,,,13,6,,,2,4,,,,,,,,,,,
2022-12-25T04:18:14+00:00,6928986,SA2KNG Omni UHF/VHF,16,C080010C02800C0802000000D0070000,,,,,,,,,12,12,,,2,1,,,,,,,,,,,8
2022-12-25T04:18:16+00:00,6928986,SA2KNG Omni UHF/VHF,10,C0800206022C03020000,,,,,,,2,,3,6,,,2,2,,,,,,,,,,,
2022-12-25T04:18:21+00:00,6929003,SA2KNG S-Band,16,C080010C02800C0802000000D0070000,,,,,,,,,12,12,,,2,1,,,,,,,,,,,8
2022-12-25T04:18:23+00:00,6929003,SA2KNG S-Band,16,C080010C02800C0802000000D0070000,,,,,,,,,12,12,,,2,1,,,,,,,,,,,8
2022-12-25T04:18:23+00:00,6929003,SA2KNG S-Band,10,C0800206022C03020000,,,,,,,2,,3,6,,,2,2,,,,,,,,,,,
2022-12-25T04:18:23+00:00,6928986,SA2KNG Omni UHF/VHF,16,C080010C02800C0802000000D0070000,,,,,,,,,12,12,,,2,1,,,,,,,,,,,8
2022-12-25T05:55:55+00:00,6926813,M0KSF-BB,16,C080010C02800C080200000000000000,,,,,,,,,12,12,,,2,1,,,,,,,,,,,8
2022-12-25T05:55:55+00:00,6926422,M0KSF,16,C080010C02800C080200000000000000,,,,,,,,,12,12,,,2,1,,,,,,,,,,,8
2022-12-25T05:56:08+00:00,6926813,M0KSF-BB,16,C080010C02800C080200000000000000,,,,,,,,,12,12,,,2,1,,,,,,,,,,,8
2022-12-25T05:56:08+00:00,6926422,M0KSF,16,C080010C02800C080200000000000000,,,,,,,,,12,12,,,2,1,,,,,,,,,,,8
2022-12-25T05:56:21+00:00,6926813,M0KSF-BB,16,C080010C02800C080200000000000000,,,,,,,,,12,12,,,2,1,,,,,,,,,,,8
2022-12-25T05:56:21+00:00,6926422,M0KSF,16,C080010C02800C080200000000000000,,,,,,,,,12,12,,,2,1,,,,,,,,,,,8
2022-12-25T05:56:34+00:00,6926813,M0KSF-BB,16,C080010C02800C080200000000000000,,,,,,,,,12,12,,,2,1,,,,,,,,,,,8
2022-12-25T05:56:34+00:00,6926422,M0KSF,16,C080010C02800C080200000000000000,,,,,,,,,12,12,,,2,1,,,,,,,,,,,8
2022-12-25T05:56:49+00:00,6926813,M0KSF-BB,16,C080010C02800C080200000000000000,,,,,,,,,12,12,,,2,1,,,,,,,,,,,8
2022-12-25T05:56:49+00:00,6926422,M0KSF,16,C080010C02800C080200000000000000,,,,,,,,,12,12,,,2,1,,,,,,,,,,,8
2022-12-25T05:57:03+00:00,6926813,M0KSF-BB,16,C080010C02800C080200000000000000,,,,,,,,,12,12,,,2,1,,,,,,,,,,,8
2022-12-25T05:57:04+00:00,6926422,M0KSF,16,C080010C02800C080200000000000000,,,,,,,,,12,12,,,2,1,,,,,,,,,,,8
2022-12-25T05:57:16+00:00,6926813,M0KSF-BB,16,C0800A0C02890308D20102005DFFFBFF,,,,,,,,,3,12,8,,2,10,,,,,,,,,,,
2022-12-25T05:57:16+00:00,6926422,M0KSF,16,C0800A0C02890308D20102005DFFFBFF,,,,,,,,,3,12,8,,2,10,,,,,,,,,,,
2022-12-25T05:57:17+00:00,6926813,M0KSF-BB,16,C0800B0C02890508A606040006000000,,,,,,,,,5,12,,8,2,11,,,,,,,,,,,
2022-12-25T05:57:17+00:00,6926422,M0KSF,16,C0800B0C02890508A606040006000000,,,,,,,,,5,12,,8,2,11,,,,,,,,,,,
2022-12-25T05:57:22+00:00,6926813,M0KSF-BB,16,C080160C02800C080C00000010E50A00,,,,,,,,,12,12,,,2,22,,,,,,,,,,,8
2022-12-25T05:57:22+00:00,6926422,M0KSF,16,C080160C02800C080C00000010E50A00,,,,,,,,,12,12,,,2,22,,,,,,,,,,,8
2022-12-25T05:57:38+00:00,6926813,M0KSF-BB,16,C080200C028905084213030011000000,,,,,,,,,5,12,,8,2,32,,,,,,,,,,,
2022-12-25T05:57:38+00:00,6926422,M0KSF,16,C080200C028905084213030011000000,,,,,,,,,5,12,,8,2,32,,,,,,,,,,,
2022-12-25T05:57:38+00:00,6926422,M0KSF,16,C0801F0C028903088BA608003DB1FBFF,,,,,,,,,3,12,8,,2,31,,,,,,,,,,,
2022-12-25T05:57:44+00:00,6926422,M0KSF,16,C0802B0C02800C081700000088F50400,,,,,,,,,12,12,,,2,43,,,,,,,,,,,8
2022-12-25T05:57:57+00:00,6926422,M0KSF,16,C080010C02800C080200000000000000,,,,,,,,,12,12,,,2,1,,,,,,,,,,,8
2022-12-25T07:33:43+00:00,6926816,M0KSF-BB,16,C080010C02800C080200000000000000,,,,,,,,,12,12,,,2,1,,,,,,,,,,,8
2022-12-25T07:33:56+00:00,6926816,M0KSF-BB,16,C080010C02800C080200000000000000,,,,,,,,,12,12,,,2,1,,,,,,,,,,,8
2022-12-25T07:34:10+00:00,6926816,M0KSF-BB,16,C080010C02800C0802000000D0070000,,,,,,,,,12,12,,,2,1,,,,,,,,,,,8
2022-12-25T07:34:25+00:00,6926816,M0KSF-BB,16,C080010C02800C0802000000D0070000,,,,,,,,,12,12,,,2,1,,,,,,,,,,,8
2022-12-25T07:35:04+00:00,6926816,M0KSF-BB,16,C080010C02800C080200000000000000,,,,,,,,,12,12,,,2,1,,,,,,,,,,,8
2022-12-25T07:35:26+00:00,6926816,M0KSF-BB,16,C080010C02800C080200000000000000,,,,,,,,,12,12,,,2,1,,,,,,,,,,,8
2022-12-25T07:35:38+00:00,6926816,M0KSF-BB,16,C0800A0C0289030847AE00005DE40000,,,,,,,,,3,12,8,,2,10,,,,,,,,,,,
2022-12-25T07:35:39+00:00,6926816,M0KSF-BB,16,C0800B0C02890508896BFCFF06000000,,,,,,,,,5,12,,8,2,11,,,,,,,,,,,
2022-12-25T07:35:55+00:00,6926816,M0KSF-BB,16,C080010C02800C080200000000000000,,,,,,,,,12,12,,,2,1,,,,,,,,,,,8
2022-12-25T07:35:55+00:00,6926425,M0KSF,16,C080010C02800C080200000000000000,,,,,,,,,12,12,,,2,1,,,,,,,,,,,8
2022-12-25T07:36:08+00:00,6926816,M0KSF-BB,16,C0800B0C02890508EF64FDFF06000000,,,,,,,,,5,12,,8,2,11,,,,,,,,,,,
2022-12-25T07:36:08+00:00,6926816,M0KSF-BB,16,C0800A0C02890308B5D7FCFFC0D40100,,,,,,,,,3,12,8,,2,10,,,,,,,,,,,
2022-12-25T07:36:08+00:00,6926425,M0KSF,16,C0800B0C02890508EF64FDFF06000000,,,,,,,,,5,12,,8,2,11,,,,,,,,,,,
2022-12-25T07:36:08+00:00,6926425,M0KSF,16,C0800A0C02890308B5D7FCFFC0D40100,,,,,,,,,3,12,8,,2,10,,,,,,,,,,,
2022-12-25T07:36:14+00:00,6926425,M0KSF,16,C080160C02800C080C00000010E50A00,,,,,,,,,12,12,,,2,22,,,,,,,,,,,8
2022-12-25T07:36:30+00:00,6926816,M0KSF-BB,16,C0801F0C02890308D1E00600BD5AFFFF,,,,,,,,,3,12,8,,2,31,,,,,,,,,,,
2022-12-25T07:36:30+00:00,6926425,M0KSF,16,C080200C028905081E66FBFF11000000,,,,,,,,,5,12,,8,2,32,,,,,,,,,,,
2022-12-25T07:36:30+00:00,6926425,M0KSF,16,C0801F0C02890308D1E00600BD5AFFFF,,,,,,,,,3,12,8,,2,31,,,,,,,,,,,
2022-12-25T07:36:36+00:00,6926816,M0KSF-BB,16,C0802B0C02800C081700000088F50400,,,,,,,,,12,12,,,2,43,,,,,,,,,,,8
2022-12-25T07:36:36+00:00,6926425,M0KSF,16,C0802B0C02800C081700000088F50400,,,,,,,,,12,12,,,2,43,,,,,,,,,,,8
2022-12-25T07:36:48+00:00,6926425,M0KSF,16,C080340C02890308C907FDFFC2DA0100,,,,,,,,,3,12,8,,2,52,,,,,,,,,,,
2022-12-25T07:36:49+00:00,6926425,M0KSF,16,C080350C028905080498FDFF1C000000,,,,,,,,,5,12,,8,2,53,,,,,,,,,,,
2022-12-25T07:37:10+00:00,6926816,M0KSF-BB,16,C080400C02800C0822000000B0360000,,,,,,,,,12,12,,,2,64,,,,,,,,,,,8
2022-12-25T07:37:10+00:00,6926425,M0KSF,16,C080400C02800C0822000000B0360000,,,,,,,,,12,12,,,2,64,,,,,,,,,,,8
2022-12-25T07:37:23+00:00,6926816,M0KSF-BB,16,C080490C02890308F9610200398D0000,,,,,,,,,3,12,8,,2,73,,,,,,,,,,,
2022-12-25T07:37:23+00:00,6926816,M0KSF-BB,16,C0804A0C028905086008FCFF26000000,,,,,,,,,5,12,,8,2,74,,,,,,,,,,,
2022-12-25T07:37:23+00:00,6926425,M0KSF,16,C0804A0C028905086008FCFF26000000,,,,,,,,,5,12,,8,2,74,,,,,,,,,,,
2022-12-25T07:37:23+00:00,6926425,M0KSF,16,C080490C02890308F9610200398D0000,,,,,,,,,3,12,8,,2,73,,,,,,,,,,,
2022-12-25T07:37:29+00:00,6926425,M0KSF,16,C080550C02800C082C00000068000B00,,,,,,,,,12,12,,,2,85,,,,,,,,,,,8
2022-12-25T10:54:21+00:00,6929845,MAUSyagi-AK,16,C080010C02800C080200000000000000,,,,,,,,,12,12,,,2,1,,,,,,,,,,,8
2022-12-25T10:55:08+00:00,6929836,MAUSyagi,16,C080010C02800C080200000000000000,,,,,,,,,12,12,,,2,1,,,,,,,,,,,8
2022-12-25T18:01:57+00:00,6931540,GAO UHF,16,C080010C02800C0802000000D0070000,,,,,,,,,12,12,,,2,1,,,,,,,,,,,8
2022-12-25T18:02:09+00:00,6931540,GAO UHF,10,C0800206022C03020000,,,,,,,2,,3,6,,,2,2,,,,,,,,,,,
2022-12-25T18:02:12+00:00,6931540,GAO UHF,16,C080010C02800C080200000000000000,,,,,,,,,12,12,,,2,1,,,,,,,,,,,8
2022-12-25T18:02:38+00:00,6931540,GAO UHF,10,C0800206022C03020000,,,,,,,2,,3,6,,,2,2,,,,,,,,,,,
2022-12-25T18:02:41+00:00,6931540,GAO UHF,16,C080010C02800C080200000000000000,,,,,,,,,12,12,,,2,1,,,,,,,,,,,8
2022-12-25T18:03:10+00:00,6931540,GAO UHF,16,C080010C02800C0802000000D0070000,,,,,,,,,12,12,,,2,1,,,,,,,,,,,8
2022-12-26T03:36:42+00:00,6929753,SP7THR-UHF,16,C080010C02800C080200000000000000,,,,,,,,,12,12,,,2,1,,,,,,,,,,,8
2022-12-26T03:36:57+00:00,6929753,SP7THR-UHF,16,C080010C02800C0802000000D0070000,,,,,,,,,12,12,,,2,1,,,,,,,,,,,8
2022-12-26T03:37:41+00:00,6929753,SP7THR-UHF,16,C080010C02800C080200000000000000,,,,,,,,,12,12,,,2,1,,,,,,,,,,,8
2022-12-26T03:37:56+00:00,6929753,SP7THR-UHF,16,C080010C02800C080200000000000000,,,,,,,,,12,12,,,2,1,,,,,,,,,,,8
2022-12-26T03:38:11+00:00,6929753,SP7THR-UHF,16,C080010C02800C080200000000000000,,,,,,,,,12,12,,,2,1,,,,,,,,,,,8
2022-12-26T03:38:25+00:00,6929753,SP7THR-UHF,16,C080010C02800C080200000000000000,,,,,,,,,12,12,,,2,1,,,,,,,,,,,8
2022-12-26T03:38:40+00:00,6931018,M0KSF,16,C080010C02800C080200000000000000,,,,,,,,,12,12,,,2,1,,,,,,,,,,,8
2022-12-26T03:38:40+00:00,6929753,SP7THR-UHF,16,C080010C02800C080200000000000000,,,,,,,,,12,12,,,2,1,,,,,,,,,,,8
2022-12-26T03:38:54+00:00,6929753,SP7THR-UHF,16,C080010C02800C080200000000000000,,,,,,,,,12,12,,,2,1,,,,,,,,,,,8
2022-12-26T03:39:14+00:00,6931018,M0KSF,16,C080010C02800C0802000000D0070000,,,,,,,,,12,12,,,2,1,,,,,,,,,,,8
2022-12-26T03:39:14+00:00,6929753,SP7THR-UHF,16,C080010C02800C0802000000D0070000,,,,,,,,,12,12,,,2,1,,,,,,,,,,,8
2022-12-26T03:39:27+00:00,6931018,M0KSF,16,C0800A0C02890308DD8D04006D97FEFF,,,,,,,,,3,12,8,,2,10,,,,,,,,,,,
2022-12-26T03:39:27+00:00,6929753,SP7THR-UHF,16,C0800B0C02890508BD3F040006000000,,,,,,,,,5,12,,8,2,11,,,,,,,,,,,
2022-12-26T03:39:43+00:00,6933400,SA2KNG Omni UHF/VHF,13,C080270902669F0500005B0059,,,,,,,,,159,9,,,2,39,,,,,,,5,,,,
2022-12-26T03:39:48+00:00,6933400,SA2KNG Omni UHF/VHF,10,C0802D06022C08020000,,,,,,,,2,8,6,,,2,45,,,,,,,,,,,
2022-12-26T03:39:48+00:00,6931018,M0KSF,16,C0801F0C028903083D5A0A0040BAFBFF,,,,,,,,,3,12,8,,2,31,,,,,,,,,,,
2022-12-26T03:39:49+00:00,6933400,SA2KNG Omni UHF/VHF,10,C0802E06022D0D020000,,2,,,,,,,13,6,,,2,46,,,,,,,,,,,
2022-12-26T03:39:49+00:00,6931018,M0KSF,16,C080200C02890508E125020011000000,,,,,,,,,5,12,,8,2,32,,,,,,,,,,,
2022-12-26T03:39:54+00:00,6931018,M0KSF,16,C0802B0C02800C081700000088F50400,,,,,,,,,12,12,,,2,43,,,,,,,,,,,8
2022-12-26T03:40:07+00:00,6931018,M0KSF,16,C080340C028903088ADFFEFFF067FDFF,,,,,,,,,3,12,8,,2,52,,,,,,,,,,,
2022-12-26T03:40:07+00:00,6931018,M0KSF,16,C080350C02890508F3C304001C000000,,,,,,,,,5,12,,8,2,53,,,,,,,,,,,
2022-12-26T03:40:07+00:00,6929753,SP7THR-UHF,16,C080350C02890508F3C304001C000000,,,,,,,,,5,12,,8,2,53,,,,,,,,,,,
2022-12-26T03:40:22+00:00,6933400,SA2KNG Omni UHF/VHF,10,C0804206022C08020000,,,,,,,,2,8,6,,,2,66,,,,,,,,,,,
2022-12-26T03:40:24+00:00,6933400,SA2KNG Omni UHF/VHF,10,C0804306022D0D020000,,2,,,,,,,13,6,,,2,67,,,,,,,,,,,
2022-12-26T03:40:25+00:00,6933400,SA2KNG Omni UHF/VHF,10,C0804406022D07020000,,,,,,2,,,7,6,,,2,68,,,,,,,,,,,
2022-12-26T03:40:28+00:00,6933400,SA2KNG Omni UHF/VHF,10,C0804606022D04020000,,,,,2,,,,4,6,,,2,70,,,,,,,,,,,
2022-12-26T03:40:29+00:00,6931018,M0KSF,16,C080400C02800C0822000000E8030000,,,,,,,,,12,12,,,2,64,,,,,,,,,,,8
2022-12-26T03:40:31+00:00,6933400,SA2KNG Omni UHF/VHF,10,C0804806022D1F020000,,,,2,,,,,31,6,,,2,72,,,,,,,,,,,
2022-12-26T03:40:32+00:00,6933400,SA2KNG Omni UHF/VHF,16,C0804A0C02890508ED43020026000000,,,,,,,,,5,12,,8,2,74,,,,,,,,,,,
2022-12-26T03:40:32+00:00,6933400,SA2KNG Omni UHF/VHF,16,C080490C02890308626103000830FBFF,,,,,,,,,3,12,8,,2,73,,,,,,,,,,,
2022-12-26T03:40:33+00:00,6933400,SA2KNG Omni UHF/VHF,13,C0804B090266810500005A005C,,,,,,,,,129,9,,,2,75,5,,,,,,,,,,
2022-12-26T03:40:34+00:00,6933400,SA2KNG Omni UHF/VHF,13,C0804D0902668B0500005B005C,,,,,,,,,139,9,,,2,77,,,5,,,,,,,,
2022-12-26T03:40:34+00:00,6933400,SA2KNG Omni UHF/VHF,13,C0804C09026686050003AA0251,,,,,,,,,134,9,,,2,76,,5,,,,,,,,,
2022-12-26T03:40:35+00:00,6933400,SA2KNG Omni UHF/VHF,13,C080500902669A05000059005C,,,,,,,,,154,9,,,2,80,,,,,,5,,,,,
2022-12-26T03:40:35+00:00,6933400,SA2KNG Omni UHF/VHF,13,C0804F090266950500005B005A,,,,,,,,,149,9,,,2,79,,,,,5,,,,,,
2022-12-26T03:40:35+00:00,6933400,SA2KNG Omni UHF/VHF,13,C0804E090266900500005B005A,,,,,,,,,144,9,,,2,78,,,,5,,,,,,,
2022-12-26T03:40:36+00:00,6933400,SA2KNG Omni UHF/VHF,13,C080510902669F0500005C005A,,,,,,,,,159,9,,,2,81,,,,,,,5,,,,
2022-12-26T03:40:37+00:00,6933400,SA2KNG Omni UHF/VHF,13,C08053090266A9050000000000,,,,,,,,,169,9,,,2,83,,,,,,,,,5,,
2022-12-26T03:40:37+00:00,6933400,SA2KNG Omni UHF/VHF,13,C08052090266A405000059005B,,,,,,,,,164,9,,,2,82,,,,,,,,5,,,
2022-12-26T03:40:38+00:00,6933400,SA2KNG Omni UHF/VHF,16,C080550C02800C082C00000040DD0A00,,,,,,,,,12,12,,,2,85,,,,,,,,,,,8
2022-12-26T03:40:38+00:00,6933400,SA2KNG Omni UHF/VHF,13,C08054090266AC050000000000,,,,,,,,,172,9,,,2,84,,,,,,,,,,5,
2022-12-26T03:40:40+00:00,6933400,SA2KNG Omni UHF/VHF,10,C0805606022C03020000,,,,,,,2,,3,6,,,2,86,,,,,,,,,,,
2022-12-26T03:40:41+00:00,6933400,SA2KNG Omni UHF/VHF,10,C0805706022C08020000,,,,,,,,2,8,6,,,2,87,,,,,,,,,,,
2022-12-26T03:40:42+00:00,6933400,SA2KNG Omni UHF/VHF,16,C0804A0C02890508ED43020026000000,,,,,,,,,5,12,,8,2,74,,,,,,,,,,,
2022-12-26T03:40:42+00:00,6933400,SA2KNG Omni UHF/VHF,16,C080490C02890308626103000830FBFF,,,,,,,,,3,12,8,,2,73,,,,,,,,,,,
2022-12-26T03:40:42+00:00,6931018,M0KSF,16,C0804A0C02890508ED43020026000000,,,,,,,,,5,12,,8,2,74,,,,,,,,,,,
2022-12-26T03:40:42+00:00,6931018,M0KSF,16,C080490C02890308626103000830FBFF,,,,,,,,,3,12,8,,2,73,,,,,,,,,,,
2022-12-26T03:40:43+00:00,6933400,SA2KNG Omni UHF/VHF,10,C0805806022D0D020000,,2,,,,,,,13,6,,,2,88,,,,,,,,,,,
2022-12-26T03:40:45+00:00,6933400,SA2KNG Omni UHF/VHF,10,C0805906022D07020000,,,,,,2,,,7,6,,,2,89,,,,,,,,,,,
2022-12-26T03:40:48+00:00,6933400,SA2KNG Omni UHF/VHF,16,C080550C02800C082C00000040DD0A00,,,,,,,,,12,12,,,2,85,,,,,,,,,,,8
2022-12-26T03:40:48+00:00,6931018,M0KSF,16,C080550C02800C082C00000040DD0A00,,,,,,,,,12,12,,,2,85,,,,,,,,,,,8
2022-12-26T03:40:49+00:00,6933400,SA2KNG Omni UHF/VHF,10,C0805A06022D01020000,,,2,,,,,,1,6,,,2,90,,,,,,,,,,,
2022-12-26T03:40:50+00:00,6933400,SA2KNG Omni UHF/VHF,10,C0805B06022D04020000,,,,,2,,,,4,6,,,2,91,,,,,,,,,,,
2022-12-26T03:43:19+00:00,6933404,SA2KNG Experimental,10,C0805C06022D0A020000,2,,,,,,,,10,6,,,2,92,,,,,,,,,,,
2022-12-26T03:43:20+00:00,6933400,SA2KNG Omni UHF/VHF,10,C0805C06022D0A020000,2,,,,,,,,10,6,,,2,92,,,,,,,,,,,
2022-12-26T03:43:21+00:00,6933400,SA2KNG Omni UHF/VHF,16,C0805E0C02890308E20A070020BF0200,,,,,,,,,3,12,8,,2,94,,,,,,,,,,,
2022-12-26T03:43:21+00:00,6933400,SA2KNG Omni UHF/VHF,10,C0805D06022D1F020000,,,,2,,,,,31,6,,,2,93,,,,,,,,,,,
2022-12-26T03:43:22+00:00,6933404,SA2KNG Experimental,13,C08060090266810500005A005C,,,,,,,,,129,9,,,2,96,5,,,,,,,,,,
2022-12-26T03:43:22+00:00,6933400,SA2KNG Omni UHF/VHF,16,C0805F0C02890508ED5EFDFF8C000000,,,,,,,,,5,12,,8,2,95,,,,,,,,,,,
2022-12-26T03:43:23+00:00,6933404,SA2KNG Experimental,13,C0806109026686050003AF0253,,,,,,,,,134,9,,,2,97,,5,,,,,,,,,
2022-12-26T03:43:23+00:00,6933400,SA2KNG Omni UHF/VHF,13,C0806109026686050003AF0253,,,,,,,,,134,9,,,2,97,,5,,,,,,,,,
2022-12-26T03:43:23+00:00,6933400,SA2KNG Omni UHF/VHF,13,C08060090266810500005A005C,,,,,,,,,129,9,,,2,96,5,,,,,,,,,,
2022-12-26T03:43:24+00:00,6933400,SA2KNG Omni UHF/VHF,13,C080620902668B0500005B005D,,,,,,,,,139,9,,,2,98,,,5,,,,,,,,
2022-12-26T03:43:28+00:00,6933414,SA2KNG S-Band,10,C0805C06022D0A020000,2,,,,,,,,10,6,,,2,92,,,,,,,,,,,
2022-12-26T03:43:29+00:00,6933414,SA2KNG S-Band,10,C0805D06022D1F020000,,,,2,,,,,31,6,,,2,93,,,,,,,,,,,
2022-12-26T03:43:30+00:00,6933414,SA2KNG S-Band,16,C0805F0C02890508ED5EFDFF8C000000,,,,,,,,,5,12,,8,2,95,,,,,,,,,,,
2022-12-26T03:43:30+00:00,6933414,SA2KNG S-Band,16,C0805E0C02890308E20A070020BF0200,,,,,,,,,3,12,8,,2,94,,,,,,,,,,,
2022-12-26T03:43:31+00:00,6933404,SA2KNG Experimental,16,C0805E0C02890308E20A070020BF0200,,,,,,,,,3,12,8,,2,94,,,,,,,,,,,
2022-12-26T03:43:31+00:00,6933414,SA2KNG S-Band,16,C0805E0C02890308E20A070020BF0200,,,,,,,,,3,12,8,,2,94,,,,,,,,,,,
2022-12-26T03:43:31+00:00,6933414,SA2KNG S-Band,13,C0806109026686050003AF0253,,,,,,,,,134,9,,,2,97,,5,,,,,,,,,
2022-12-26T03:43:31+00:00,6933414,SA2KNG S-Band,13,C08060090266810500005A005C,,,,,,,,,129,9,,,2,96,5,,,,,,,,,,
2022-12-26T03:43:31+00:00,6933400,SA2KNG Omni UHF/VHF,16,C0805E0C02890308E20A070020BF0200,,,,,,,,,3,12,8,,2,94,,,,,,,,,,,
2022-12-26T03:43:32+00:00,6933414,SA2KNG S-Band,16,C0805F0C02890508ED5EFDFF8C000000,,,,,,,,,5,12,,8,2,95,,,,,,,,,,,
2022-12-26T03:43:32+00:00,6933414,SA2KNG S-Band,13,C080620902668B0500005B005D,,,,,,,,,139,9,,,2,98,,,5,,,,,,,,
2022-12-26T03:43:32+00:00,6933400,SA2KNG Omni UHF/VHF,16,C0805F0C02890508ED5EFDFF8C000000,,,,,,,,,5,12,,8,2,95,,,,,,,,,,,
2022-12-26T03:43:37+00:00,6933400,SA2KNG Omni UHF/VHF,16,C080010C02800C080200000000000000,,,,,,,,,12,12,,,2,1,,,,,,,,,,,8
2022-12-26T03:43:38+00:00,6933400,SA2KNG Omni UHF/VHF,10,C0800206022C03020000,,,,,,,2,,3,6,,,2,2,,,,,,,,,,,
2022-12-26T03:43:45+00:00,6933414,SA2KNG S-Band,16,C080010C02800C080200000000000000,,,,,,,,,12,12,,,2,1,,,,,,,,,,,8
2022-12-26T03:43:46+00:00,6933414,SA2KNG S-Band,16,C080010C02800C080200000000000000,,,,,,,,,12,12,,,2,1,,,,,,,,,,,8
2022-12-26T03:43:46+00:00,6933414,SA2KNG S-Band,10,C0800206022C03020000,,,,,,,2,,3,6,,,2,2,,,,,,,,,,,
2022-12-26T03:43:46+00:00,6933400,SA2KNG Omni UHF/VHF,16,C080010C02800C080200000000000000,,,,,,,,,12,12,,,2,1,,,,,,,,,,,8
2022-12-26T05:17:19+00:00,6931020,M0KSF,16,C080010C02800C080200000000000000,,,,,,,,,12,12,,,2,1,,,,,,,,,,,8
2022-12-26T05:17:32+00:00,6931020,M0KSF,16,C080010C02800C0802000000D0070000,,,,,,,,,12,12,,,2,1,,,,,,,,,,,8
2022-12-26T05:17:45+00:00,6933550,PE0SAT-11,16,C080010C02800C080200000000000000,,,,,,,,,12,12,,,2,1,,,,,,,,,,,8
2022-12-26T05:17:45+00:00,6931020,M0KSF,16,C080010C02800C080200000000000000,,,,,,,,,12,12,,,2,1,,,,,,,,,,,8
2022-12-26T05:17:51+00:00,6933549,Drachten,10,C0800206022C03020000,,,,,,,2,,3,6,,,2,2,,,,,,,,,,,
2022-12-26T05:17:53+00:00,6933550,PE0SAT-11,16,C080010C02800C0802000000D0070000,,,,,,,,,12,12,,,2,1,,,,,,,,,,,8
2022-12-26T05:17:55+00:00,6933550,PE0SAT-11,10,C0800206022C03020000,,,,,,,2,,3,6,,,2,2,,,,,,,,,,,
2022-12-26T05:17:57+00:00,6933550,PE0SAT-11,16,C080010C02800C0802000000D0070000,,,,,,,,,12,12,,,2,1,,,,,,,,,,,8
2022-12-26T05:17:57+00:00,6931408,M0KSF-BB,16,C080010C02800C0802000000D0070000,,,,,,,,,12,12,,,2,1,,,,,,,,,,,8
2022-12-26T05:17:57+00:00,6931020,M0KSF,16,C080010C02800C0802000000D0070000,,,,,,,,,12,12,,,2,1,,,,,,,,,,,8
2022-12-26T05:18:04+00:00,6933549,Drachten,16,C080010C02800C080200000000000000,,,,,,,,,12,12,,,2,1,,,,,,,,,,,8
2022-12-26T05:18:05+00:00,6933549,Drachten,10,C0800206022C03020000,,,,,,,2,,3,6,,,2,2,,,,,,,,,,,
2022-12-26T05:18:08+00:00,6933550,PE0SAT-11,16,C080010C02800C080200000000000000,,,,,,,,,12,12,,,2,1,,,,,,,,,,,8
2022-12-26T05:18:09+00:00,6933550,PE0SAT-11,10,C0800206022C03020000,,,,,,,2,,3,6,,,2,2,,,,,,,,,,,
2022-12-26T05:18:12+00:00,6933550,PE0SAT-11,16,C080010C02800C080200000000000000,,,,,,,,,12,12,,,2,1,,,,,,,,,,,8
2022-12-26T05:18:12+00:00,6933549,Drachten,16,C080010C02800C080200000000000000,,,,,,,,,12,12,,,2,1,,,,,,,,,,,8
2022-12-26T05:18:12+00:00,6931408,M0KSF-BB,16,C080010C02800C080200000000000000,,,,,,,,,12,12,,,2,1,,,,,,,,,,,8
2022-12-26T05:18:12+00:00,6931020,M0KSF,16,C080010C02800C080200000000000000,,,,,,,,,12,12,,,2,1,,,,,,,,,,,8
2022-12-26T05:18:18+00:00,6933549,Drachten,16,C080010C02800C080200000000000000,,,,,,,,,12,12,,,2,1,,,,,,,,,,,8
2022-12-26T05:18:20+00:00,6933549,Drachten,10,C0800206022C03020000,,,,,,,2,,3,6,,,2,2,,,,,,,,,,,
2022-12-26T05:18:22+00:00,6933550,PE0SAT-11,16,C080010C02800C080200000000000000,,,,,,,,,12,12,,,2,1,,,,,,,,,,,8
2022-12-26T05:18:24+00:00,6933550,PE0SAT-11,10,C0800206022C03020000,,,,,,,2,,3,6,,,2,2,,,,,,,,,,,
2022-12-26T05:18:27+00:00,6933550,PE0SAT-11,16,C080010C02800C080200000000000000,,,,,,,,,12,12,,,2,1,,,,,,,,,,,8
2022-12-26T05:18:27+00:00,6933549,Drachten,16,C080010C02800C080200000000000000,,,,,,,,,12,12,,,2,1,,,,,,,,,,,8
2022-12-26T05:18:27+00:00,6931408,M0KSF-BB,16,C080010C02800C080200000000000000,,,,,,,,,12,12,,,2,1,,,,,,,,,,,8
2022-12-26T05:18:27+00:00,6931020,M0KSF,16,C080010C02800C080200000000000000,,,,,,,,,12,12,,,2,1,,,,,,,,,,,8
2022-12-26T05:18:30+00:00,6933591,PF_DE_UHF_X_DIPOLE,10,C0800406022D0D020000,,2,,,,,,,13,6,,,2,4,,,,,,,,,,,
2022-12-26T05:18:37+00:00,6933550,PE0SAT-11,16,C080010C02800C080200000000000000,,,,,,,,,12,12,,,2,1,,,,,,,,,,,8
2022-12-26T05:18:38+00:00,6933550,PE0SAT-11,10,C0800206022C03020000,,,,,,,2,,3,6,,,2,2,,,,,,,,,,,
2022-12-26T05:18:40+00:00,6933550,PE0SAT-11,10,C0800306022C08020000,,,,,,,,2,8,6,,,2,3,,,,,,,,,,,
2022-12-26T05:18:41+00:00,6933550,PE0SAT-11,16,C080010C02800C080200000000000000,,,,,,,,,12,12,,,2,1,,,,,,,,,,,8
2022-12-26T05:18:41+00:00,6931408,M0KSF-BB,16,C080010C02800C080200000000000000,,,,,,,,,12,12,,,2,1,,,,,,,,,,,8
2022-12-26T05:18:41+00:00,6931020,M0KSF,16,C080010C02800C080200000000000000,,,,,,,,,12,12,,,2,1,,,,,,,,,,,8
2022-12-26T05:18:42+00:00,6933550,PE0SAT-11,10,C0800406022D0D020000,,2,,,,,,,13,6,,,2,4,,,,,,,,,,,
2022-12-26T05:18:44+00:00,6933591,PF_DE_UHF_X_DIPOLE,10,C0800206022C03020000,,,,,,,2,,3,6,,,2,2,,,,,,,,,,,
2022-12-26T05:18:54+00:00,6933550,PE0SAT-11,16,C080010C02800C080200000000000000,,,,,,,,,12,12,,,2,1,,,,,,,,,,,8
2022-12-26T05:18:56+00:00,6933550,PE0SAT-11,10,C0800206022C03020000,,,,,,,2,,3,6,,,2,2,,,,,,,,,,,
2022-12-26T05:18:57+00:00,6933561,PE0SAT-21,16,C080010C02800C080200000000000000,,,,,,,,,12,12,,,2,1,,,,,,,,,,,8
2022-12-26T05:18:58+00:00,6933550,PE0SAT-11,16,C080010C02800C080200000000000000,,,,,,,,,12,12,,,2,1,,,,,,,,,,,8
2022-12-26T05:18:58+00:00,6933561,PE0SAT-21,16,C080010C02800C080200000000000000,,,,,,,,,12,12,,,2,1,,,,,,,,,,,8
2022-12-26T05:18:58+00:00,6931408,M0KSF-BB,16,C080010C02800C080200000000000000,,,,,,,,,12,12,,,2,1,,,,,,,,,,,8
2022-12-26T05:18:58+00:00,6931020,M0KSF,16,C080010C02800C080200000000000000,,,,,,,,,12,12,,,2,1,,,,,,,,,,,8
2022-12-26T05:18:59+00:00,6933561,PE0SAT-21,10,C0800206022C03020000,,,,,,,2,,3,6,,,2,2,,,,,,,,,,,
2022-12-26T05:18:59+00:00,6933591,PF_DE_UHF_X_DIPOLE,10,C0800206022C03020000,,,,,,,2,,3,6,,,2,2,,,,,,,,,,,
2022-12-26T05:19:09+00:00,6933550,PE0SAT-11,16,C080010C02800C080200000000000000,,,,,,,,,12,12,,,2,1,,,,,,,,,,,8
2022-12-26T05:19:10+00:00,6933550,PE0SAT-11,10,C0800206022C03020000,,,,,,,2,,3,6,,,2,2,,,,,,,,,,,
2022-12-26T05:19:12+00:00,6933591,PF_DE_UHF_X_DIPOLE,16,C080010C02800C080200000000000000,,,,,,,,,12,12,,,2,1,,,,,,,,,,,8
2022-12-26T05:19:13+00:00,6933550,PE0SAT-11,16,C080010C02800C080200000000000000,,,,,,,,,12,12,,,2,1,,,,,,,,,,,8
2022-12-26T05:19:13+00:00,6931408,M0KSF-BB,16,C080010C02800C080200000000000000,,,,,,,,,12,12,,,2,1,,,,,,,,,,,8
2022-12-26T05:19:13+00:00,6931020,M0KSF,16,C080010C02800C080200000000000000,,,,,,,,,12,12,,,2,1,,,,,,,,,,,8
2022-12-26T05:19:23+00:00,6933550,PE0SAT-11,16,C080010C02800C080200000000000000,,,,,,,,,12,12,,,2,1,,,,,,,,,,,8
2022-12-26T05:19:25+00:00,6933550,PE0SAT-11,10,C0800206022C03020000,,,,,,,2,,3,6,,,2,2,,,,,,,,,,,
2022-12-26T05:19:28+00:00,6933550,PE0SAT-11,16,C080010C02800C080200000000000000,,,,,,,,,12,12,,,2,1,,,,,,,,,,,8
2022-12-26T05:19:28+00:00,6931408,M0KSF-BB,16,C080010C02800C080200000000000000,,,,,,,,,12,12,,,2,1,,,,,,,,,,,8
2022-12-26T05:19:28+00:00,6931020,M0KSF,16,C080010C02800C080200000000000000,,,,,,,,,12,12,,,2,1,,,,,,,,,,,8
2022-12-26T05:19:38+00:00,6933550,PE0SAT-11,16,C080010C02800C080200000000000000,,,,,,,,,12,12,,,2,1,,,,,,,,,,,8
2022-12-26T05:19:40+00:00,6933550,PE0SAT-11,10,C0800206022C03020000,,,,,,,2,,3,6,,,2,2,,,,,,,,,,,
2022-12-26T05:19:42+00:00,6933550,PE0SAT-11,16,C080010C02800C080200000000000000,,,,,,,,,12,12,,,2,1,,,,,,,,,,,8
2022-12-26T05:19:42+00:00,6931408,M0KSF-BB,16,C080010C02800C080200000000000000,,,,,,,,,12,12,,,2,1,,,,,,,,,,,8
2022-12-26T05:19:42+00:00,6931020,M0KSF,16,C080010C02800C080200000000000000,,,,,,,,,12,12,,,2,1,,,,,,,,,,,8
2022-12-26T05:19:43+00:00,6933561,PE0SAT-21,10,C0800206022C03020000,,,,,,,2,,3,6,,,2,2,,,,,,,,,,,
2022-12-26T05:19:53+00:00,6933550,PE0SAT-11,16,C080010C02800C080200000000000000,,,,,,,,,12,12,,,2,1,,,,,,,,,,,8
2022-12-26T05:19:54+00:00,6933550,PE0SAT-11,10,C0800206022C03020000,,,,,,,2,,3,6,,,2,2,,,,,,,,,,,
2022-12-26T05:19:57+00:00,6933550,PE0SAT-11,16,C080010C02800C080200000000000000,,,,,,,,,12,12,,,2,1,,,,,,,,,,,8
2022-12-26T05:19:57+00:00,6931408,M0KSF-BB,16,C080010C02800C080200000000000000,,,,,,,,,12,12,,,2,1,,,,,,,,,,,8
2022-12-26T05:19:57+00:00,6931020,M0KSF,16,C080010C02800C080200000000000000,,,,,,,,,12,12,,,2,1,,,,,,,,,,,8
2022-12-26T05:19:58+00:00,6933591,PF_DE_UHF_X_DIPOLE,10,C0800206022C03020000,,,,,,,2,,3,6,,,2,2,,,,,,,,,,,
2022-12-26T05:20:08+00:00,6933550,PE0SAT-11,16,C080010C02800C0802000000D0070000,,,,,,,,,12,12,,,2,1,,,,,,,,,,,8
2022-12-26T05:20:09+00:00,6933550,PE0SAT-11,10,C0800206022C03020000,,,,,,,2,,3,6,,,2,2,,,,,,,,,,,
2022-12-26T05:20:12+00:00,6933550,PE0SAT-11,16,C080010C02800C0802000000D0070000,,,,,,,,,12,12,,,2,1,,,,,,,,,,,8
2022-12-26T05:20:12+00:00,6931408,M0KSF-BB,16,C080010C02800C0802000000D0070000,,,,,,,,,12,12,,,2,1,,,,,,,,,,,8
2022-12-26T05:20:22+00:00,6933550,PE0SAT-11,16,C080010C02800C0802000000D0070000,,,,,,,,,12,12,,,2,1,,,,,,,,,,,8
2022-12-26T05:20:27+00:00,6933550,PE0SAT-11,16,C080010C02800C0802000000D0070000,,,,,,,,,12,12,,,2,1,,,,,,,,,,,8
2022-12-26T05:20:27+00:00,6931408,M0KSF-BB,16,C080010C02800C0802000000D0070000,,,,,,,,,12,12,,,2,1,,,,,,,,,,,8
2022-12-26T05:20:27+00:00,6931020,M0KSF,16,C080010C02800C0802000000D0070000,,,,,,,,,12,12,,,2,1,,,,,,,,,,,8
2022-12-26T05:20:36+00:00,6933550,PE0SAT-11,16,C080010C02800C080200000000000000,,,,,,,,,12,12,,,2,1,,,,,,,,,,,8
2022-12-26T05:20:40+00:00,6933550,PE0SAT-11,16,C080010C02800C080200000000000000,,,,,,,,,12,12,,,2,1,,,,,,,,,,,8
2022-12-26T05:20:49+00:00,6933550,PE0SAT-11,16,C080010C02800C080200000000000000,,,,,,,,,12,12,,,2,1,,,,,,,,,,,8
2022-12-26T05:20:53+00:00,6933550,PE0SAT-11,16,C080010C02800C080200000000000000,,,,,,,,,12,12,,,2,1,,,,,,,,,,,8
2022-12-26T05:20:53+00:00,6931020,M0KSF,16,C080010C02800C080200000000000000,,,,,,,,,12,12,,,2,1,,,,,,,,,,,8
2022-12-26T05:20:58+00:00,6933549,Drachten,16,C080010C02800C080200000000000000,,,,,,,,,12,12,,,2,1,,,,,,,,,,,8
2022-12-26T05:21:02+00:00,6933550,PE0SAT-11,16,C080010C02800C080200000000000000,,,,,,,,,12,12,,,2,1,,,,,,,,,,,8
2022-12-26T05:21:06+00:00,6933550,PE0SAT-11,16,C080010C02800C080200000000000000,,,,,,,,,12,12,,,2,1,,,,,,,,,,,8
2022-12-26T05:21:06+00:00,6933549,Drachten,16,C080010C02800C080200000000000000,,,,,,,,,12,12,,,2,1,,,,,,,,,,,8
2022-12-26T05:21:06+00:00,6931408,M0KSF-BB,16,C080010C02800C080200000000000000,,,,,,,,,12,12,,,2,1,,,,,,,,,,,8
2022-12-26T05:21:06+00:00,6931020,M0KSF,16,C080010C02800C080200000000000000,,,,,,,,,12,12,,,2,1,,,,,,,,,,,8
2022-12-26T05:21:15+00:00,6933550,PE0SAT-11,16,C080010C02800C080200000000000000,,,,,,,,,12,12,,,2,1,,,,,,,,,,,8
2022-12-26T05:21:19+00:00,6933550,PE0SAT-11,16,C080010C02800C080200000000000000,,,,,,,,,12,12,,,2,1,,,,,,,,,,,8
2022-12-26T05:21:19+00:00,6931020,M0KSF,16,C080010C02800C080200000000000000,,,,,,,,,12,12,,,2,1,,,,,,,,,,,8
2022-12-26T05:21:28+00:00,6933550,PE0SAT-11,16,C080010C02800C0802000000D0070000,,,,,,,,,12,12,,,2,1,,,,,,,,,,,8
2022-12-26T05:21:37+00:00,6933549,Drachten,16,C080010C02800C080200000000000000,,,,,,,,,12,12,,,2,1,,,,,,,,,,,8
2022-12-26T05:21:45+00:00,6931408,M0KSF-BB,16,C080010C02800C080200000000000000,,,,,,,,,12,12,,,2,1,,,,,,,,,,,8
2022-12-26T05:21:45+00:00,6931020,M0KSF,16,C080010C02800C080200000000000000,,,,,,,,,12,12,,,2,1,,,,,,,,,,,8
2022-12-26T05:21:58+00:00,6931408,M0KSF-BB,16,C080010C02800C080200000000000000,,,,,,,,,12,12,,,2,1,,,,,,,,,,,8
2022-12-26T05:21:58+00:00,6931020,M0KSF,16,C080010C02800C080200000000000000,,,,,,,,,12,12,,,2,1,,,,,,,,,,,8
2022-12-26T05:22:12+00:00,6931408,M0KSF-BB,16,C080010C02800C080200000000000000,,,,,,,,,12,12,,,2,1,,,,,,,,,,,8
2022-12-26T05:22:12+00:00,6931020,M0KSF,16,C080010C02800C080200000000000000,,,,,,,,,12,12,,,2,1,,,,,,,,,,,8
2022-12-26T05:22:26+00:00,6931408,M0KSF-BB,16,C080010C02800C080200000000000000,,,,,,,,,12,12,,,2,1,,,,,,,,,,,8
2022-12-26T05:22:27+00:00,6931020,M0KSF,16,C080010C02800C080200000000000000,,,,,,,,,12,12,,,2,1,,,,,,,,,,,8
2022-12-26T05:22:41+00:00,6931408,M0KSF-BB,16,C080010C02800C080200000000000000,,,,,,,,,12,12,,,2,1,,,,,,,,,,,8
2022-12-26T05:22:41+00:00,6931020,M0KSF,16,C080010C02800C080200000000000000,,,,,,,,,12,12,,,2,1,,,,,,,,,,,8
2022-12-26T05:22:56+00:00,6931408,M0KSF-BB,16,C080010C02800C080200000000000000,,,,,,,,,12,12,,,2,1,,,,,,,,,,,8
2022-12-26T05:22:56+00:00,6931020,M0KSF,16,C080010C02800C080200000000000000,,,,,,,,,12,12,,,2,1,,,,,,,,,,,8
2022-12-26T05:23:13+00:00,6931408,M0KSF-BB,16,C080010C02800C080200000000000000,,,,,,,,,12,12,,,2,1,,,,,,,,,,,8
2022-12-26T05:23:13+00:00,6931020,M0KSF,16,C080010C02800C080200000000000000,,,,,,,,,12,12,,,2,1,,,,,,,,,,,8
2022-12-26T05:23:43+00:00,6933549,Drachten,13,C08015090266AC050000000000,,,,,,,,,172,9,,,2,21,,,,,,,,,,5,
2022-12-26T06:55:37+00:00,6931410,M0KSF-BB,16,C080010C02800C080200000000000000,,,,,,,,,12,12,,,2,1,,,,,,,,,,,8
2022-12-26T06:56:09+00:00,6931022,M0KSF,16,C080010C02800C080200000000000000,,,,,,,,,12,12,,,2,1,,,,,,,,,,,8
2022-12-26T06:56:23+00:00,6931410,M0KSF-BB,16,C080010C02800C080200000000000000,,,,,,,,,12,12,,,2,1,,,,,,,,,,,8
2022-12-26T06:56:23+00:00,6931022,M0KSF,16,C080010C02800C080200000000000000,,,,,,,,,12,12,,,2,1,,,,,,,,,,,8
2022-12-26T06:56:38+00:00,6931022,M0KSF,16,C080010C02800C080200000000000000,,,,,,,,,12,12,,,2,1,,,,,,,,,,,8
2022-12-26T06:56:52+00:00,6931022,M0KSF,16,C080010C02800C0802000000D0070000,,,,,,,,,12,12,,,2,1,,,,,,,,,,,8
2022-12-26T06:57:07+00:00,6931410,M0KSF-BB,16,C080010C02800C080200000000000000,,,,,,,,,12,12,,,2,1,,,,,,,,,,,8
2022-12-26T06:57:07+00:00,6931022,M0KSF,16,C080010C02800C080200000000000000,,,,,,,,,12,12,,,2,1,,,,,,,,,,,8
2022-12-26T06:57:22+00:00,6931410,M0KSF-BB,16,C080010C02800C080200000000000000,,,,,,,,,12,12,,,2,1,,,,,,,,,,,8
2022-12-26T06:57:22+00:00,6931022,M0KSF,16,C080010C02800C080200000000000000,,,,,,,,,12,12,,,2,1,,,,,,,,,,,8
2022-12-26T06:57:36+00:00,6931022,M0KSF,16,C080010C02800C080200000000000000,,,,,,,,,12,12,,,2,1,,,,,,,,,,,8
2022-12-26T06:57:51+00:00,6931410,M0KSF-BB,16,C080010C02800C080200000000000000,,,,,,,,,12,12,,,2,1,,,,,,,,,,,8
2022-12-26T06:57:51+00:00,6931022,M0KSF,16,C080010C02800C080200000000000000,,,,,,,,,12,12,,,2,1,,,,,,,,,,,8
2022-12-26T06:58:06+00:00,6931022,M0KSF,16,C080010C02800C080200000000000000,,,,,,,,,12,12,,,2,1,,,,,,,,,,,8
2022-12-26T06:58:20+00:00,6931022,M0KSF,16,C080010C02800C080200000000000000,,,,,,,,,12,12,,,2,1,,,,,,,,,,,8
2022-12-26T06:58:35+00:00,6931410,M0KSF-BB,16,C080010C02800C0802000000D0070000,,,,,,,,,12,12,,,2,1,,,,,,,,,,,8
2022-12-26T06:58:35+00:00,6931022,M0KSF,16,C080010C02800C0802000000D0070000,,,,,,,,,12,12,,,2,1,,,,,,,,,,,8
2022-12-26T06:58:49+00:00,6931410,M0KSF-BB,16,C080010C02800C080200000000000000,,,,,,,,,12,12,,,2,1,,,,,,,,,,,8
2022-12-26T06:58:49+00:00,6931022,M0KSF,16,C080010C02800C080200000000000000,,,,,,,,,12,12,,,2,1,,,,,,,,,,,8
2022-12-26T06:59:06+00:00,6931410,M0KSF-BB,16,C080010C02800C080200000000000000,,,,,,,,,12,12,,,2,1,,,,,,,,,,,8
2022-12-26T06:59:06+00:00,6931022,M0KSF,16,C080010C02800C080200000000000000,,,,,,,,,12,12,,,2,1,,,,,,,,,,,8
2022-12-26T06:59:19+00:00,6931410,M0KSF-BB,16,C0800B0C02890508409C000006000000,,,,,,,,,5,12,,8,2,11,,,,,,,,,,,
2022-12-26T06:59:19+00:00,6931410,M0KSF-BB,16,C0800A0C02890308BD3F0400E852FDFF,,,,,,,,,3,12,8,,2,10,,,,,,,,,,,
2022-12-26T06:59:19+00:00,6931022,M0KSF,16,C0800B0C02890508409C000006000000,,,,,,,,,5,12,,8,2,11,,,,,,,,,,,
2022-12-26T06:59:19+00:00,6931022,M0KSF,16,C0800A0C02890308BD3F0400E852FDFF,,,,,,,,,3,12,8,,2,10,,,,,,,,,,,
2022-12-26T06:59:25+00:00,6931410,M0KSF-BB,16,C080160C02800C080C00000010E50A00,,,,,,,,,12,12,,,2,22,,,,,,,,,,,8
2022-12-26T06:59:25+00:00,6931022,M0KSF,16,C080160C02800C080C00000010E50A00,,,,,,,,,12,12,,,2,22,,,,,,,,,,,8
2022-12-26T06:59:41+00:00,6931410,M0KSF-BB,16,C0801F0C02890308C24B0400C4FBFCFF,,,,,,,,,3,12,8,,2,31,,,,,,,,,,,
2022-12-26T06:59:41+00:00,6931410,M0KSF-BB,16,C080200C028905088341010011000000,,,,,,,,,5,12,,8,2,32,,,,,,,,,,,
2022-12-26T06:59:41+00:00,6931022,M0KSF,16,C080200C028905088341010011000000,,,,,,,,,5,12,,8,2,32,,,,,,,,,,,
2022-12-26T06:59:41+00:00,6931022,M0KSF,16,C0801F0C02890308C24B0400C4FBFCFF,,,,,,,,,3,12,8,,2,31,,,,,,,,,,,
2022-12-26T06:59:47+00:00,6931410,M0KSF-BB,16,C0802B0C02800C081700000088F50400,,,,,,,,,12,12,,,2,43,,,,,,,,,,,8
2022-12-26T06:59:47+00:00,6931022,M0KSF,16,C0802B0C02800C081700000088F50400,,,,,,,,,12,12,,,2,43,,,,,,,,,,,8
2022-12-26T06:59:59+00:00,6931410,M0KSF-BB,16,C080340C02890308813B010019CBFDFF,,,,,,,,,3,12,8,,2,52,,,,,,,,,,,
2022-12-26T06:59:59+00:00,6931022,M0KSF,16,C080340C02890308813B010019CBFDFF,,,,,,,,,3,12,8,,2,52,,,,,,,,,,,
2022-12-26T07:00:00+00:00,6931410,M0KSF-BB,16,C080350C02890508636403001C000000,,,,,,,,,5,12,,8,2,53,,,,,,,,,,,
2022-12-26T07:00:00+00:00,6931022,M0KSF,16,C080350C02890508636403001C000000,,,,,,,,,5,12,,8,2,53,,,,,,,,,,,
2022-12-26T07:00:21+00:00,6931410,M0KSF-BB,16,C080400C02800C0822000000B80B0000,,,,,,,,,12,12,,,2,64,,,,,,,,,,,8
2022-12-26T07:00:21+00:00,6931022,M0KSF,16,C080400C02800C0822000000B80B0000,,,,,,,,,12,12,,,2,64,,,,,,,,,,,8
2022-12-26T07:00:34+00:00,6931410,M0KSF-BB,16,C080490C0289030869C60A007438FCFF,,,,,,,,,3,12,8,,2,73,,,,,,,,,,,
2022-12-26T07:00:34+00:00,6931022,M0KSF,16,C0804A0C02890508388A000026000000,,,,,,,,,5,12,,8,2,74,,,,,,,,,,,
2022-12-26T07:00:34+00:00,6931022,M0KSF,16,C080490C0289030869C60A007438FCFF,,,,,,,,,3,12,8,,2,73,,,,,,,,,,,
2022-12-26T07:00:40+00:00,6931022,M0KSF,16,C080550C02800C082C000000B0F40A00,,,,,,,,,12,12,,,2,85,,,,,,,,,,,8
2022-12-26T07:00:58+00:00,6931410,M0KSF-BB,16,C080010C02800C080200000000000000,,,,,,,,,12,12,,,2,1,,,,,,,,,,,8
2022-12-26T07:00:58+00:00,6931022,M0KSF,16,C080010C02800C080200000000000000,,,,,,,,,12,12,,,2,1,,,,,,,,,,,8
2022-12-26T07:01:18+00:00,6931022,M0KSF,16,C080010C02800C0802000000D0070000,,,,,,,,,12,12,,,2,1,,,,,,,,,,,8
2022-12-26T07:01:35+00:00,6931410,M0KSF-BB,16,C080010C02800C080200000000000000,,,,,,,,,12,12,,,2,1,,,,,,,,,,,8
2022-12-26T07:01:35+00:00,6931022,M0KSF,16,C080010C02800C080200000000000000,,,,,,,,,12,12,,,2,1,,,,,,,,,,,8
2022-12-26T07:01:50+00:00,6931022,M0KSF,16,C080010C02800C0802000000D0070000,,,,,,,,,12,12,,,2,1,,,,,,,,,,,8
2022-12-26T07:02:04+00:00,6931022,M0KSF,16,C080010C02800C080200000000000000,,,,,,,,,12,12,,,2,1,,,,,,,,,,,8
2022-12-26T07:02:19+00:00,6931022,M0KSF,16,C080010C02800C0802000000D0070000,,,,,,,,,12,12,,,2,1,,,,,,,,,,,8
2022-12-26T07:02:33+00:00,6931022,M0KSF,16,C080010C02800C080200000000000000,,,,,,,,,12,12,,,2,1,,,,,,,,,,,8
2022-12-26T07:02:48+00:00,6931022,M0KSF,16,C080010C02800C0802000000D0070000,,,,,,,,,12,12,,,2,1,,,,,,,,,,,8
2022-12-26T07:03:03+00:00,6931022,M0KSF,16,C080010C02800C080200000000000000,,,,,,,,,12,12,,,2,1,,,,,,,,,,,8
2022-12-26T07:03:17+00:00,6931022,M0KSF,16,C080010C02800C080200000000000000,,,,,,,,,12,12,,,2,1,,,,,,,,,,,8
2022-12-26T07:03:32+00:00,6931022,M0KSF,16,C080010C02800C0802000000D0070000,,,,,,,,,12,12,,,2,1,,,,,,,,,,,8
2022-12-26T07:03:46+00:00,6931022,M0KSF,16,C080010C02800C080200000000000000,,,,,,,,,12,12,,,2,1,,,,,,,,,,,8
2022-12-26T07:04:03+00:00,6931022,M0KSF,16,C080010C02800C080200000000000000,,,,,,,,,12,12,,,2,1,,,,,,,,,,,8
2022-12-26T07:04:20+00:00,6931022,M0KSF,16,C080010C02800C080200000000000000,,,,,,,,,12,12,,,2,1,,,,,,,,,,,8
2022-12-26T07:04:35+00:00,6931022,M0KSF,16,C080010C02800C0802000000D0070000,,,,,,,,,12,12,,,2,1,,,,,,,,,,,8
2022-12-26T08:39:34+00:00,6931025,M0KSF,16,C080010C02800C080200000000000000,,,,,,,,,12,12,,,2,1,,,,,,,,,,,8
2022-12-26T08:39:36+00:00,6931025,M0KSF,10,C0800206022C03020000,,,,,,,2,,3,6,,,2,2,,,,,,,,,,,
2022-12-26T08:39:40+00:00,6931025,M0KSF,10,C0800506022D07020000,,,,,,2,,,7,6,,,2,5,,,,,,,,,,,
2022-12-26T08:39:55+00:00,6931025,M0KSF,10,C0800206022C03020000,,,,,,,2,,3,6,,,2,2,,,,,,,,,,,
2022-12-26T08:39:57+00:00,6931025,M0KSF,10,C0800306022C08020000,,,,,,,,2,8,6,,,2,3,,,,,,,,,,,
2022-12-26T08:40:11+00:00,6931025,M0KSF,16,C080010C02800C080200000000000000,,,,,,,,,12,12,,,2,1,,,,,,,,,,,8
2022-12-26T08:40:13+00:00,6931025,M0KSF,10,C0800206022C03020000,,,,,,,2,,3,6,,,2,2,,,,,,,,,,,
2022-12-26T08:40:14+00:00,6931025,M0KSF,10,C0800306022C08020000,,,,,,,,2,8,6,,,2,3,,,,,,,,,,,
2022-12-26T08:40:15+00:00,6931025,M0KSF,10,C0800406022D0D020000,,2,,,,,,,13,6,,,2,4,,,,,,,,,,,
2022-12-26T08:40:28+00:00,6931025,M0KSF,16,C080010C02800C080200000000000000,,,,,,,,,12,12,,,2,1,,,,,,,,,,,8
2022-12-26T08:40:31+00:00,6931025,M0KSF,10,C0800306022C08020000,,,,,,,,2,8,6,,,2,3,,,,,,,,,,,
2022-12-26T08:40:32+00:00,6931025,M0KSF,10,C0800406022D0D020000,,2,,,,,,,13,6,,,2,4,,,,,,,,,,,
2022-12-26T08:41:45+00:00,6931025,M0KSF,10,C0800206022C03020000,,,,,,,2,,3,6,,,2,2,,,,,,,,,,,
2022-12-26T08:42:22+00:00,6931025,M0KSF,10,C0800406022D0D020000,,2,,,,,,,13,6,,,2,4,,,,,,,,,,,
2022-12-26T08:42:35+00:00,6931025,M0KSF,16,C080010C02800C080200000000000000,,,,,,,,,12,12,,,2,1,,,,,,,,,,,8
2022-12-26T08:42:36+00:00,6931025,M0KSF,10,C0800206022C03020000,,,,,,,2,,3,6,,,2,2,,,,,,,,,,,
2022-12-26T08:42:38+00:00,6931025,M0KSF,10,C0800306022C08020000,,,,,,,,2,8,6,,,2,3,,,,,,,,,,,
2022-12-26T10:16:45+00:00,6934622,MAUSyagi,16,C080010C02800C080200000000000000,,,,,,,,,12,12,,,2,1,,,,,,,,,,,8
2022-12-26T10:16:49+00:00,6934622,MAUSyagi,16,C080010C02800C080200000000000000,,,,,,,,,12,12,,,2,1,,,,,,,,,,,8
2022-12-26T10:16:58+00:00,6934622,MAUSyagi,16,C080010C02800C080200000000000000,,,,,,,,,12,12,,,2,1,,,,,,,,,,,8
2022-12-26T10:17:02+00:00,6934622,MAUSyagi,16,C080010C02800C080200000000000000,,,,,,,,,12,12,,,2,1,,,,,,,,,,,8
2022-12-26T10:17:39+00:00,6934622,MAUSyagi,16,C080010C02800C080200000000000000,,,,,,,,,12,12,,,2,1,,,,,,,,,,,8
2022-12-26T10:17:41+00:00,6934622,MAUSyagi,10,C0800206022C03020000,,,,,,,2,,3,6,,,2,2,,,,,,,,,,,
2022-12-26T10:17:44+00:00,6934622,MAUSyagi,16,C080010C02800C080200000000000000,,,,,,,,,12,12,,,2,1,,,,,,,,,,,8
2022-12-26T10:17:54+00:00,6934622,MAUSyagi,16,C080010C02800C080200000000000000,,,,,,,,,12,12,,,2,1,,,,,,,,,,,8
2022-12-26T10:17:56+00:00,6934622,MAUSyagi,10,C0800206022C03020000,,,,,,,2,,3,6,,,2,2,,,,,,,,,,,
2022-12-26T10:17:57+00:00,6934612,MAUSyagi,16,C080010C02800C080200000000000000,,,,,,,,,12,12,,,2,1,,,,,,,,,,,8
2022-12-26T10:17:58+00:00,6934612,MAUSyagi,16,C080010C02800C080200000000000000,,,,,,,,,12,12,,,2,1,,,,,,,,,,,8
2022-12-26T10:17:59+00:00,6934612,MAUSyagi,10,C0800206022C03020000,,,,,,,2,,3,6,,,2,2,,,,,,,,,,,
2022-12-26T10:18:09+00:00,6934622,MAUSyagi,16,C080010C02800C080200000000000000,,,,,,,,,12,12,,,2,1,,,,,,,,,,,8
2022-12-26T10:18:10+00:00,6934622,MAUSyagi,10,C0800206022C03020000,,,,,,,2,,3,6,,,2,2,,,,,,,,,,,
2022-12-26T10:18:11+00:00,6934633,MAUSyagi-AK,16,C080010C02800C080200000000000000,,,,,,,,,12,12,,,2,1,,,,,,,,,,,8
2022-12-26T10:18:12+00:00,6934612,MAUSyagi,16,C080010C02800C080200000000000000,,,,,,,,,12,12,,,2,1,,,,,,,,,,,8
2022-12-26T10:18:13+00:00,6934612,MAUSyagi,10,C0800206022C03020000,,,,,,,2,,3,6,,,2,2,,,,,,,,,,,
2022-12-26T10:18:23+00:00,6934622,MAUSyagi,16,C080010C02800C080200000000000000,,,,,,,,,12,12,,,2,1,,,,,,,,,,,8
2022-12-26T10:18:25+00:00,6934622,MAUSyagi,10,C0800206022C03020000,,,,,,,2,,3,6,,,2,2,,,,,,,,,,,
2022-12-26T10:18:27+00:00,6934612,MAUSyagi,16,C080010C02800C080200000000000000,,,,,,,,,12,12,,,2,1,,,,,,,,,,,8
2022-12-26T10:18:28+00:00,6934612,MAUSyagi,16,C080010C02800C080200000000000000,,,,,,,,,12,12,,,2,1,,,,,,,,,,,8
2022-12-26T10:18:28+00:00,6934612,MAUSyagi,10,C0800206022C03020000,,,,,,,2,,3,6,,,2,2,,,,,,,,,,,
2022-12-26T10:18:38+00:00,6934622,MAUSyagi,16,C080010C02800C080200000000000000,,,,,,,,,12,12,,,2,1,,,,,,,,,,,8
2022-12-26T10:18:40+00:00,6934622,MAUSyagi,10,C0800206022C03020000,,,,,,,2,,3,6,,,2,2,,,,,,,,,,,
2022-12-26T10:18:41+00:00,6934612,MAUSyagi,16,C080010C02800C080200000000000000,,,,,,,,,12,12,,,2,1,,,,,,,,,,,8
2022-12-26T10:18:41+00:00,6934622,MAUSyagi,10,C0800306022C08020000,,,,,,,,2,8,6,,,2,3,,,,,,,,,,,
2022-12-26T10:18:42+00:00,6934612,MAUSyagi,16,C080010C02800C080200000000000000,,,,,,,,,12,12,,,2,1,,,,,,,,,,,8
2022-12-26T10:18:43+00:00,6934612,MAUSyagi,10,C0800206022C03020000,,,,,,,2,,3,6,,,2,2,,,,,,,,,,,
2022-12-26T10:18:43+00:00,6934622,MAUSyagi,10,C0800406022D0D020000,,2,,,,,,,13,6,,,2,4,,,,,,,,,,,
2022-12-26T10:18:44+00:00,6934612,MAUSyagi,10,C0800306022C08020000,,,,,,,,2,8,6,,,2,3,,,,,,,,,,,
2022-12-26T10:18:46+00:00,6934612,MAUSyagi,10,C0800406022D0D020000,,2,,,,,,,13,6,,,2,4,,,,,,,,,,,
2022-12-26T10:18:55+00:00,6934622,MAUSyagi,16,C080010C02800C080200000000000000,,,,,,,,,12,12,,,2,1,,,,,,,,,,,8
2022-12-26T10:18:57+00:00,6934622,MAUSyagi,10,C0800206022C03020000,,,,,,,2,,3,6,,,2,2,,,,,,,,,,,
2022-12-26T10:18:57+00:00,6934633,MAUSyagi-AK,16,C080010C02800C080200000000000000,,,,,,,,,12,12,,,2,1,,,,,,,,,,,8
2022-12-26T10:18:58+00:00,6934612,MAUSyagi,16,C080010C02800C080200000000000000,,,,,,,,,12,12,,,2,1,,,,,,,,,,,8
2022-12-26T10:18:58+00:00,6934622,MAUSyagi,10,C0800306022C08020000,,,,,,,,2,8,6,,,2,3,,,,,,,,,,,
2022-12-26T10:18:59+00:00,6934633,MAUSyagi-AK,10,C0800206022C03020000,,,,,,,2,,3,6,,,2,2,,,,,,,,,,,
2022-12-26T10:19:00+00:00,6934612,MAUSyagi,10,C0800206022C03020000,,,,,,,2,,3,6,,,2,2,,,,,,,,,,,
2022-12-26T10:19:00+00:00,6934612,MAUSyagi,16,C080010C02800C080200000000000000,,,,,,,,,12,12,,,2,1,,,,,,,,,,,8
2022-12-26T10:19:00+00:00,6934622,MAUSyagi,10,C0800406022D0D020000,,2,,,,,,,13,6,,,2,4,,,,,,,,,,,
2022-12-26T10:19:00+00:00,6934633,MAUSyagi-AK,16,C080010C02800C080200000000000000,,,,,,,,,12,12,,,2,1,,,,,,,,,,,8
2022-12-26T10:19:01+00:00,6934612,MAUSyagi,10,C0800306022C08020000,,,,,,,,2,8,6,,,2,3,,,,,,,,,,,
2022-12-26T10:19:02+00:00,6934633,MAUSyagi-AK,10,C0800406022D0D020000,,2,,,,,,,13,6,,,2,4,,,,,,,,,,,
2022-12-26T10:19:03+00:00,6934612,MAUSyagi,10,C0800406022D0D020000,,2,,,,,,,13,6,,,2,4,,,,,,,,,,,
2022-12-26T10:19:12+00:00,6934622,MAUSyagi,16,C080010C02800C080200000000000000,,,,,,,,,12,12,,,2,1,,,,,,,,,,,8
2022-12-26T10:19:14+00:00,6934622,MAUSyagi,10,C0800206022C03020000,,,,,,,2,,3,6,,,2,2,,,,,,,,,,,
2022-12-26T10:19:15+00:00,6934612,MAUSyagi,16,C080010C02800C080200000000000000,,,,,,,,,12,12,,,2,1,,,,,,,,,,,8
2022-12-26T10:19:15+00:00,6934622,MAUSyagi,10,C0800306022C08020000,,,,,,,,2,8,6,,,2,3,,,,,,,,,,,
2022-12-26T10:19:17+00:00,6934612,MAUSyagi,10,C0800206022C03020000,,,,,,,2,,3,6,,,2,2,,,,,,,,,,,
2022-12-26T10:19:17+00:00,6934612,MAUSyagi,16,C080010C02800C080200000000000000,,,,,,,,,12,12,,,2,1,,,,,,,,,,,8
2022-12-26T10:19:17+00:00,6934622,MAUSyagi,10,C0800406022D0D020000,,2,,,,,,,13,6,,,2,4,,,,,,,,,,,
2022-12-26T10:19:17+00:00,6934633,MAUSyagi-AK,10,C0800306022C08020000,,,,,,,,2,8,6,,,2,3,,,,,,,,,,,
2022-12-26T10:19:19+00:00,6934612,MAUSyagi,10,C0800306022C08020000,,,,,,,,2,8,6,,,2,3,,,,,,,,,,,
2022-12-26T10:19:19+00:00,6934633,MAUSyagi-AK,10,C0800406022D0D020000,,2,,,,,,,13,6,,,2,4,,,,,,,,,,,
2022-12-26T10:19:20+00:00,6934612,MAUSyagi,10,C0800406022D0D020000,,2,,,,,,,13,6,,,2,4,,,,,,,,,,,
2022-12-26T10:19:29+00:00,6934622,MAUSyagi,16,C080010C02800C080200000000000000,,,,,,,,,12,12,,,2,1,,,,,,,,,,,8
2022-12-26T10:19:31+00:00,6934622,MAUSyagi,10,C0800206022C03020000,,,,,,,2,,3,6,,,2,2,,,,,,,,,,,
2022-12-26T10:19:33+00:00,6934612,MAUSyagi,16,C080010C02800C080200000000000000,,,,,,,,,12,12,,,2,1,,,,,,,,,,,8
2022-12-26T10:19:33+00:00,6934622,MAUSyagi,10,C0800306022C08020000,,,,,,,,2,8,6,,,2,3,,,,,,,,,,,
2022-12-26T10:19:34+00:00,6934612,MAUSyagi,16,C080010C02800C080200000000000000,,,,,,,,,12,12,,,2,1,,,,,,,,,,,8
2022-12-26T10:19:34+00:00,6934612,MAUSyagi,10,C0800206022C03020000,,,,,,,2,,3,6,,,2,2,,,,,,,,,,,
2022-12-26T10:19:34+00:00,6934622,MAUSyagi,10,C0800406022D0D020000,,2,,,,,,,13,6,,,2,4,,,,,,,,,,,
2022-12-26T10:19:36+00:00,6934612,MAUSyagi,10,C0800306022C08020000,,,,,,,,2,8,6,,,2,3,,,,,,,,,,,
2022-12-26T10:19:37+00:00,6934612,MAUSyagi,10,C0800406022D0D020000,,2,,,,,,,13,6,,,2,4,,,,,,,,,,,
2022-12-26T10:19:47+00:00,6934622,MAUSyagi,16,C080010C02800C0802000000D0070000,,,,,,,,,12,12,,,2,1,,,,,,,,,,,8
2022-12-26T10:19:48+00:00,6934622,MAUSyagi,10,C0800206022C03020000,,,,,,,2,,3,6,,,2,2,,,,,,,,,,,
2022-12-26T10:19:50+00:00,6934612,MAUSyagi,16,C080010C02800C0802000000D0070000,,,,,,,,,12,12,,,2,1,,,,,,,,,,,8
2022-12-26T10:19:50+00:00,6934622,MAUSyagi,10,C0800306022C08020000,,,,,,,,2,8,6,,,2,3,,,,,,,,,,,
2022-12-26T10:19:51+00:00,6934612,MAUSyagi,16,C080010C02800C0802000000D0070000,,,,,,,,,12,12,,,2,1,,,,,,,,,,,8
2022-12-26T10:19:51+00:00,6934612,MAUSyagi,10,C0800206022C03020000,,,,,,,2,,3,6,,,2,2,,,,,,,,,,,
2022-12-26T10:19:51+00:00,6934622,MAUSyagi,10,C0800406022D0D020000,,2,,,,,,,13,6,,,2,4,,,,,,,,,,,
2022-12-26T10:19:53+00:00,6934612,MAUSyagi,10,C0800306022C08020000,,,,,,,,2,8,6,,,2,3,,,,,,,,,,,
2022-12-26T10:19:53+00:00,6934622,MAUSyagi,10,C0800506022D07020000,,,,,,2,,,7,6,,,2,5,,,,,,,,,,,
2022-12-26T10:19:54+00:00,6934612,MAUSyagi,10,C0800406022D0D020000,,2,,,,,,,13,6,,,2,4,,,,,,,,,,,
2022-12-26T10:19:56+00:00,6934612,MAUSyagi,10,C0800506022D07020000,,,,,,2,,,7,6,,,2,5,,,,,,,,,,,
2022-12-26T10:20:06+00:00,6934622,MAUSyagi,16,C080010C02800C080200000000000000,,,,,,,,,12,12,,,2,1,,,,,,,,,,,8
2022-12-26T10:20:08+00:00,6934622,MAUSyagi,10,C0800206022C03020000,,,,,,,2,,3,6,,,2,2,,,,,,,,,,,
2022-12-26T10:20:09+00:00,6934622,MAUSyagi,10,C0800306022C08020000,,,,,,,,2,8,6,,,2,3,,,,,,,,,,,
2022-12-26T10:20:10+00:00,6934612,MAUSyagi,16,C080010C02800C080200000000000000,,,,,,,,,12,12,,,2,1,,,,,,,,,,,8
2022-12-26T10:20:11+00:00,6934612,MAUSyagi,16,C080010C02800C080200000000000000,,,,,,,,,12,12,,,2,1,,,,,,,,,,,8
2022-12-26T10:20:11+00:00,6934612,MAUSyagi,10,C0800206022C03020000,,,,,,,2,,3,6,,,2,2,,,,,,,,,,,
2022-12-26T10:20:11+00:00,6934622,MAUSyagi,10,C0800406022D0D020000,,2,,,,,,,13,6,,,2,4,,,,,,,,,,,
2022-12-26T10:20:12+00:00,6934612,MAUSyagi,10,C0800306022C08020000,,,,,,,,2,8,6,,,2,3,,,,,,,,,,,
2022-12-26T10:20:12+00:00,6934622,MAUSyagi,10,C0800506022D07020000,,,,,,2,,,7,6,,,2,5,,,,,,,,,,,
2022-12-26T10:20:14+00:00,6934612,MAUSyagi,10,C0800406022D0D020000,,2,,,,,,,13,6,,,2,4,,,,,,,,,,,
2022-12-26T10:20:14+00:00,6934622,MAUSyagi,10,C0800606022D01020000,,,2,,,,,,1,6,,,2,6,,,,,,,,,,,
2022-12-26T10:20:15+00:00,6934612,MAUSyagi,10,C0800506022D07020000,,,,,,2,,,7,6,,,2,5,,,,,,,,,,,
2022-12-26T10:20:15+00:00,6934622,MAUSyagi,10,C0800706022D04020000,,,,,2,,,,4,6,,,2,7,,,,,,,,,,,
2022-12-26T10:20:17+00:00,6934612,MAUSyagi,10,C0800606022D01020000,,,2,,,,,,1,6,,,2,6,,,,,,,,,,,
2022-12-26T10:20:18+00:00,6934612,MAUSyagi,10,C0800706022D04020000,,,,,2,,,,4,6,,,2,7,,,,,,,,,,,
2022-12-26T10:20:28+00:00,6934622,MAUSyagi,16,C080010C02800C080200000000000000,,,,,,,,,12,12,,,2,1,,,,,,,,,,,8
2022-12-26T10:20:30+00:00,6934622,MAUSyagi,10,C0800206022C03020000,,,,,,,2,,3,6,,,2,2,,,,,,,,,,,
2022-12-26T10:20:31+00:00,6934612,MAUSyagi,16,C080010C02800C080200000000000000,,,,,,,,,12,12,,,2,1,,,,,,,,,,,8
2022-12-26T10:20:31+00:00,6934622,MAUSyagi,10,C0800306022C08020000,,,,,,,,2,8,6,,,2,3,,,,,,,,,,,
2022-12-26T10:20:33+00:00,6934612,MAUSyagi,10,C0800206022C03020000,,,,,,,2,,3,6,,,2,2,,,,,,,,,,,
2022-12-26T10:20:33+00:00,6934612,MAUSyagi,16,C080010C02800C080200000000000000,,,,,,,,,12,12,,,2,1,,,,,,,,,,,8
2022-12-26T10:20:33+00:00,6934622,MAUSyagi,10,C0800406022D0D020000,,2,,,,,,,13,6,,,2,4,,,,,,,,,,,
2022-12-26T10:20:34+00:00,6934612,MAUSyagi,10,C0800306022C08020000,,,,,,,,2,8,6,,,2,3,,,,,,,,,,,
2022-12-26T10:20:34+00:00,6934622,MAUSyagi,10,C0800506022D07020000,,,,,,2,,,7,6,,,2,5,,,,,,,,,,,
2022-12-26T10:20:36+00:00,6934612,MAUSyagi,10,C0800406022D0D020000,,2,,,,,,,13,6,,,2,4,,,,,,,,,,,
2022-12-26T10:20:36+00:00,6934622,MAUSyagi,10,C0800606022D01020000,,,2,,,,,,1,6,,,2,6,,,,,,,,,,,
2022-12-26T10:20:37+00:00,6934622,MAUSyagi,10,C0800706022D04020000,,,,,2,,,,4,6,,,2,7,,,,,,,,,,,
2022-12-26T10:20:38+00:00,6934612,MAUSyagi,10,C0800506022D07020000,,,,,,2,,,7,6,,,2,5,,,,,,,,,,,
2022-12-26T10:20:39+00:00,6934612,MAUSyagi,10,C0800606022D01020000,,,2,,,,,,1,6,,,2,6,,,,,,,,,,,
2022-12-26T10:20:39+00:00,6934622,MAUSyagi,10,C0800806022D0A020000,2,,,,,,,,10,6,,,2,8,,,,,,,,,,,
2022-12-26T10:20:40+00:00,6934612,MAUSyagi,10,C0800706022D04020000,,,,,2,,,,4,6,,,2,7,,,,,,,,,,,
2022-12-26T10:20:40+00:00,6934622,MAUSyagi,10,C0800906022D1F020000,,,,2,,,,,31,6,,,2,9,,,,,,,,,,,
2022-12-26T10:20:41+00:00,6934622,MAUSyagi,16,C0800B0C028905088A6EFCFF06000000,,,,,,,,,5,12,,8,2,11,,,,,,,,,,,
2022-12-26T10:20:41+00:00,6934622,MAUSyagi,16,C0800A0C028903084E31030077AFFEFF,,,,,,,,,3,12,8,,2,10,,,,,,,,,,,
2022-12-26T10:20:42+00:00,6934612,MAUSyagi,10,C0800806022D0A020000,2,,,,,,,,10,6,,,2,8,,,,,,,,,,,
2022-12-26T10:20:42+00:00,6934622,MAUSyagi,13,C0800D09026686050003A90250,,,,,,,,,134,9,,,2,13,,5,,,,,,,,,
2022-12-26T10:20:42+00:00,6934622,MAUSyagi,13,C0800C090266810500005A005C,,,,,,,,,129,9,,,2,12,5,,,,,,,,,,
2022-12-26T10:20:43+00:00,6934612,MAUSyagi,10,C0800906022D1F020000,,,,2,,,,,31,6,,,2,9,,,,,,,,,,,
2022-12-26T10:20:43+00:00,6934622,MAUSyagi,13,C0800F090266900500005A005C,,,,,,,,,144,9,,,2,15,,,,5,,,,,,,
2022-12-26T10:20:43+00:00,6934622,MAUSyagi,13,C0800E0902668B0500005C005D,,,,,,,,,139,9,,,2,14,,,5,,,,,,,,
2022-12-26T10:20:44+00:00,6934612,MAUSyagi,16,C0800B0C028905088A6EFCFF06000000,,,,,,,,,5,12,,8,2,11,,,,,,,,,,,
2022-12-26T10:20:44+00:00,6934612,MAUSyagi,16,C0800A0C028903084E31030077AFFEFF,,,,,,,,,3,12,8,,2,10,,,,,,,,,,,
2022-12-26T10:20:44+00:00,6934622,MAUSyagi,13,C08010090266950500005B0059,,,,,,,,,149,9,,,2,16,,,,,5,,,,,,
2022-12-26T10:20:45+00:00,6934612,MAUSyagi,13,C0800C090266810500005A005C,,,,,,,,,129,9,,,2,12,5,,,,,,,,,,
2022-12-26T10:20:45+00:00,6934612,MAUSyagi,16,C0800A0C028903084E31030077AFFEFF,,,,,,,,,3,12,8,,2,10,,,,,,,,,,,
2022-12-26T10:20:45+00:00,6934612,MAUSyagi,13,C0800D09026686050003A90250,,,,,,,,,134,9,,,2,13,,5,,,,,,,,,
2022-12-26T10:20:45+00:00,6934622,MAUSyagi,13,C080110902669A0500005A005A,,,,,,,,,154,9,,,2,17,,,,,,5,,,,,
2022-12-26T10:20:45+00:00,6934622,MAUSyagi,13,C080120902669F0500005B005B,,,,,,,,,159,9,,,2,18,,,,,,,5,,,,
2022-12-26T10:20:45+00:00,6934622,MAUSyagi,13,C08013090266A40500005A005B,,,,,,,,,164,9,,,2,19,,,,,,,,5,,,
2022-12-26T10:20:46+00:00,6934612,MAUSyagi,13,C0800F090266900500005A005C,,,,,,,,,144,9,,,2,15,,,,5,,,,,,,
2022-12-26T10:20:46+00:00,6934612,MAUSyagi,13,C0800E0902668B0500005C005D,,,,,,,,,139,9,,,2,14,,,5,,,,,,,,
2022-12-26T10:20:46+00:00,6934612,MAUSyagi,16,C0800B0C028905088A6EFCFF06000000,,,,,,,,,5,12,,8,2,11,,,,,,,,,,,
2022-12-26T10:20:46+00:00,6934622,MAUSyagi,13,C08014090266A9050000000000,,,,,,,,,169,9,,,2,20,,,,,,,,,5,,
2022-12-26T10:20:47+00:00,6934612,MAUSyagi,13,C08010090266950500005B0059,,,,,,,,,149,9,,,2,16,,,,,5,,,,,,
2022-12-26T10:20:47+00:00,6934622,MAUSyagi,16,C080160C02800C080C00000068000B00,,,,,,,,,12,12,,,2,22,,,,,,,,,,,8
2022-12-26T10:20:47+00:00,6934622,MAUSyagi,13,C08015090266AC050000000000,,,,,,,,,172,9,,,2,21,,,,,,,,,,5,
2022-12-26T10:20:47+00:00,6934633,MAUSyagi-AK,13,C08013090266A40500005A005B,,,,,,,,,164,9,,,2,19,,,,,,,,5,,,
2022-12-26T10:20:48+00:00,6934612,MAUSyagi,13,C080110902669A0500005A005A,,,,,,,,,154,9,,,2,17,,,,,,5,,,,,
2022-12-26T10:20:48+00:00,6934612,MAUSyagi,13,C080120902669F0500005B005B,,,,,,,,,159,9,,,2,18,,,,,,,5,,,,
2022-12-26T10:20:49+00:00,6934612,MAUSyagi,13,C08014090266A9050000000000,,,,,,,,,169,9,,,2,20,,,,,,,,,5,,
2022-12-26T10:20:49+00:00,6934612,MAUSyagi,13,C08013090266A40500005A005B,,,,,,,,,164,9,,,2,19,,,,,,,,5,,,
2022-12-26T10:20:49+00:00,6934622,MAUSyagi,10,C0801706022C03020000,,,,,,,2,,3,6,,,2,23,,,,,,,,,,,
2022-12-26T10:20:50+00:00,6934612,MAUSyagi,16,C080160C02800C080C00000068000B00,,,,,,,,,12,12,,,2,22,,,,,,,,,,,8
2022-12-26T10:20:50+00:00,6934612,MAUSyagi,13,C08015090266AC050000000000,,,,,,,,,172,9,,,2,21,,,,,,,,,,5,
2022-12-26T10:20:51+00:00,6934612,MAUSyagi,16,C080160C02800C080C00000068000B00,,,,,,,,,12,12,,,2,22,,,,,,,,,,,8
2022-12-26T10:20:52+00:00,6934612,MAUSyagi,10,C0801706022C03020000,,,,,,,2,,3,6,,,2,23,,,,,,,,,,,
2022-12-26T19:06:58+00:00,6933951,OE6ISP_High_Gain_LimeSDR,16,C080010C02800C080200000000000000,,,,,,,,,12,12,,,2,1,,,,,,,,,,,8
2022-12-26T19:06:58+00:00,6933955,OE6EUR15,16,C080010C02800C080200000000000000,,,,,,,,,12,12,,,2,1,,,,,,,,,,,8
2022-12-26T19:07:01+00:00,6933955,OE6EUR15,16,C080010C02800C080200000000000000,,,,,,,,,12,12,,,2,1,,,,,,,,,,,8
2022-12-26T21:54:51+00:00,6937196,JH4XSY-pi,16,C080400C02800C0822000000B0360000,,,,,,,,,12,12,,,2,64,,,,,,,,,,,8
2022-12-26T21:55:03+00:00,6937196,JH4XSY-pi,16,C080490C02890308544003009A95FCFF,,,,,,,,,3,12,8,,2,73,,,,,,,,,,,
2022-12-26T21:55:04+00:00,6937196,JH4XSY-pi,16,C0804A0C028905086364030026000000,,,,,,,,,5,12,,8,2,74,,,,,,,,,,,
2022-12-26T21:55:10+00:00,6937196,JH4XSY-pi,16,C080550C02800C082C00000080FC0A00,,,,,,,,,12,12,,,2,85,,,,,,,,,,,8
2022-12-27T00:09:44+00:00,6937542,MAUSyagi,16,C080010C02800C080200000000000000,,,,,,,,,12,12,,,2,1,,,,,,,,,,,8
2022-12-27T00:09:46+00:00,6937545,MAUSyagi-AK,16,C080010C02800C080200000000000000,,,,,,,,,12,12,,,2,1,,,,,,,,,,,8
2022-12-27T00:09:47+00:00,6937540,MAUSyagi,16,C080010C02800C080200000000000000,,,,,,,,,12,12,,,2,1,,,,,,,,,,,8
2022-12-27T00:09:48+00:00,6937540,MAUSyagi,16,C080010C02800C080200000000000000,,,,,,,,,12,12,,,2,1,,,,,,,,,,,8
2022-12-27T00:09:48+00:00,6937545,MAUSyagi-AK,16,C080010C02800C080200000000000000,,,,,,,,,12,12,,,2,1,,,,,,,,,,,8
2022-12-27T00:09:56+00:00,6937542,MAUSyagi,16,C080010C02800C080200000000000000,,,,,,,,,12,12,,,2,1,,,,,,,,,,,8
2022-12-27T00:09:59+00:00,6937540,MAUSyagi,16,C080010C02800C080200000000000000,,,,,,,,,12,12,,,2,1,,,,,,,,,,,8
2022-12-27T00:09:59+00:00,6937545,MAUSyagi-AK,16,C080010C02800C080200000000000000,,,,,,,,,12,12,,,2,1,,,,,,,,,,,8
2022-12-27T00:10:01+00:00,6937540,MAUSyagi,16,C080010C02800C080200000000000000,,,,,,,,,12,12,,,2,1,,,,,,,,,,,8
2022-12-27T00:10:01+00:00,6937545,MAUSyagi-AK,16,C080010C02800C080200000000000000,,,,,,,,,12,12,,,2,1,,,,,,,,,,,8
2022-12-27T00:10:10+00:00,6937542,MAUSyagi,16,C080010C02800C080200000000000000,,,,,,,,,12,12,,,2,1,,,,,,,,,,,8
2022-12-27T00:10:14+00:00,6937540,MAUSyagi,16,C080010C02800C080200000000000000,,,,,,,,,12,12,,,2,1,,,,,,,,,,,8
2022-12-27T00:10:23+00:00,6937542,MAUSyagi,16,C080010C02800C0802000000D0070000,,,,,,,,,12,12,,,2,1,,,,,,,,,,,8
2022-12-27T00:10:24+00:00,6937542,MAUSyagi,10,C0800206022C03020000,,,,,,,2,,3,6,,,2,2,,,,,,,,,,,
2022-12-27T00:10:26+00:00,6937542,MAUSyagi,10,C0800306022C08020000,,,,,,,,2,8,6,,,2,3,,,,,,,,,,,
2022-12-27T00:10:27+00:00,6937542,MAUSyagi,10,C0800406022D0D020000,,2,,,,,,,13,6,,,2,4,,,,,,,,,,,
2022-12-27T00:10:29+00:00,6937542,MAUSyagi,10,C0800506022D07020000,,,,,,2,,,7,6,,,2,5,,,,,,,,,,,
2022-12-27T04:41:00+00:00,6929755,SP7THR-UHF,16,C080010C02800C080200000000000000,,,,,,,,,12,12,,,2,1,,,,,,,,,,,8
2022-12-27T04:41:00+00:00,6936534,Apomahon,16,C080010C02800C080200000000000000,,,,,,,,,12,12,,,2,1,,,,,,,,,,,8
2022-12-27T04:41:17+00:00,6929755,SP7THR-UHF,16,C080010C02800C0802000000D0070000,,,,,,,,,12,12,,,2,1,,,,,,,,,,,8
2022-12-27T04:41:36+00:00,6929755,SP7THR-UHF,16,C080010C02800C080200000000000000,,,,,,,,,12,12,,,2,1,,,,,,,,,,,8
2022-12-27T04:41:50+00:00,6938132,GAO UHF,10,C0800206022C03020000,,,,,,,2,,3,6,,,2,2,,,,,,,,,,,
2022-12-27T04:41:53+00:00,6929755,SP7THR-UHF,16,C080010C02800C080200000000000000,,,,,,,,,12,12,,,2,1,,,,,,,,,,,8
2022-12-27T04:42:03+00:00,6938132,GAO UHF,16,C080010C02800C080200000000000000,,,,,,,,,12,12,,,2,1,,,,,,,,,,,8
2022-12-27T04:42:04+00:00,6938132,GAO UHF,10,C0800206022C03020000,,,,,,,2,,3,6,,,2,2,,,,,,,,,,,
2022-12-27T04:42:08+00:00,6929755,SP7THR-UHF,16,C080010C02800C080200000000000000,,,,,,,,,12,12,,,2,1,,,,,,,,,,,8
2022-12-27T04:42:08+00:00,6938132,GAO UHF,16,C080010C02800C080200000000000000,,,,,,,,,12,12,,,2,1,,,,,,,,,,,8
2022-12-27T04:42:08+00:00,6938132,GAO UHF,10,C0800406022D0D020000,,2,,,,,,,13,6,,,2,4,,,,,,,,,,,
2022-12-27T04:42:20+00:00,6938132,GAO UHF,16,C080010C02800C080200000000000000,,,,,,,,,12,12,,,2,1,,,,,,,,,,,8
2022-12-27T04:42:22+00:00,6938132,GAO UHF,10,C0800206022C03020000,,,,,,,2,,3,6,,,2,2,,,,,,,,,,,
2022-12-27T04:42:25+00:00,6929755,SP7THR-UHF,16,C080010C02800C080200000000000000,,,,,,,,,12,12,,,2,1,,,,,,,,,,,8
2022-12-27T04:42:25+00:00,6938132,GAO UHF,16,C080010C02800C080200000000000000,,,,,,,,,12,12,,,2,1,,,,,,,,,,,8
2022-12-27T04:42:42+00:00,6929755,SP7THR-UHF,16,C080010C02800C0802000000D0070000,,,,,,,,,12,12,,,2,1,,,,,,,,,,,8
2022-12-27T04:42:56+00:00,6929755,SP7THR-UHF,16,C080010C02800C0802000000D0070000,,,,,,,,,12,12,,,2,1,,,,,,,,,,,8
2022-12-27T04:43:11+00:00,6929755,SP7THR-UHF,16,C080010C02800C0802000000D0070000,,,,,,,,,12,12,,,2,1,,,,,,,,,,,8
2022-12-27T04:43:26+00:00,6929755,SP7THR-UHF,16,C080010C02800C080200000000000000,,,,,,,,,12,12,,,2,1,,,,,,,,,,,8
2022-12-27T04:43:40+00:00,6929755,SP7THR-UHF,16,C080010C02800C080200000000000000,,,,,,,,,12,12,,,2,1,,,,,,,,,,,8
2022-12-27T04:43:52+00:00,6938132,GAO UHF,10,C0800206022C03020000,,,,,,,2,,3,6,,,2,2,,,,,,,,,,,
2022-12-27T04:43:55+00:00,6929755,SP7THR-UHF,16,C080010C02800C080200000000000000,,,,,,,,,12,12,,,2,1,,,,,,,,,,,8
2022-12-27T04:44:09+00:00,6929755,SP7THR-UHF,16,C080010C02800C0802000000D0070000,,,,,,,,,12,12,,,2,1,,,,,,,,,,,8
2022-12-27T04:44:19+00:00,6938132,GAO UHF,16,C080010C02800C080200000000000000,,,,,,,,,12,12,,,2,1,,,,,,,,,,,8
2022-12-27T04:44:21+00:00,6938132,GAO UHF,10,C0800206022C03020000,,,,,,,2,,3,6,,,2,2,,,,,,,,,,,
2022-12-27T04:44:24+00:00,6929755,SP7THR-UHF,16,C080010C02800C080200000000000000,,,,,,,,,12,12,,,2,1,,,,,,,,,,,8
2022-12-27T04:44:34+00:00,6938132,GAO UHF,16,C080010C02800C080200000000000000,,,,,,,,,12,12,,,2,1,,,,,,,,,,,8
2022-12-27T04:44:36+00:00,6938132,GAO UHF,10,C0800206022C03020000,,,,,,,2,,3,6,,,2,2,,,,,,,,,,,
2022-12-27T04:44:49+00:00,6938132,GAO UHF,16,C080010C02800C080200000000000000,,,,,,,,,12,12,,,2,1,,,,,,,,,,,8
2022-12-27T04:44:53+00:00,6929755,SP7THR-UHF,16,C080010C02800C080200000000000000,,,,,,,,,12,12,,,2,1,,,,,,,,,,,8
2022-12-27T04:44:53+00:00,6938132,GAO UHF,16,C080010C02800C080200000000000000,,,,,,,,,12,12,,,2,1,,,,,,,,,,,8
2022-12-27T04:45:02+00:00,6938132,GAO UHF,16,C080010C02800C0802000000D0070000,,,,,,,,,12,12,,,2,1,,,,,,,,,,,8
2022-12-27T04:45:06+00:00,6938107,PE0SAT-11,16,C080010C02800C0802000000D0070000,,,,,,,,,12,12,,,2,1,,,,,,,,,,,8
2022-12-27T04:45:06+00:00,6929755,SP7THR-UHF,16,C080010C02800C0802000000D0070000,,,,,,,,,12,12,,,2,1,,,,,,,,,,,8
2022-12-27T04:45:06+00:00,6938132,GAO UHF,16,C080010C02800C0802000000D0070000,,,,,,,,,12,12,,,2,1,,,,,,,,,,,8
2022-12-27T04:47:04+00:00,6929755,SP7THR-UHF,16,C080010C02800C0802000000E8030000,,,,,,,,,12,12,,,2,1,,,,,,,,,,,8
2022-12-27T04:47:17+00:00,6929755,SP7THR-UHF,16,C080010C02800C080200000000000000,,,,,,,,,12,12,,,2,1,,,,,,,,,,,8
2022-12-27T04:47:31+00:00,6929755,SP7THR-UHF,16,C080010C02800C080200000000000000,,,,,,,,,12,12,,,2,1,,,,,,,,,,,8
2022-12-27T04:47:46+00:00,6929755,SP7THR-UHF,16,C080010C02800C0802000000D0070000,,,,,,,,,12,12,,,2,1,,,,,,,,,,,8
2022-12-27T04:47:58+00:00,6929755,SP7THR-UHF,16,C0800A0C02890308605B030072880300,,,,,,,,,3,12,8,,2,10,,,,,,,,,,,
2022-12-27T04:47:59+00:00,6929755,SP7THR-UHF,16,C0800B0C0289050833EF020006000000,,,,,,,,,5,12,,8,2,11,,,,,,,,,,,
2022-12-27T04:48:04+00:00,6929755,SP7THR-UHF,16,C080160C02800C080C00000038080B00,,,,,,,,,12,12,,,2,22,,,,,,,,,,,8
2022-12-27T06:18:59+00:00,6935561,M0KSF,16,C080010C02800C080200000000000000,,,,,,,,,12,12,,,2,1,,,,,,,,,,,8
2022-12-27T06:27:26+00:00,6935561,M0KSF,16,C080010C02800C0802000000D0070000,,,,,,,,,12,12,,,2,1,,,,,,,,,,,8
2022-12-27T06:28:19+00:00,6935561,M0KSF,16,C080010C02800C080200000000000000,,,,,,,,,12,12,,,2,1,,,,,,,,,,,8
2022-12-27T06:28:34+00:00,6935561,M0KSF,16,C080010C02800C080200000000000000,,,,,,,,,12,12,,,2,1,,,,,,,,,,,8
2022-12-27T06:28:52+00:00,6935561,M0KSF,16,C080010C02800C080200000000000000,,,,,,,,,12,12,,,2,1,,,,,,,,,,,8
2022-12-27T06:29:11+00:00,6936313,M0KSF-BB,16,C080010C02800C080200000000000000,,,,,,,,,12,12,,,2,1,,,,,,,,,,,8
2022-12-27T06:29:11+00:00,6935561,M0KSF,16,C080010C02800C080200000000000000,,,,,,,,,12,12,,,2,1,,,,,,,,,,,8
2022-12-27T06:29:33+00:00,6935561,M0KSF,16,C080010C02800C080200000000000000,,,,,,,,,12,12,,,2,1,,,,,,,,,,,8
2022-12-27T06:29:50+00:00,6936313,M0KSF-BB,16,C080010C02800C080200000000000000,,,,,,,,,12,12,,,2,1,,,,,,,,,,,8
2022-12-27T06:29:50+00:00,6935561,M0KSF,16,C080010C02800C080200000000000000,,,,,,,,,12,12,,,2,1,,,,,,,,,,,8
2022-12-27T08:03:45+00:00,6935564,M0KSF,16,C0801F0C028903086097F9FF49960500,,,,,,,,,3,12,8,,2,31,,,,,,,,,,,
2022-12-27T08:03:46+00:00,6935564,M0KSF,16,C080200C02890508905F010011000000,,,,,,,,,5,12,,8,2,32,,,,,,,,,,,
2022-12-27T08:03:51+00:00,6935564,M0KSF,16,C0802B0C02800C081700000088F50400,,,,,,,,,12,12,,,2,43,,,,,,,,,,,8
2022-12-27T08:04:09+00:00,6935564,M0KSF,16,C080010C02800C080200000000000000,,,,,,,,,12,12,,,2,1,,,,,,,,,,,8
2022-12-27T08:04:22+00:00,6936315,M0KSF-BB,16,C0800A0C02890308245A0000BB390400,,,,,,,,,3,12,8,,2,10,,,,,,,,,,,
2022-12-27T08:04:22+00:00,6935564,M0KSF,16,C0800B0C02890508741D010006000000,,,,,,,,,5,12,,8,2,11,,,,,,,,,,,
2022-12-27T08:04:22+00:00,6935564,M0KSF,16,C0800A0C02890308245A0000BB390400,,,,,,,,,3,12,8,,2,10,,,,,,,,,,,
2022-12-27T08:04:39+00:00,6935564,M0KSF,16,C080010C02800C080200000000000000,,,,,,,,,12,12,,,2,1,,,,,,,,,,,8
2022-12-27T08:06:51+00:00,6936315,M0KSF-BB,16,C080010C02800C080200000000000000,,,,,,,,,12,12,,,2,1,,,,,,,,,,,8
2022-12-27T08:06:51+00:00,6935564,M0KSF,16,C080010C02800C080200000000000000,,,,,,,,,12,12,,,2,1,,,,,,,,,,,8
2022-12-27T08:07:04+00:00,6936315,M0KSF-BB,16,C080010C02800C080200000000000000,,,,,,,,,12,12,,,2,1,,,,,,,,,,,8
2022-12-27T08:07:04+00:00,6935564,M0KSF,16,C080010C02800C080200000000000000,,,,,,,,,12,12,,,2,1,,,,,,,,,,,8
2022-12-27T08:07:17+00:00,6936315,M0KSF-BB,16,C080010C02800C0802000000D0070000,,,,,,,,,12,12,,,2,1,,,,,,,,,,,8
2022-12-27T08:07:17+00:00,6935564,M0KSF,16,C080010C02800C0802000000D0070000,,,,,,,,,12,12,,,2,1,,,,,,,,,,,8
2022-12-27T08:07:30+00:00,6936315,M0KSF-BB,16,C080010C02800C0802000000D0070000,,,,,,,,,12,12,,,2,1,,,,,,,,,,,8
2022-12-27T08:07:30+00:00,6935564,M0KSF,16,C080010C02800C0802000000D0070000,,,,,,,,,12,12,,,2,1,,,,,,,,,,,8
2022-12-27T11:23:19+00:00,6939078,MAUSyagi,16,C080010C02800C080200000000000000,,,,,,,,,12,12,,,2,1,,,,,,,,,,,8
2022-12-27T11:23:27+00:00,6939078,MAUSyagi,16,C080010C02800C080200000000000000,,,,,,,,,12,12,,,2,1,,,,,,,,,,,8
2022-12-27T11:23:33+00:00,6939078,MAUSyagi,16,C080010C02800C080200000000000000,,,,,,,,,12,12,,,2,1,,,,,,,,,,,8
2022-12-27T11:23:40+00:00,6939070,MAUSyagi,16,C080010C02800C080200000000000000,,,,,,,,,12,12,,,2,1,,,,,,,,,,,8
2022-12-27T11:23:41+00:00,6939070,MAUSyagi,16,C080010C02800C080200000000000000,,,,,,,,,12,12,,,2,1,,,,,,,,,,,8
2022-12-27T11:23:46+00:00,6939078,MAUSyagi,16,C080010C02800C0802000000D0070000,,,,,,,,,12,12,,,2,1,,,,,,,,,,,8
2022-12-27T11:23:47+00:00,6939078,MAUSyagi,10,C0800206022C03020000,,,,,,,2,,3,6,,,2,2,,,,,,,,,,,
2022-12-27T11:23:52+00:00,6939070,MAUSyagi,16,C080010C02800C0802000000D0070000,,,,,,,,,12,12,,,2,1,,,,,,,,,,,8
2022-12-27T11:23:54+00:00,6939070,MAUSyagi,10,C0800206022C03020000,,,,,,,2,,3,6,,,2,2,,,,,,,,,,,
2022-12-27T11:23:54+00:00,6939070,MAUSyagi,16,C080010C02800C0802000000D0070000,,,,,,,,,12,12,,,2,1,,,,,,,,,,,8
2022-12-27T11:24:01+00:00,6939078,MAUSyagi,16,C080010C02800C0802000000E8030000,,,,,,,,,12,12,,,2,1,,,,,,,,,,,8
2022-12-27T11:24:02+00:00,6939078,MAUSyagi,10,C0800206022C03020000,,,,,,,2,,3,6,,,2,2,,,,,,,,,,,
2022-12-27T11:24:07+00:00,6939070,MAUSyagi,16,C080010C02800C0802000000E8030000,,,,,,,,,12,12,,,2,1,,,,,,,,,,,8
2022-12-27T11:24:09+00:00,6939070,MAUSyagi,16,C080010C02800C0802000000E8030000,,,,,,,,,12,12,,,2,1,,,,,,,,,,,8
2022-12-27T11:24:09+00:00,6939070,MAUSyagi,10,C0800206022C03020000,,,,,,,2,,3,6,,,2,2,,,,,,,,,,,
2022-12-27T11:24:15+00:00,6939078,MAUSyagi,16,C080010C02800C080200000000000000,,,,,,,,,12,12,,,2,1,,,,,,,,,,,8
2022-12-27T11:24:22+00:00,6939070,MAUSyagi,16,C080010C02800C080200000000000000,,,,,,,,,12,12,,,2,1,,,,,,,,,,,8
2022-12-27T11:24:23+00:00,6939070,MAUSyagi,16,C080010C02800C080200000000000000,,,,,,,,,12,12,,,2,1,,,,,,,,,,,8
2022-12-27T11:24:27+00:00,6939078,MAUSyagi,16,C080010C02800C080200000000000000,,,,,,,,,12,12,,,2,1,,,,,,,,,,,8
2022-12-27T11:24:34+00:00,6939070,MAUSyagi,16,C080010C02800C080200000000000000,,,,,,,,,12,12,,,2,1,,,,,,,,,,,8
2022-12-27T11:24:35+00:00,6939070,MAUSyagi,16,C080010C02800C080200000000000000,,,,,,,,,12,12,,,2,1,,,,,,,,,,,8
2022-12-28T04:09:31+00:00,6934806,SP7THR-UHF,16,C080010C02800C080200000000000000,,,,,,,,,12,12,,,2,1,,,,,,,,,,,8
2022-12-28T04:09:44+00:00,6934806,SP7THR-UHF,16,C080010C02800C080200000000000000,,,,,,,,,12,12,,,2,1,,,,,,,,,,,8
2022-12-28T04:09:57+00:00,6934806,SP7THR-UHF,16,C080010C02800C080200000000000000,,,,,,,,,12,12,,,2,1,,,,,,,,,,,8
2022-12-28T04:10:09+00:00,6934806,SP7THR-UHF,16,C080010C02800C080200000000000000,,,,,,,,,12,12,,,2,1,,,,,,,,,,,8
2022-12-28T04:10:22+00:00,6934806,SP7THR-UHF,16,C080010C02800C0802000000D0070000,,,,,,,,,12,12,,,2,1,,,,,,,,,,,8
2022-12-28T04:10:36+00:00,6934806,SP7THR-UHF,16,C080010C02800C0802000000D0070000,,,,,,,,,12,12,,,2,1,,,,,,,,,,,8
2022-12-28T04:10:49+00:00,6934806,SP7THR-UHF,16,C080010C02800C0802000000D0070000,,,,,,,,,12,12,,,2,1,,,,,,,,,,,8
2022-12-28T04:11:04+00:00,6934806,SP7THR-UHF,16,C080010C02800C0802000000D0070000,,,,,,,,,12,12,,,2,1,,,,,,,,,,,8
2022-12-28T04:11:19+00:00,6934806,SP7THR-UHF,16,C080010C02800C080200000000000000,,,,,,,,,12,12,,,2,1,,,,,,,,,,,8
2022-12-28T04:11:24+00:00,6942695,SA2KNG Omni UHF/VHF,16,C080010C02800C080200000000000000,,,,,,,,,12,12,,,2,1,,,,,,,,,,,8
2022-12-28T04:11:26+00:00,6942695,SA2KNG Omni UHF/VHF,10,C0800206022C03020000,,,,,,,2,,3,6,,,2,2,,,,,,,,,,,
2022-12-28T04:11:33+00:00,6942695,SA2KNG Omni UHF/VHF,16,C080010C02800C080200000000000000,,,,,,,,,12,12,,,2,1,,,,,,,,,,,8
2022-12-28T04:11:33+00:00,6934806,SP7THR-UHF,16,C080010C02800C080200000000000000,,,,,,,,,12,12,,,2,1,,,,,,,,,,,8
2022-12-28T04:11:39+00:00,6942695,SA2KNG Omni UHF/VHF,16,C080010C02800C0802000000D0070000,,,,,,,,,12,12,,,2,1,,,,,,,,,,,8
2022-12-28T04:11:40+00:00,6942695,SA2KNG Omni UHF/VHF,10,C0800206022C03020000,,,,,,,2,,3,6,,,2,2,,,,,,,,,,,
2022-12-28T04:11:48+00:00,6942695,SA2KNG Omni UHF/VHF,16,C080010C02800C0802000000D0070000,,,,,,,,,12,12,,,2,1,,,,,,,,,,,8
2022-12-28T04:11:48+00:00,6934806,SP7THR-UHF,16,C080010C02800C0802000000D0070000,,,,,,,,,12,12,,,2,1,,,,,,,,,,,8
2022-12-28T04:11:55+00:00,6942695,SA2KNG Omni UHF/VHF,10,C0800206022C03020000,,,,,,,2,,3,6,,,2,2,,,,,,,,,,,
2022-12-28T04:12:02+00:00,6942714,SA2KNG S-Band,10,C0800206022C03020000,,,,,,,2,,3,6,,,2,2,,,,,,,,,,,
2022-12-28T04:12:02+00:00,6942695,SA2KNG Omni UHF/VHF,16,C080010C02800C080200000000000000,,,,,,,,,12,12,,,2,1,,,,,,,,,,,8
2022-12-28T04:12:08+00:00,6942695,SA2KNG Omni UHF/VHF,16,C080010C02800C080200000000000000,,,,,,,,,12,12,,,2,1,,,,,,,,,,,8
2022-12-28T04:12:09+00:00,6942695,SA2KNG Omni UHF/VHF,10,C0800206022C03020000,,,,,,,2,,3,6,,,2,2,,,,,,,,,,,
2022-12-28T04:12:15+00:00,6942714,SA2KNG S-Band,16,C080010C02800C080200000000000000,,,,,,,,,12,12,,,2,1,,,,,,,,,,,8
2022-12-28T04:12:17+00:00,6942703,SA2KNG Experimental,16,C080010C02800C080200000000000000,,,,,,,,,12,12,,,2,1,,,,,,,,,,,8
2022-12-28T04:12:17+00:00,6942714,SA2KNG S-Band,16,C080010C02800C080200000000000000,,,,,,,,,12,12,,,2,1,,,,,,,,,,,8
2022-12-28T04:12:17+00:00,6942714,SA2KNG S-Band,10,C0800206022C03020000,,,,,,,2,,3,6,,,2,2,,,,,,,,,,,
2022-12-28T04:12:17+00:00,6942695,SA2KNG Omni UHF/VHF,16,C080010C02800C080200000000000000,,,,,,,,,12,12,,,2,1,,,,,,,,,,,8
2022-12-28T04:12:17+00:00,6934806,SP7THR-UHF,16,C080010C02800C080200000000000000,,,,,,,,,12,12,,,2,1,,,,,,,,,,,8
2022-12-28T04:12:22+00:00,6942695,SA2KNG Omni UHF/VHF,16,C080010C02800C080200000000000000,,,,,,,,,12,12,,,2,1,,,,,,,,,,,8
2022-12-28T04:12:24+00:00,6942695,SA2KNG Omni UHF/VHF,10,C0800206022C03020000,,,,,,,2,,3,6,,,2,2,,,,,,,,,,,
2022-12-28T04:12:30+00:00,6942714,SA2KNG S-Band,16,C080010C02800C080200000000000000,,,,,,,,,12,12,,,2,1,,,,,,,,,,,8
2022-12-28T04:12:31+00:00,6942714,SA2KNG S-Band,10,C0800206022C03020000,,,,,,,2,,3,6,,,2,2,,,,,,,,,,,
2022-12-28T04:12:32+00:00,6942714,SA2KNG S-Band,16,C080010C02800C080200000000000000,,,,,,,,,12,12,,,2,1,,,,,,,,,,,8
2022-12-28T04:12:32+00:00,6942695,SA2KNG Omni UHF/VHF,16,C080010C02800C080200000000000000,,,,,,,,,12,12,,,2,1,,,,,,,,,,,8
2022-12-28T04:12:32+00:00,6934806,SP7THR-UHF,16,C080010C02800C080200000000000000,,,,,,,,,12,12,,,2,1,,,,,,,,,,,8
2022-12-28T04:12:36+00:00,6942703,SA2KNG Experimental,16,C080010C02800C0802000000D0070000,,,,,,,,,12,12,,,2,1,,,,,,,,,,,8
2022-12-28T04:12:37+00:00,6942695,SA2KNG Omni UHF/VHF,16,C080010C02800C0802000000D0070000,,,,,,,,,12,12,,,2,1,,,,,,,,,,,8
2022-12-28T04:12:38+00:00,6942703,SA2KNG Experimental,10,C0800206022C03020000,,,,,,,2,,3,6,,,2,2,,,,,,,,,,,
2022-12-28T04:12:39+00:00,6942695,SA2KNG Omni UHF/VHF,10,C0800206022C03020000,,,,,,,2,,3,6,,,2,2,,,,,,,,,,,
2022-12-28T04:12:45+00:00,6942714,SA2KNG S-Band,16,C080010C02800C0802000000D0070000,,,,,,,,,12,12,,,2,1,,,,,,,,,,,8
2022-12-28T04:12:46+00:00,6942703,SA2KNG Experimental,16,C080010C02800C0802000000D0070000,,,,,,,,,12,12,,,2,1,,,,,,,,,,,8
2022-12-28T04:12:46+00:00,6942714,SA2KNG S-Band,16,C080010C02800C0802000000D0070000,,,,,,,,,12,12,,,2,1,,,,,,,,,,,8
2022-12-28T04:12:46+00:00,6942714,SA2KNG S-Band,10,C0800206022C03020000,,,,,,,2,,3,6,,,2,2,,,,,,,,,,,
2022-12-28T04:12:46+00:00,6942695,SA2KNG Omni UHF/VHF,16,C080010C02800C0802000000D0070000,,,,,,,,,12,12,,,2,1,,,,,,,,,,,8
2022-12-28T04:12:46+00:00,6934806,SP7THR-UHF,16,C080010C02800C0802000000D0070000,,,,,,,,,12,12,,,2,1,,,,,,,,,,,8
2022-12-28T04:12:51+00:00,6942703,SA2KNG Experimental,16,C080010C02800C080200000000000000,,,,,,,,,12,12,,,2,1,,,,,,,,,,,8
2022-12-28T04:12:52+00:00,6942703,SA2KNG Experimental,10,C0800206022C03020000,,,,,,,2,,3,6,,,2,2,,,,,,,,,,,
2022-12-28T04:12:52+00:00,6942695,SA2KNG Omni UHF/VHF,16,C080010C02800C080200000000000000,,,,,,,,,12,12,,,2,1,,,,,,,,,,,8
2022-12-28T04:12:53+00:00,6942695,SA2KNG Omni UHF/VHF,10,C0800206022C03020000,,,,,,,2,,3,6,,,2,2,,,,,,,,,,,
2022-12-28T04:12:59+00:00,6942714,SA2KNG S-Band,16,C080010C02800C080200000000000000,,,,,,,,,12,12,,,2,1,,,,,,,,,,,8
2022-12-28T04:13:01+00:00,6942703,SA2KNG Experimental,16,C080010C02800C080200000000000000,,,,,,,,,12,12,,,2,1,,,,,,,,,,,8
2022-12-28T04:13:01+00:00,6942714,SA2KNG S-Band,16,C080010C02800C080200000000000000,,,,,,,,,12,12,,,2,1,,,,,,,,,,,8
2022-12-28T04:13:01+00:00,6942714,SA2KNG S-Band,10,C0800206022C03020000,,,,,,,2,,3,6,,,2,2,,,,,,,,,,,
2022-12-28T04:13:01+00:00,6942695,SA2KNG Omni UHF/VHF,16,C080010C02800C080200000000000000,,,,,,,,,12,12,,,2,1,,,,,,,,,,,8
2022-12-28T04:13:01+00:00,6934806,SP7THR-UHF,16,C080010C02800C080200000000000000,,,,,,,,,12,12,,,2,1,,,,,,,,,,,8
2022-12-28T04:13:06+00:00,6942703,SA2KNG Experimental,16,C080010C02800C080200000000000000,,,,,,,,,12,12,,,2,1,,,,,,,,,,,8
2022-12-28T04:13:06+00:00,6942695,SA2KNG Omni UHF/VHF,16,C080010C02800C080200000000000000,,,,,,,,,12,12,,,2,1,,,,,,,,,,,8
2022-12-28T04:13:07+00:00,6942703,SA2KNG Experimental,10,C0800206022C03020000,,,,,,,2,,3,6,,,2,2,,,,,,,,,,,
2022-12-28T04:13:08+00:00,6942695,SA2KNG Omni UHF/VHF,10,C0800206022C03020000,,,,,,,2,,3,6,,,2,2,,,,,,,,,,,
2022-12-28T04:13:14+00:00,6942714,SA2KNG S-Band,16,C080010C02800C080200000000000000,,,,,,,,,12,12,,,2,1,,,,,,,,,,,8
2022-12-28T04:13:15+00:00,6942703,SA2KNG Experimental,16,C080010C02800C080200000000000000,,,,,,,,,12,12,,,2,1,,,,,,,,,,,8
2022-12-28T04:13:15+00:00,6942714,SA2KNG S-Band,16,C080010C02800C080200000000000000,,,,,,,,,12,12,,,2,1,,,,,,,,,,,8
2022-12-28T04:13:15+00:00,6942714,SA2KNG S-Band,10,C0800206022C03020000,,,,,,,2,,3,6,,,2,2,,,,,,,,,,,
2022-12-28T04:13:15+00:00,6942695,SA2KNG Omni UHF/VHF,16,C080010C02800C080200000000000000,,,,,,,,,12,12,,,2,1,,,,,,,,,,,8
2022-12-28T04:13:15+00:00,6934806,SP7THR-UHF,16,C080010C02800C080200000000000000,,,,,,,,,12,12,,,2,1,,,,,,,,,,,8
2022-12-28T04:13:20+00:00,6942703,SA2KNG Experimental,16,C080010C02800C080200000000000000,,,,,,,,,12,12,,,2,1,,,,,,,,,,,8
2022-12-28T04:13:21+00:00,6942695,SA2KNG Omni UHF/VHF,16,C080010C02800C080200000000000000,,,,,,,,,12,12,,,2,1,,,,,,,,,,,8
2022-12-28T04:13:22+00:00,6942703,SA2KNG Experimental,10,C0800206022C03020000,,,,,,,2,,3,6,,,2,2,,,,,,,,,,,
2022-12-28T04:13:23+00:00,6942695,SA2KNG Omni UHF/VHF,10,C0800206022C03020000,,,,,,,2,,3,6,,,2,2,,,,,,,,,,,
2022-12-28T04:13:29+00:00,6942714,SA2KNG S-Band,16,C080010C02800C080200000000000000,,,,,,,,,12,12,,,2,1,,,,,,,,,,,8
2022-12-28T04:13:30+00:00,6942703,SA2KNG Experimental,16,C080010C02800C080200000000000000,,,,,,,,,12,12,,,2,1,,,,,,,,,,,8
2022-12-28T04:13:30+00:00,6942714,SA2KNG S-Band,16,C080010C02800C080200000000000000,,,,,,,,,12,12,,,2,1,,,,,,,,,,,8
2022-12-28T04:13:30+00:00,6942714,SA2KNG S-Band,10,C0800206022C03020000,,,,,,,2,,3,6,,,2,2,,,,,,,,,,,
2022-12-28T04:13:30+00:00,6942695,SA2KNG Omni UHF/VHF,16,C080010C02800C080200000000000000,,,,,,,,,12,12,,,2,1,,,,,,,,,,,8
2022-12-28T04:13:30+00:00,6934806,SP7THR-UHF,16,C080010C02800C080200000000000000,,,,,,,,,12,12,,,2,1,,,,,,,,,,,8
2022-12-28T04:13:35+00:00,6942703,SA2KNG Experimental,16,C080010C02800C0802000000D0070000,,,,,,,,,12,12,,,2,1,,,,,,,,,,,8
2022-12-28T04:13:36+00:00,6942695,SA2KNG Omni UHF/VHF,16,C080010C02800C0802000000D0070000,,,,,,,,,12,12,,,2,1,,,,,,,,,,,8
2022-12-28T04:13:43+00:00,6942714,SA2KNG S-Band,16,C080010C02800C0802000000D0070000,,,,,,,,,12,12,,,2,1,,,,,,,,,,,8
2022-12-28T04:13:45+00:00,6942703,SA2KNG Experimental,16,C080010C02800C0802000000D0070000,,,,,,,,,12,12,,,2,1,,,,,,,,,,,8
2022-12-28T04:13:45+00:00,6942714,SA2KNG S-Band,16,C080010C02800C0802000000D0070000,,,,,,,,,12,12,,,2,1,,,,,,,,,,,8
2022-12-28T04:13:45+00:00,6942695,SA2KNG Omni UHF/VHF,16,C080010C02800C0802000000D0070000,,,,,,,,,12,12,,,2,1,,,,,,,,,,,8
2022-12-28T04:13:45+00:00,6934806,SP7THR-UHF,16,C080010C02800C0802000000D0070000,,,,,,,,,12,12,,,2,1,,,,,,,,,,,8
2022-12-28T04:13:48+00:00,6942703,SA2KNG Experimental,16,C080010C02800C0802000000D0070000,,,,,,,,,12,12,,,2,1,,,,,,,,,,,8
2022-12-28T04:13:49+00:00,6942695,SA2KNG Omni UHF/VHF,16,C080010C02800C0802000000D0070000,,,,,,,,,12,12,,,2,1,,,,,,,,,,,8
2022-12-28T04:13:56+00:00,6942714,SA2KNG S-Band,16,C080010C02800C0802000000D0070000,,,,,,,,,12,12,,,2,1,,,,,,,,,,,8
2022-12-28T04:13:58+00:00,6942703,SA2KNG Experimental,16,C080010C02800C0802000000D0070000,,,,,,,,,12,12,,,2,1,,,,,,,,,,,8
2022-12-28T04:13:58+00:00,6942714,SA2KNG S-Band,16,C080010C02800C0802000000D0070000,,,,,,,,,12,12,,,2,1,,,,,,,,,,,8
2022-12-28T04:13:58+00:00,6942695,SA2KNG Omni UHF/VHF,16,C080010C02800C0802000000D0070000,,,,,,,,,12,12,,,2,1,,,,,,,,,,,8
2022-12-28T04:13:58+00:00,6934806,SP7THR-UHF,16,C080010C02800C0802000000D0070000,,,,,,,,,12,12,,,2,1,,,,,,,,,,,8
2022-12-28T04:14:01+00:00,6942703,SA2KNG Experimental,16,C080010C02800C080200000000000000,,,,,,,,,12,12,,,2,1,,,,,,,,,,,8
2022-12-28T04:14:02+00:00,6942695,SA2KNG Omni UHF/VHF,16,C080010C02800C080200000000000000,,,,,,,,,12,12,,,2,1,,,,,,,,,,,8
2022-12-28T04:14:10+00:00,6942714,SA2KNG S-Band,16,C080010C02800C080200000000000000,,,,,,,,,12,12,,,2,1,,,,,,,,,,,8
2022-12-28T04:14:11+00:00,6942703,SA2KNG Experimental,16,C080010C02800C080200000000000000,,,,,,,,,12,12,,,2,1,,,,,,,,,,,8
2022-12-28T04:14:11+00:00,6942714,SA2KNG S-Band,16,C080010C02800C080200000000000000,,,,,,,,,12,12,,,2,1,,,,,,,,,,,8
2022-12-28T04:14:11+00:00,6942695,SA2KNG Omni UHF/VHF,16,C080010C02800C080200000000000000,,,,,,,,,12,12,,,2,1,,,,,,,,,,,8
2022-12-28T04:14:16+00:00,6942695,SA2KNG Omni UHF/VHF,16,C080010C02800C080200000000000000,,,,,,,,,12,12,,,2,1,,,,,,,,,,,8
2022-12-28T04:14:23+00:00,6942714,SA2KNG S-Band,16,C080010C02800C080200000000000000,,,,,,,,,12,12,,,2,1,,,,,,,,,,,8
2022-12-28T04:14:25+00:00,6942714,SA2KNG S-Band,16,C080010C02800C080200000000000000,,,,,,,,,12,12,,,2,1,,,,,,,,,,,8
2022-12-28T04:14:25+00:00,6942695,SA2KNG Omni UHF/VHF,16,C080010C02800C080200000000000000,,,,,,,,,12,12,,,2,1,,,,,,,,,,,8
2022-12-28T04:14:25+00:00,6934806,SP7THR-UHF,16,C080010C02800C080200000000000000,,,,,,,,,12,12,,,2,1,,,,,,,,,,,8
2022-12-29T05:14:07+00:00,6947090,PE0SAT-11,16,C080010C02800C080200000000000000,,,,,,,,,12,12,,,2,1,,,,,,,,,,,8
2022-12-29T05:14:08+00:00,6947090,PE0SAT-11,10,C0800206022C03020000,,,,,,,2,,3,6,,,2,2,,,,,,,,,,,
2022-12-29T05:14:11+00:00,6947090,PE0SAT-11,16,C080010C02800C080200000000000000,,,,,,,,,12,12,,,2,1,,,,,,,,,,,8
2022-12-29T05:14:21+00:00,6947090,PE0SAT-11,16,C080010C02800C080200000000000000,,,,,,,,,12,12,,,2,1,,,,,,,,,,,8
2022-12-29T05:14:23+00:00,6947090,PE0SAT-11,10,C0800206022C03020000,,,,,,,2,,3,6,,,2,2,,,,,,,,,,,
2022-12-29T05:14:26+00:00,6947090,PE0SAT-11,16,C080010C02800C080200000000000000,,,,,,,,,12,12,,,2,1,,,,,,,,,,,8
2022-12-29T05:14:35+00:00,6947085,Drachten,10,C0800306022C08020000,,,,,,,,2,8,6,,,2,3,,,,,,,,,,,
2022-12-29T05:14:36+00:00,6947090,PE0SAT-11,16,C080010C02800C080200000000000000,,,,,,,,,12,12,,,2,1,,,,,,,,,,,8
2022-12-29T05:14:37+00:00,6947090,PE0SAT-11,10,C0800206022C03020000,,,,,,,2,,3,6,,,2,2,,,,,,,,,,,
2022-12-29T05:14:39+00:00,6947090,PE0SAT-11,10,C0800306022C08020000,,,,,,,,2,8,6,,,2,3,,,,,,,,,,,
2022-12-29T05:14:40+00:00,6947090,PE0SAT-11,16,C080010C02800C080200000000000000,,,,,,,,,12,12,,,2,1,,,,,,,,,,,8
2022-12-29T05:14:40+00:00,6947085,Drachten,16,C080010C02800C080200000000000000,,,,,,,,,12,12,,,2,1,,,,,,,,,,,8
2022-12-29T05:14:41+00:00,6947090,PE0SAT-11,10,C0800406022D0D020000,,2,,,,,,,13,6,,,2,4,,,,,,,,,,,
2022-12-29T05:14:42+00:00,6947090,PE0SAT-11,10,C0800506022D07020000,,,,,,2,,,7,6,,,2,5,,,,,,,,,,,
2022-12-29T05:14:43+00:00,6947090,PE0SAT-11,10,C0800606022D01020000,,,2,,,,,,1,6,,,2,6,,,,,,,,,,,
2022-12-29T05:14:45+00:00,6947090,PE0SAT-11,10,C0800706022D04020000,,,,,2,,,,4,6,,,2,7,,,,,,,,,,,
2022-12-29T05:14:47+00:00,6947090,PE0SAT-11,10,C0800806022D0A020000,2,,,,,,,,10,6,,,2,8,,,,,,,,,,,
2022-12-29T05:14:48+00:00,6947090,PE0SAT-11,16,C0800A0C02890308D2720400C907FDFF,,,,,,,,,3,12,8,,2,10,,,,,,,,,,,
2022-12-29T05:14:48+00:00,6947090,PE0SAT-11,10,C0800906022D1F020000,,,,2,,,,,31,6,,,2,9,,,,,,,,,,,
2022-12-29T05:14:49+00:00,6947090,PE0SAT-11,13,C0800C0902668105000058005A,,,,,,,,,129,9,,,2,12,5,,,,,,,,,,
2022-12-29T05:14:49+00:00,6947090,PE0SAT-11,16,C0800B0C02890508C56FFFFF06000000,,,,,,,,,5,12,,8,2,11,,,,,,,,,,,
2022-12-29T05:14:50+00:00,6947090,PE0SAT-11,13,C0800E0902668B050000590059,,,,,,,,,139,9,,,2,14,,,5,,,,,,,,
2022-12-29T05:14:50+00:00,6947090,PE0SAT-11,13,C0800D09026686050003ED0271,,,,,,,,,134,9,,,2,13,,5,,,,,,,,,
2022-12-29T05:14:50+00:00,6947198,PF_DE_UHF_X_DIPOLE,16,C080010C02800C080200000000000000,,,,,,,,,12,12,,,2,1,,,,,,,,,,,8
2022-12-29T05:14:51+00:00,6947090,PE0SAT-11,13,C0800F09026690050000580059,,,,,,,,,144,9,,,2,15,,,,5,,,,,,,
2022-12-29T05:14:52+00:00,6947090,PE0SAT-11,13,C080120902669F050000590058,,,,,,,,,159,9,,,2,18,,,,,,,5,,,,
2022-12-29T05:14:52+00:00,6947090,PE0SAT-11,13,C080110902669A050000570058,,,,,,,,,154,9,,,2,17,,,,,,5,,,,,
2022-12-29T05:14:52+00:00,6947090,PE0SAT-11,13,C0801009026695050000590058,,,,,,,,,149,9,,,2,16,,,,,5,,,,,,
2022-12-29T05:14:53+00:00,6947090,PE0SAT-11,16,C0800B0C02890508C56FFFFF06000000,,,,,,,,,5,12,,8,2,11,,,,,,,,,,,
2022-12-29T05:14:53+00:00,6947090,PE0SAT-11,16,C0800A0C02890308D2720400C907FDFF,,,,,,,,,3,12,8,,2,10,,,,,,,,,,,
2022-12-29T05:15:01+00:00,6947085,Drachten,16,C080010C02800C080200000000000000,,,,,,,,,12,12,,,2,1,,,,,,,,,,,8
2022-12-29T05:15:03+00:00,6947085,Drachten,10,C0800206022C03020000,,,,,,,2,,3,6,,,2,2,,,,,,,,,,,
2022-12-29T05:15:04+00:00,6947085,Drachten,10,C0800306022C08020000,,,,,,,,2,8,6,,,2,3,,,,,,,,,,,
2022-12-29T05:15:05+00:00,6947090,PE0SAT-11,16,C080010C02800C080200000000000000,,,,,,,,,12,12,,,2,1,,,,,,,,,,,8
2022-12-29T05:15:06+00:00,6947090,PE0SAT-11,10,C0800206022C03020000,,,,,,,2,,3,6,,,2,2,,,,,,,,,,,
2022-12-29T05:15:08+00:00,6947090,PE0SAT-11,10,C0800306022C08020000,,,,,,,,2,8,6,,,2,3,,,,,,,,,,,
2022-12-29T05:15:09+00:00,6947090,PE0SAT-11,16,C080010C02800C080200000000000000,,,,,,,,,12,12,,,2,1,,,,,,,,,,,8
2022-12-29T05:15:09+00:00,6947085,Drachten,16,C080010C02800C080200000000000000,,,,,,,,,12,12,,,2,1,,,,,,,,,,,8
2022-12-29T05:15:20+00:00,6947085,Drachten,10,C0800206022C03020000,,,,,,,2,,3,6,,,2,2,,,,,,,,,,,
2022-12-29T05:15:22+00:00,6947090,PE0SAT-11,16,C080010C02800C0802000000D0070000,,,,,,,,,12,12,,,2,1,,,,,,,,,,,8
2022-12-29T05:15:23+00:00,6947090,PE0SAT-11,10,C0800206022C03020000,,,,,,,2,,3,6,,,2,2,,,,,,,,,,,
2022-12-29T05:15:26+00:00,6947090,PE0SAT-11,16,C080010C02800C0802000000D0070000,,,,,,,,,12,12,,,2,1,,,,,,,,,,,8
2022-12-29T05:15:33+00:00,6947085,Drachten,16,C080010C02800C080200000000000000,,,,,,,,,12,12,,,2,1,,,,,,,,,,,8
2022-12-29T05:15:34+00:00,6947085,Drachten,10,C0800206022C03020000,,,,,,,2,,3,6,,,2,2,,,,,,,,,,,
2022-12-29T05:15:36+00:00,6947090,PE0SAT-11,16,C080010C02800C080200000000000000,,,,,,,,,12,12,,,2,1,,,,,,,,,,,8
2022-12-29T05:15:38+00:00,6947090,PE0SAT-11,10,C0800206022C03020000,,,,,,,2,,3,6,,,2,2,,,,,,,,,,,
2022-12-29T05:15:41+00:00,6947090,PE0SAT-11,16,C080010C02800C080200000000000000,,,,,,,,,12,12,,,2,1,,,,,,,,,,,8
2022-12-29T05:15:41+00:00,6947085,Drachten,16,C080010C02800C080200000000000000,,,,,,,,,12,12,,,2,1,,,,,,,,,,,8
2022-12-29T05:15:47+00:00,6947085,Drachten,16,C080010C02800C0802000000E8030000,,,,,,,,,12,12,,,2,1,,,,,,,,,,,8
2022-12-29T05:15:49+00:00,6947085,Drachten,10,C0800206022C03020000,,,,,,,2,,3,6,,,2,2,,,,,,,,,,,
2022-12-29T05:15:51+00:00,6947090,PE0SAT-11,16,C080010C02800C0802000000E8030000,,,,,,,,,12,12,,,2,1,,,,,,,,,,,8
2022-12-29T05:15:53+00:00,6947090,PE0SAT-11,10,C0800206022C03020000,,,,,,,2,,3,6,,,2,2,,,,,,,,,,,
2022-12-29T05:15:55+00:00,6947090,PE0SAT-11,16,C080010C02800C0802000000E8030000,,,,,,,,,12,12,,,2,1,,,,,,,,,,,8
2022-12-29T05:15:55+00:00,6947085,Drachten,16,C080010C02800C0802000000E8030000,,,,,,,,,12,12,,,2,1,,,,,,,,,,,8
2022-12-29T05:16:02+00:00,6947085,Drachten,16,C080010C02800C0802000000D0070000,,,,,,,,,12,12,,,2,1,,,,,,,,,,,8
2022-12-29T05:16:03+00:00,6947085,Drachten,10,C0800206022C03020000,,,,,,,2,,3,6,,,2,2,,,,,,,,,,,
2022-12-29T05:16:05+00:00,6947090,PE0SAT-11,16,C080010C02800C0802000000D0070000,,,,,,,,,12,12,,,2,1,,,,,,,,,,,8
2022-12-29T05:16:07+00:00,6947090,PE0SAT-11,10,C0800206022C03020000,,,,,,,2,,3,6,,,2,2,,,,,,,,,,,
2022-12-29T05:16:16+00:00,6947085,Drachten,16,C080010C02800C0802000000D0070000,,,,,,,,,12,12,,,2,1,,,,,,,,,,,8
2022-12-29T05:16:17+00:00,6947085,Drachten,10,C0800206022C03020000,,,,,,,2,,3,6,,,2,2,,,,,,,,,,,
2022-12-29T05:16:20+00:00,6947090,PE0SAT-11,16,C080010C02800C0802000000D0070000,,,,,,,,,12,12,,,2,1,,,,,,,,,,,8
2022-12-29T05:16:24+00:00,6947090,PE0SAT-11,16,C080010C02800C0802000000D0070000,,,,,,,,,12,12,,,2,1,,,,,,,,,,,8
2022-12-29T05:16:24+00:00,6947085,Drachten,16,C080010C02800C0802000000D0070000,,,,,,,,,12,12,,,2,1,,,,,,,,,,,8
2022-12-29T05:16:31+00:00,6947085,Drachten,16,C080010C02800C080200000000000000,,,,,,,,,12,12,,,2,1,,,,,,,,,,,8
2022-12-29T05:16:39+00:00,6947090,PE0SAT-11,16,C080010C02800C080200000000000000,,,,,,,,,12,12,,,2,1,,,,,,,,,,,8
2022-12-29T05:16:45+00:00,6947085,Drachten,16,C080010C02800C0802000000D0070000,,,,,,,,,12,12,,,2,1,,,,,,,,,,,8
2022-12-29T05:17:01+00:00,6947085,Drachten,10,C0800206022C03020000,,,,,,,2,,3,6,,,2,2,,,,,,,,,,,
2022-12-29T05:17:08+00:00,6947085,Drachten,16,C080010C02800C080200000000000000,,,,,,,,,12,12,,,2,1,,,,,,,,,,,8
2022-12-29T05:17:16+00:00,6947085,Drachten,10,C0800206022C03020000,,,,,,,2,,3,6,,,2,2,,,,,,,,,,,
2022-12-29T05:17:30+00:00,6947085,Drachten,10,C0800206022C03020000,,,,,,,2,,3,6,,,2,2,,,,,,,,,,,
2022-12-29T05:18:21+00:00,6947085,Drachten,16,C080010C02800C080200000000000000,,,,,,,,,12,12,,,2,1,,,,,,,,,,,8
2022-12-29T05:18:28+00:00,6947085,Drachten,10,C0800206022C03020000,,,,,,,2,,3,6,,,2,2,,,,,,,,,,,
2022-12-29T05:18:50+00:00,6947085,Drachten,16,C080010C02800C080200000000000000,,,,,,,,,12,12,,,2,1,,,,,,,,,,,8
2022-12-29T05:19:16+00:00,6947085,Drachten,16,C080010C02800C0802000000D0070000,,,,,,,,,12,12,,,2,1,,,,,,,,,,,8
2022-12-29T08:35:42+00:00,6944574,M0KSF,16,C0800B0C028905083919FEFF06000000,,,,,,,,,5,12,,8,2,11,,,,,,,,,,,
2022-12-29T08:35:48+00:00,6944574,M0KSF,16,C080160C02800C080C00000010E50A00,,,,,,,,,12,12,,,2,22,,,,,,,,,,,8
2022-12-29T08:36:04+00:00,6944574,M0KSF,16,C080200C02890508422EFEFF11000000,,,,,,,,,5,12,,8,2,32,,,,,,,,,,,
2022-12-29T08:36:04+00:00,6944574,M0KSF,16,C0801F0C02890308B7300400E346FDFF,,,,,,,,,3,12,8,,2,31,,,,,,,,,,,
2022-12-29T08:36:10+00:00,6944574,M0KSF,16,C0802B0C02800C081700000088F50400,,,,,,,,,12,12,,,2,43,,,,,,,,,,,8
2022-12-29T08:36:22+00:00,6944574,M0KSF,16,C080340C02890308BD3F0400CD10FDFF,,,,,,,,,3,12,8,,2,52,,,,,,,,,,,
2022-12-29T08:36:23+00:00,6944574,M0KSF,16,C080350C028905089903FFFF1C000000,,,,,,,,,5,12,,8,2,53,,,,,,,,,,,
2022-12-29T08:36:44+00:00,6944574,M0KSF,16,C080400C02800C0822000000983A0000,,,,,,,,,12,12,,,2,64,,,,,,,,,,,8
2022-12-29T08:36:57+00:00,6944574,M0KSF,16,C080490C028903084EA205009589FCFF,,,,,,,,,3,12,8,,2,73,,,,,,,,,,,
2022-12-29T08:36:57+00:00,6944574,M0KSF,16,C0804A0C0289050887D6FEFF26000000,,,,,,,,,5,12,,8,2,74,,,,,,,,,,,
2022-12-29T08:37:03+00:00,6944574,M0KSF,16,C080550C02800C082C00000050040B00,,,,,,,,,12,12,,,2,85,,,,,,,,,,,8
2022-12-30T00:03:58+00:00,6952168,MAUSyagi,16,C080010C02800C080200000000000000,,,,,,,,,12,12,,,2,1,,,,,,,,,,,8
2022-12-30T00:04:01+00:00,6952159,MAUSyagi,16,C080010C02800C080200000000000000,,,,,,,,,12,12,,,2,1,,,,,,,,,,,8
2022-12-30T00:04:03+00:00,6952159,MAUSyagi,16,C080010C02800C080200000000000000,,,,,,,,,12,12,,,2,1,,,,,,,,,,,8
2022-12-30T00:04:11+00:00,6952168,MAUSyagi,16,C080010C02800C080200000000000000,,,,,,,,,12,12,,,2,1,,,,,,,,,,,8
2022-12-30T00:04:14+00:00,6952159,MAUSyagi,16,C080010C02800C080200000000000000,,,,,,,,,12,12,,,2,1,,,,,,,,,,,8
2022-12-30T00:04:15+00:00,6952159,MAUSyagi,16,C080010C02800C080200000000000000,,,,,,,,,12,12,,,2,1,,,,,,,,,,,8
2022-12-30T00:04:24+00:00,6952168,MAUSyagi,16,C080010C02800C0802000000E8030000,,,,,,,,,12,12,,,2,1,,,,,,,,,,,8
2022-12-30T00:04:27+00:00,6952159,MAUSyagi,16,C080010C02800C0802000000E8030000,,,,,,,,,12,12,,,2,1,,,,,,,,,,,8
2022-12-30T00:04:29+00:00,6952159,MAUSyagi,16,C080010C02800C0802000000E8030000,,,,,,,,,12,12,,,2,1,,,,,,,,,,,8
2022-12-30T00:04:37+00:00,6952168,MAUSyagi,16,C080010C02800C080200000000000000,,,,,,,,,12,12,,,2,1,,,,,,,,,,,8
2022-12-30T00:04:39+00:00,6952168,MAUSyagi,10,C0800206022C03020000,,,,,,,2,,3,6,,,2,2,,,,,,,,,,,
2022-12-30T00:04:40+00:00,6952159,MAUSyagi,16,C080010C02800C080200000000000000,,,,,,,,,12,12,,,2,1,,,,,,,,,,,8
2022-12-30T00:04:42+00:00,6952159,MAUSyagi,16,C080010C02800C080200000000000000,,,,,,,,,12,12,,,2,1,,,,,,,,,,,8
2022-12-30T00:04:42+00:00,6952159,MAUSyagi,10,C0800206022C03020000,,,,,,,2,,3,6,,,2,2,,,,,,,,,,,
2022-12-30T00:04:52+00:00,6952168,MAUSyagi,16,C080010C02800C0802000000D0070000,,,,,,,,,12,12,,,2,1,,,,,,,,,,,8
2022-12-30T00:04:55+00:00,6952159,MAUSyagi,16,C080010C02800C0802000000D0070000,,,,,,,,,12,12,,,2,1,,,,,,,,,,,8
2022-12-30T00:05:04+00:00,6952168,MAUSyagi,16,C080010C02800C0802000000D0070000,,,,,,,,,12,12,,,2,1,,,,,,,,,,,8
2022-12-30T00:05:06+00:00,6952168,MAUSyagi,10,C0800206022C03020000,,,,,,,2,,3,6,,,2,2,,,,,,,,,,,
2022-12-30T00:05:07+00:00,6952159,MAUSyagi,16,C080010C02800C0802000000D0070000,,,,,,,,,12,12,,,2,1,,,,,,,,,,,8
2022-12-30T00:05:08+00:00,6952172,MAUSyagi-AK,10,C0800206022C03020000,,,,,,,2,,3,6,,,2,2,,,,,,,,,,,
2022-12-30T00:05:09+00:00,6952159,MAUSyagi,10,C0800206022C03020000,,,,,,,2,,3,6,,,2,2,,,,,,,,,,,
2022-12-30T00:05:19+00:00,6952168,MAUSyagi,16,C080010C02800C0802000000D0070000,,,,,,,,,12,12,,,2,1,,,,,,,,,,,8
2022-12-30T00:05:20+00:00,6952168,MAUSyagi,10,C0800206022C03020000,,,,,,,2,,3,6,,,2,2,,,,,,,,,,,
2022-12-30T00:05:22+00:00,6952159,MAUSyagi,16,C080010C02800C0802000000D0070000,,,,,,,,,12,12,,,2,1,,,,,,,,,,,8
2022-12-30T00:05:23+00:00,6952159,MAUSyagi,10,C0800206022C03020000,,,,,,,2,,3,6,,,2,2,,,,,,,,,,,
2022-12-30T00:05:23+00:00,6952159,MAUSyagi,16,C080010C02800C0802000000D0070000,,,,,,,,,12,12,,,2,1,,,,,,,,,,,8
2022-12-30T00:05:33+00:00,6952168,MAUSyagi,16,C080010C02800C0802000000D0070000,,,,,,,,,12,12,,,2,1,,,,,,,,,,,8
2022-12-30T00:05:36+00:00,6952159,MAUSyagi,16,C080010C02800C0802000000D0070000,,,,,,,,,12,12,,,2,1,,,,,,,,,,,8
2022-12-30T00:05:46+00:00,6952168,MAUSyagi,16,C080010C02800C080200000000000000,,,,,,,,,12,12,,,2,1,,,,,,,,,,,8
2022-12-30T00:05:49+00:00,6952159,MAUSyagi,16,C080010C02800C080200000000000000,,,,,,,,,12,12,,,2,1,,,,,,,,,,,8
2022-12-30T00:05:50+00:00,6952159,MAUSyagi,16,C080010C02800C080200000000000000,,,,,,,,,12,12,,,2,1,,,,,,,,,,,8
2022-12-30T00:05:59+00:00,6952168,MAUSyagi,16,C080010C02800C080200000000000000,,,,,,,,,12,12,,,2,1,,,,,,,,,,,8
2022-12-30T00:06:02+00:00,6952159,MAUSyagi,16,C080010C02800C080200000000000000,,,,,,,,,12,12,,,2,1,,,,,,,,,,,8
2022-12-30T00:06:03+00:00,6952159,MAUSyagi,16,C080010C02800C080200000000000000,,,,,,,,,12,12,,,2,1,,,,,,,,,,,8
2022-12-30T00:06:11+00:00,6952168,MAUSyagi,16,C080010C02800C080200000000000000,,,,,,,,,12,12,,,2,1,,,,,,,,,,,8
2022-12-30T00:06:14+00:00,6952159,MAUSyagi,16,C080010C02800C080200000000000000,,,,,,,,,12,12,,,2,1,,,,,,,,,,,8
2022-12-30T00:06:16+00:00,6952159,MAUSyagi,16,C080010C02800C080200000000000000,,,,,,,,,12,12,,,2,1,,,,,,,,,,,8
2022-12-30T03:02:29+00:00,6950396,M0KSF,16,C080010C02800C0802000000D0070000,,,,,,,,,12,12,,,2,1,,,,,,,,,,,8
2022-12-30T03:02:46+00:00,6950396,M0KSF,16,C080010C02800C0802000000D0070000,,,,,,,,,12,12,,,2,1,,,,,,,,,,,8
2022-12-30T03:03:00+00:00,6950396,M0KSF,16,C080010C02800C080200000000000000,,,,,,,,,12,12,,,2,1,,,,,,,,,,,8
2022-12-30T03:03:15+00:00,6950396,M0KSF,16,C080010C02800C080200000000000000,,,,,,,,,12,12,,,2,1,,,,,,,,,,,8
2022-12-30T03:03:30+00:00,6950396,M0KSF,16,C080010C02800C080200000000000000,,,,,,,,,12,12,,,2,1,,,,,,,,,,,8
2022-12-30T03:03:44+00:00,6950396,M0KSF,16,C080010C02800C080200000000000000,,,,,,,,,12,12,,,2,1,,,,,,,,,,,8
2022-12-30T03:05:12+00:00,6950396,M0KSF,16,C080010C02800C0802000000D0070000,,,,,,,,,12,12,,,2,1,,,,,,,,,,,8
2022-12-30T04:36:31+00:00,6950399,M0KSF,16,C080010C02800C080200000000000000,,,,,,,,,12,12,,,2,1,,,,,,,,,,,8
2022-12-30T04:36:43+00:00,6950399,M0KSF,16,C080010C02800C0802000000E8030000,,,,,,,,,12,12,,,2,1,,,,,,,,,,,8
2022-12-30T04:36:43+00:00,6943418,SP7THR-UHF,16,C080010C02800C0802000000E8030000,,,,,,,,,12,12,,,2,1,,,,,,,,,,,8
2022-12-30T04:36:56+00:00,6950399,M0KSF,16,C080010C02800C0802000000D0070000,,,,,,,,,12,12,,,2,1,,,,,,,,,,,8
2022-12-30T04:36:56+00:00,6951469,Apomahon,16,C080010C02800C0802000000D0070000,,,,,,,,,12,12,,,2,1,,,,,,,,,,,8
2022-12-30T04:37:08+00:00,6950399,M0KSF,16,C080010C02800C080200000000000000,,,,,,,,,12,12,,,2,1,,,,,,,,,,,8
2022-12-30T04:37:08+00:00,6943418,SP7THR-UHF,16,C080010C02800C080200000000000000,,,,,,,,,12,12,,,2,1,,,,,,,,,,,8
2022-12-30T04:37:21+00:00,6951469,Apomahon,16,C080010C02800C080200000000000000,,,,,,,,,12,12,,,2,1,,,,,,,,,,,8
2022-12-30T04:38:11+00:00,6950399,M0KSF,16,C080010C02800C080200000000000000,,,,,,,,,12,12,,,2,1,,,,,,,,,,,8
2022-12-30T04:38:24+00:00,6950399,M0KSF,16,C080010C02800C080200000000000000,,,,,,,,,12,12,,,2,1,,,,,,,,,,,8
2022-12-30T08:00:11+00:00,6950405,M0KSF,16,C080010C02800C0802000000D0070000,,,,,,,,,12,12,,,2,1,,,,,,,,,,,8
2022-12-30T08:00:52+00:00,6950947,M0KSF-BB,16,C080010C02800C0802000000D0070000,,,,,,,,,12,12,,,2,1,,,,,,,,,,,8
2022-12-30T08:01:07+00:00,6950947,M0KSF-BB,16,C080010C02800C080200000000000000,,,,,,,,,12,12,,,2,1,,,,,,,,,,,8
2022-12-30T08:01:21+00:00,6950947,M0KSF-BB,16,C080010C02800C080200000000000000,,,,,,,,,12,12,,,2,1,,,,,,,,,,,8
2022-12-30T08:02:35+00:00,6950947,M0KSF-BB,16,C080010C02800C0802000000D0070000,,,,,,,,,12,12,,,2,1,,,,,,,,,,,8
2022-12-31T02:28:33+00:00,6955282,M0KSF,16,C080010C02800C080200000000000000,,,,,,,,,12,12,,,2,1,,,,,,,,,,,8
2022-12-31T02:28:48+00:00,6955282,M0KSF,16,C080010C02800C080200000000000000,,,,,,,,,12,12,,,2,1,,,,,,,,,,,8
2022-12-31T02:29:02+00:00,6955282,M0KSF,16,C080010C02800C080200000000000000,,,,,,,,,12,12,,,2,1,,,,,,,,,,,8
2022-12-31T02:29:16+00:00,6955282,M0KSF,16,C080010C02800C080200000000000000,,,,,,,,,12,12,,,2,1,,,,,,,,,,,8
2022-12-31T02:29:29+00:00,6955282,M0KSF,16,C080010C02800C080200000000000000,,,,,,,,,12,12,,,2,1,,,,,,,,,,,8
2022-12-31T02:29:42+00:00,6955282,M0KSF,16,C080010C02800C080200000000000000,,,,,,,,,12,12,,,2,1,,,,,,,,,,,8
2022-12-31T04:07:00+00:00,6955284,M0KSF,16,C080010C02800C080200000000000000,,,,,,,,,12,12,,,2,1,,,,,,,,,,,8
2022-12-31T04:07:03+00:00,6957359,SA2KNG Omni UHF/VHF,16,C080010C02800C080200000000000000,,,,,,,,,12,12,,,2,1,,,,,,,,,,,8
2022-12-31T04:07:12+00:00,6957359,SA2KNG Omni UHF/VHF,16,C080010C02800C080200000000000000,,,,,,,,,12,12,,,2,1,,,,,,,,,,,8
2022-12-31T04:07:12+00:00,6955284,M0KSF,16,C080010C02800C080200000000000000,,,,,,,,,12,12,,,2,1,,,,,,,,,,,8
2022-12-31T04:07:16+00:00,6957359,SA2KNG Omni UHF/VHF,16,C080010C02800C0802000000D0070000,,,,,,,,,12,12,,,2,1,,,,,,,,,,,8
2022-12-31T04:07:25+00:00,6957359,SA2KNG Omni UHF/VHF,16,C080010C02800C0802000000D0070000,,,,,,,,,12,12,,,2,1,,,,,,,,,,,8
2022-12-31T04:07:25+00:00,6955284,M0KSF,16,C080010C02800C0802000000D0070000,,,,,,,,,12,12,,,2,1,,,,,,,,,,,8
2022-12-31T04:07:28+00:00,6957359,SA2KNG Omni UHF/VHF,16,C080010C02800C080200000000000000,,,,,,,,,12,12,,,2,1,,,,,,,,,,,8
2022-12-31T04:07:38+00:00,6957359,SA2KNG Omni UHF/VHF,16,C080010C02800C080200000000000000,,,,,,,,,12,12,,,2,1,,,,,,,,,,,8
2022-12-31T04:07:38+00:00,6955284,M0KSF,16,C080010C02800C080200000000000000,,,,,,,,,12,12,,,2,1,,,,,,,,,,,8
2022-12-31T04:07:41+00:00,6957359,SA2KNG Omni UHF/VHF,16,C080010C02800C080200000000000000,,,,,,,,,12,12,,,2,1,,,,,,,,,,,8
2022-12-31T04:07:50+00:00,6957359,SA2KNG Omni UHF/VHF,16,C080010C02800C080200000000000000,,,,,,,,,12,12,,,2,1,,,,,,,,,,,8
2022-12-31T04:07:50+00:00,6955284,M0KSF,16,C080010C02800C080200000000000000,,,,,,,,,12,12,,,2,1,,,,,,,,,,,8
2022-12-31T04:07:54+00:00,6957359,SA2KNG Omni UHF/VHF,16,C080010C02800C080200000000000000,,,,,,,,,12,12,,,2,1,,,,,,,,,,,8
2022-12-31T04:08:03+00:00,6957359,SA2KNG Omni UHF/VHF,16,C080010C02800C080200000000000000,,,,,,,,,12,12,,,2,1,,,,,,,,,,,8
2022-12-31T04:08:03+00:00,6955284,M0KSF,16,C080010C02800C080200000000000000,,,,,,,,,12,12,,,2,1,,,,,,,,,,,8
2022-12-31T04:09:57+00:00,6957364,SA2KNG Experimental,16,C080010C02800C080200000000000000,,,,,,,,,12,12,,,2,1,,,,,,,,,,,8
2022-12-31T04:09:57+00:00,6957359,SA2KNG Omni UHF/VHF,16,C080010C02800C080200000000000000,,,,,,,,,12,12,,,2,1,,,,,,,,,,,8
2022-12-31T04:10:05+00:00,6957375,SA2KNG S-Band,16,C080010C02800C080200000000000000,,,,,,,,,12,12,,,2,1,,,,,,,,,,,8
2022-12-31T04:10:07+00:00,6957364,SA2KNG Experimental,16,C080010C02800C080200000000000000,,,,,,,,,12,12,,,2,1,,,,,,,,,,,8
2022-12-31T04:10:07+00:00,6957375,SA2KNG S-Band,16,C080010C02800C080200000000000000,,,,,,,,,12,12,,,2,1,,,,,,,,,,,8
2022-12-31T04:10:07+00:00,6957359,SA2KNG Omni UHF/VHF,16,C080010C02800C080200000000000000,,,,,,,,,12,12,,,2,1,,,,,,,,,,,8
2022-12-31T04:10:09+00:00,6957364,SA2KNG Experimental,16,C080010C02800C080200000000000000,,,,,,,,,12,12,,,2,1,,,,,,,,,,,8
2022-12-31T04:10:10+00:00,6957359,SA2KNG Omni UHF/VHF,16,C080010C02800C080200000000000000,,,,,,,,,12,12,,,2,1,,,,,,,,,,,8
2022-12-31T04:10:18+00:00,6957375,SA2KNG S-Band,16,C080010C02800C080200000000000000,,,,,,,,,12,12,,,2,1,,,,,,,,,,,8
2022-12-31T04:10:19+00:00,6957364,SA2KNG Experimental,16,C080010C02800C080200000000000000,,,,,,,,,12,12,,,2,1,,,,,,,,,,,8
2022-12-31T04:10:19+00:00,6957375,SA2KNG S-Band,16,C080010C02800C080200000000000000,,,,,,,,,12,12,,,2,1,,,,,,,,,,,8
2022-12-31T04:10:19+00:00,6957359,SA2KNG Omni UHF/VHF,16,C080010C02800C080200000000000000,,,,,,,,,12,12,,,2,1,,,,,,,,,,,8
2022-12-31T04:10:19+00:00,6955284,M0KSF,16,C080010C02800C080200000000000000,,,,,,,,,12,12,,,2,1,,,,,,,,,,,8
2022-12-31T04:10:23+00:00,6957359,SA2KNG Omni UHF/VHF,16,C080010C02800C080200000000000000,,,,,,,,,12,12,,,2,1,,,,,,,,,,,8
2022-12-31T04:10:30+00:00,6957375,SA2KNG S-Band,16,C080010C02800C080200000000000000,,,,,,,,,12,12,,,2,1,,,,,,,,,,,8
2022-12-31T04:10:32+00:00,6957375,SA2KNG S-Band,16,C080010C02800C080200000000000000,,,,,,,,,12,12,,,2,1,,,,,,,,,,,8
2022-12-31T04:10:32+00:00,6957359,SA2KNG Omni UHF/VHF,16,C080010C02800C080200000000000000,,,,,,,,,12,12,,,2,1,,,,,,,,,,,8
2022-12-31T04:10:32+00:00,6955284,M0KSF,16,C080010C02800C080200000000000000,,,,,,,,,12,12,,,2,1,,,,,,,,,,,8
2022-12-31T04:10:35+00:00,6957359,SA2KNG Omni UHF/VHF,16,C080010C02800C080200000000000000,,,,,,,,,12,12,,,2,1,,,,,,,,,,,8
2022-12-31T04:10:43+00:00,6957375,SA2KNG S-Band,16,C080010C02800C080200000000000000,,,,,,,,,12,12,,,2,1,,,,,,,,,,,8
2022-12-31T04:10:45+00:00,6957375,SA2KNG S-Band,16,C080010C02800C080200000000000000,,,,,,,,,12,12,,,2,1,,,,,,,,,,,8
2022-12-31T04:10:45+00:00,6957359,SA2KNG Omni UHF/VHF,16,C080010C02800C080200000000000000,,,,,,,,,12,12,,,2,1,,,,,,,,,,,8
2022-12-31T04:10:48+00:00,6957359,SA2KNG Omni UHF/VHF,16,C080010C02800C0802000000D0070000,,,,,,,,,12,12,,,2,1,,,,,,,,,,,8
2022-12-31T04:10:58+00:00,6957375,SA2KNG S-Band,16,C080010C02800C0802000000D0070000,,,,,,,,,12,12,,,2,1,,,,,,,,,,,8
2022-12-31T04:10:58+00:00,6957359,SA2KNG Omni UHF/VHF,16,C080010C02800C0802000000D0070000,,,,,,,,,12,12,,,2,1,,,,,,,,,,,8
2022-12-31T04:10:58+00:00,6955631,M0KSF-BB,16,C080010C02800C0802000000D0070000,,,,,,,,,12,12,,,2,1,,,,,,,,,,,8
2022-12-31T17:53:10+00:00,6959284,M0KSF,16,C080010C02800C080200000000000000,,,,,,,,,12,12,,,2,1,,,,,,,,,,,8
2022-12-31T17:53:38+00:00,6959284,M0KSF,16,C080010C02800C080200000000000000,,,,,,,,,12,12,,,2,1,,,,,,,,,,,8
2022-12-31T17:53:51+00:00,6959284,M0KSF,16,C080010C02800C0802000000D0070000,,,,,,,,,12,12,,,2,1,,,,,,,,,,,8
2022-12-31T17:55:56+00:00,6959284,M0KSF,16,C080010C02800C080200000000000000,,,,,,,,,12,12,,,2,1,,,,,,,,,,,8
2022-12-31T22:13:43+00:00,6960931,YB8XM,16,C080010C02800C080200000000000000,,,,,,,,,12,12,,,2,1,,,,,,,,,,,8
2022-12-31T22:13:48+00:00,6960931,YB8XM,16,C080010C02800C080200000000000000,,,,,,,,,12,12,,,2,1,,,,,,,,,,,8
2023-01-01T06:48:48+00:00,6959707,M0KSF-BB,16,C080010C02800C080200000000000000,,,,,,,,,12,12,,,2,1,,,,,,,,,,,8
2023-01-01T06:48:48+00:00,6959307,M0KSF,16,C080010C02800C080200000000000000,,,,,,,,,12,12,,,2,1,,,,,,,,,,,8
2023-01-01T06:49:01+00:00,6959707,M0KSF-BB,16,C080010C02800C0802000000D0070000,,,,,,,,,12,12,,,2,1,,,,,,,,,,,8
2023-01-01T06:49:01+00:00,6959307,M0KSF,16,C080010C02800C0802000000D0070000,,,,,,,,,12,12,,,2,1,,,,,,,,,,,8
2023-01-01T06:49:14+00:00,6959307,M0KSF,16,C080010C02800C0802000000D0070000,,,,,,,,,12,12,,,2,1,,,,,,,,,,,8
2023-01-01T06:49:26+00:00,6959707,M0KSF-BB,16,C080010C02800C080200000000000000,,,,,,,,,12,12,,,2,1,,,,,,,,,,,8
2023-01-01T06:49:26+00:00,6959307,M0KSF,16,C080010C02800C080200000000000000,,,,,,,,,12,12,,,2,1,,,,,,,,,,,8
2023-01-01T06:49:39+00:00,6959707,M0KSF-BB,16,C080010C02800C080200000000000000,,,,,,,,,12,12,,,2,1,,,,,,,,,,,8
2023-01-01T06:49:39+00:00,6959307,M0KSF,16,C080010C02800C080200000000000000,,,,,,,,,12,12,,,2,1,,,,,,,,,,,8
2023-01-01T06:49:53+00:00,6959707,M0KSF-BB,16,C080010C02800C0802000000D0070000,,,,,,,,,12,12,,,2,1,,,,,,,,,,,8
2023-01-01T06:49:53+00:00,6959307,M0KSF,16,C080010C02800C0802000000D0070000,,,,,,,,,12,12,,,2,1,,,,,,,,,,,8
2023-01-01T06:50:06+00:00,6959707,M0KSF-BB,16,C080010C02800C080200000000000000,,,,,,,,,12,12,,,2,1,,,,,,,,,,,8
2023-01-01T06:50:06+00:00,6959307,M0KSF,16,C080010C02800C080200000000000000,,,,,,,,,12,12,,,2,1,,,,,,,,,,,8
2023-01-01T06:50:19+00:00,6959707,M0KSF-BB,16,C080010C02800C080200000000000000,,,,,,,,,12,12,,,2,1,,,,,,,,,,,8
2023-01-01T06:50:19+00:00,6959307,M0KSF,16,C080010C02800C080200000000000000,,,,,,,,,12,12,,,2,1,,,,,,,,,,,8
2023-01-01T06:50:33+00:00,6959707,M0KSF-BB,16,C080010C02800C080200000000000000,,,,,,,,,12,12,,,2,1,,,,,,,,,,,8
2023-01-01T06:50:33+00:00,6959307,M0KSF,16,C080010C02800C080200000000000000,,,,,,,,,12,12,,,2,1,,,,,,,,,,,8
2023-01-01T06:50:45+00:00,6959707,M0KSF-BB,16,C080010C02800C080200000000000000,,,,,,,,,12,12,,,2,1,,,,,,,,,,,8
2023-01-01T06:50:45+00:00,6959307,M0KSF,16,C080010C02800C080200000000000000,,,,,,,,,12,12,,,2,1,,,,,,,,,,,8
2023-01-01T06:50:58+00:00,6959707,M0KSF-BB,16,C080010C02800C080200000000000000,,,,,,,,,12,12,,,2,1,,,,,,,,,,,8
2023-01-01T06:50:58+00:00,6959307,M0KSF,16,C080010C02800C080200000000000000,,,,,,,,,12,12,,,2,1,,,,,,,,,,,8
2023-01-01T06:51:11+00:00,6959707,M0KSF-BB,16,C080010C02800C080200000000000000,,,,,,,,,12,12,,,2,1,,,,,,,,,,,8
2023-01-01T06:51:11+00:00,6959307,M0KSF,16,C080010C02800C080200000000000000,,,,,,,,,12,12,,,2,1,,,,,,,,,,,8
2023-01-01T06:51:23+00:00,6959707,M0KSF-BB,16,C080010C02800C080200000000000000,,,,,,,,,12,12,,,2,1,,,,,,,,,,,8
2023-01-01T06:51:23+00:00,6959307,M0KSF,16,C080010C02800C080200000000000000,,,,,,,,,12,12,,,2,1,,,,,,,,,,,8
2023-01-01T06:51:36+00:00,6959307,M0KSF,16,C080010C02800C080200000000000000,,,,,,,,,12,12,,,2,1,,,,,,,,,,,8
2023-01-02T08:01:17+00:00,6963381,M0KSF,16,C080010C02800C080200000000000000,,,,,,,,,12,12,,,2,1,,,,,,,,,,,8
2023-01-02T08:01:30+00:00,6963381,M0KSF,16,C080010C02800C080200000000000000,,,,,,,,,12,12,,,2,1,,,,,,,,,,,8
2023-01-02T08:01:43+00:00,6963381,M0KSF,16,C080010C02800C0802000000D0070000,,,,,,,,,12,12,,,2,1,,,,,,,,,,,8
2023-01-03T04:04:40+00:00,6971220,SA2KNG S-Band,16,C080010C02800C0802000000D0070000,,,,,,,,,12,12,,,2,1,,,,,,,,,,,8
2023-01-03T04:05:05+00:00,6971220,SA2KNG S-Band,16,C080010C02800C0802000000D0070000,,,,,,,,,12,12,,,2,1,,,,,,,,,,,8
2023-01-03T04:05:06+00:00,6971220,SA2KNG S-Band,16,C080010C02800C0802000000D0070000,,,,,,,,,12,12,,,2,1,,,,,,,,,,,8
2023-01-03T04:05:06+00:00,6971208,SA2KNG Omni UHF/VHF,16,C080010C02800C0802000000D0070000,,,,,,,,,12,12,,,2,1,,,,,,,,,,,8
2023-01-03T04:05:06+00:00,6968309,M0KSF,16,C080010C02800C0802000000D0070000,,,,,,,,,12,12,,,2,1,,,,,,,,,,,8
2023-01-03T04:05:09+00:00,6971213,SA2KNG Experimental,16,C080010C02800C080200000000000000,,,,,,,,,12,12,,,2,1,,,,,,,,,,,8
2023-01-03T04:05:09+00:00,6971208,SA2KNG Omni UHF/VHF,16,C080010C02800C080200000000000000,,,,,,,,,12,12,,,2,1,,,,,,,,,,,8
2023-01-03T04:05:17+00:00,6971220,SA2KNG S-Band,16,C080010C02800C080200000000000000,,,,,,,,,12,12,,,2,1,,,,,,,,,,,8
2023-01-03T04:05:19+00:00,6971213,SA2KNG Experimental,16,C080010C02800C080200000000000000,,,,,,,,,12,12,,,2,1,,,,,,,,,,,8
2023-01-03T04:05:19+00:00,6971220,SA2KNG S-Band,16,C080010C02800C080200000000000000,,,,,,,,,12,12,,,2,1,,,,,,,,,,,8
2023-01-03T04:05:19+00:00,6971208,SA2KNG Omni UHF/VHF,16,C080010C02800C080200000000000000,,,,,,,,,12,12,,,2,1,,,,,,,,,,,8
2023-01-03T04:05:19+00:00,6968309,M0KSF,16,C080010C02800C080200000000000000,,,,,,,,,12,12,,,2,1,,,,,,,,,,,8
2023-01-03T04:05:21+00:00,6971213,SA2KNG Experimental,16,C080010C02800C080200000000000000,,,,,,,,,12,12,,,2,1,,,,,,,,,,,8
2023-01-03T04:05:21+00:00,6971208,SA2KNG Omni UHF/VHF,16,C080010C02800C080200000000000000,,,,,,,,,12,12,,,2,1,,,,,,,,,,,8
2023-01-03T04:05:30+00:00,6971220,SA2KNG S-Band,16,C080010C02800C080200000000000000,,,,,,,,,12,12,,,2,1,,,,,,,,,,,8
2023-01-03T04:05:31+00:00,6971213,SA2KNG Experimental,16,C080010C02800C080200000000000000,,,,,,,,,12,12,,,2,1,,,,,,,,,,,8
2023-01-03T04:05:31+00:00,6971220,SA2KNG S-Band,16,C080010C02800C080200000000000000,,,,,,,,,12,12,,,2,1,,,,,,,,,,,8
2023-01-03T04:05:31+00:00,6971208,SA2KNG Omni UHF/VHF,16,C080010C02800C080200000000000000,,,,,,,,,12,12,,,2,1,,,,,,,,,,,8
2023-01-03T04:05:31+00:00,6968309,M0KSF,16,C080010C02800C080200000000000000,,,,,,,,,12,12,,,2,1,,,,,,,,,,,8
2023-01-03T04:05:47+00:00,6971213,SA2KNG Experimental,16,C080010C02800C080200000000000000,,,,,,,,,12,12,,,2,1,,,,,,,,,,,8
2023-01-03T04:05:47+00:00,6971208,SA2KNG Omni UHF/VHF,16,C080010C02800C080200000000000000,,,,,,,,,12,12,,,2,1,,,,,,,,,,,8
2023-01-03T04:05:56+00:00,6971220,SA2KNG S-Band,16,C080010C02800C080200000000000000,,,,,,,,,12,12,,,2,1,,,,,,,,,,,8
2023-01-03T04:05:57+00:00,6971213,SA2KNG Experimental,16,C080010C02800C080200000000000000,,,,,,,,,12,12,,,2,1,,,,,,,,,,,8
2023-01-03T04:05:57+00:00,6971220,SA2KNG S-Band,16,C080010C02800C080200000000000000,,,,,,,,,12,12,,,2,1,,,,,,,,,,,8
2023-01-03T04:05:57+00:00,6971208,SA2KNG Omni UHF/VHF,16,C080010C02800C080200000000000000,,,,,,,,,12,12,,,2,1,,,,,,,,,,,8
2023-01-03T04:05:57+00:00,6968309,M0KSF,16,C080010C02800C080200000000000000,,,,,,,,,12,12,,,2,1,,,,,,,,,,,8
2023-01-03T04:06:00+00:00,6971213,SA2KNG Experimental,16,C080010C02800C0802000000D0070000,,,,,,,,,12,12,,,2,1,,,,,,,,,,,8
2023-01-03T04:06:00+00:00,6971208,SA2KNG Omni UHF/VHF,16,C080010C02800C0802000000D0070000,,,,,,,,,12,12,,,2,1,,,,,,,,,,,8
2023-01-03T04:06:09+00:00,6971220,SA2KNG S-Band,16,C080010C02800C0802000000D0070000,,,,,,,,,12,12,,,2,1,,,,,,,,,,,8
2023-01-03T04:06:10+00:00,6971213,SA2KNG Experimental,16,C080010C02800C0802000000D0070000,,,,,,,,,12,12,,,2,1,,,,,,,,,,,8
2023-01-03T04:06:10+00:00,6971220,SA2KNG S-Band,16,C080010C02800C0802000000D0070000,,,,,,,,,12,12,,,2,1,,,,,,,,,,,8
2023-01-03T04:06:10+00:00,6971208,SA2KNG Omni UHF/VHF,16,C080010C02800C0802000000D0070000,,,,,,,,,12,12,,,2,1,,,,,,,,,,,8
2023-01-03T04:06:13+00:00,6971213,SA2KNG Experimental,16,C080010C02800C080200000000000000,,,,,,,,,12,12,,,2,1,,,,,,,,,,,8
2023-01-03T04:06:13+00:00,6971208,SA2KNG Omni UHF/VHF,16,C080010C02800C080200000000000000,,,,,,,,,12,12,,,2,1,,,,,,,,,,,8
2023-01-03T04:06:22+00:00,6971220,SA2KNG S-Band,16,C080010C02800C080200000000000000,,,,,,,,,12,12,,,2,1,,,,,,,,,,,8
2023-01-03T04:06:23+00:00,6971220,SA2KNG S-Band,16,C080010C02800C080200000000000000,,,,,,,,,12,12,,,2,1,,,,,,,,,,,8
2023-01-03T04:06:23+00:00,6971208,SA2KNG Omni UHF/VHF,16,C080010C02800C080200000000000000,,,,,,,,,12,12,,,2,1,,,,,,,,,,,8
2023-01-03T04:06:23+00:00,6968309,M0KSF,16,C080010C02800C080200000000000000,,,,,,,,,12,12,,,2,1,,,,,,,,,,,8
2023-01-03T04:06:26+00:00,6971213,SA2KNG Experimental,16,C080010C02800C080200000000000000,,,,,,,,,12,12,,,2,1,,,,,,,,,,,8
2023-01-03T04:06:26+00:00,6971208,SA2KNG Omni UHF/VHF,16,C080010C02800C080200000000000000,,,,,,,,,12,12,,,2,1,,,,,,,,,,,8
2023-01-03T04:06:28+00:00,6971208,SA2KNG Omni UHF/VHF,10,C0800206022C03020000,,,,,,,2,,3,6,,,2,2,,,,,,,,,,,
2023-01-03T04:06:35+00:00,6971220,SA2KNG S-Band,16,C080010C02800C080200000000000000,,,,,,,,,12,12,,,2,1,,,,,,,,,,,8
2023-01-03T04:06:36+00:00,6971220,SA2KNG S-Band,16,C080010C02800C080200000000000000,,,,,,,,,12,12,,,2,1,,,,,,,,,,,8
2023-01-03T04:06:36+00:00,6971208,SA2KNG Omni UHF/VHF,16,C080010C02800C080200000000000000,,,,,,,,,12,12,,,2,1,,,,,,,,,,,8
2023-01-03T04:06:36+00:00,6968309,M0KSF,16,C080010C02800C080200000000000000,,,,,,,,,12,12,,,2,1,,,,,,,,,,,8
2023-01-03T04:06:37+00:00,6971220,SA2KNG S-Band,10,C0800206022C03020000,,,,,,,2,,3,6,,,2,2,,,,,,,,,,,
2023-01-03T04:06:40+00:00,6971208,SA2KNG Omni UHF/VHF,16,C080010C02800C080200000000000000,,,,,,,,,12,12,,,2,1,,,,,,,,,,,8
2023-01-03T04:06:49+00:00,6971220,SA2KNG S-Band,16,C080010C02800C080200000000000000,,,,,,,,,12,12,,,2,1,,,,,,,,,,,8
2023-01-03T04:06:51+00:00,6971220,SA2KNG S-Band,16,C080010C02800C080200000000000000,,,,,,,,,12,12,,,2,1,,,,,,,,,,,8
2023-01-03T04:06:51+00:00,6971208,SA2KNG Omni UHF/VHF,16,C080010C02800C080200000000000000,,,,,,,,,12,12,,,2,1,,,,,,,,,,,8
2023-01-03T04:06:51+00:00,6968309,M0KSF,16,C080010C02800C080200000000000000,,,,,,,,,12,12,,,2,1,,,,,,,,,,,8
2023-01-03T04:06:53+00:00,6971208,SA2KNG Omni UHF/VHF,16,C080010C02800C080200000000000000,,,,,,,,,12,12,,,2,1,,,,,,,,,,,8
2023-01-03T04:06:55+00:00,6971208,SA2KNG Omni UHF/VHF,10,C0800206022C03020000,,,,,,,2,,3,6,,,2,2,,,,,,,,,,,
2023-01-03T04:07:02+00:00,6971220,SA2KNG S-Band,16,C080010C02800C080200000000000000,,,,,,,,,12,12,,,2,1,,,,,,,,,,,8
2023-01-03T04:07:03+00:00,6971220,SA2KNG S-Band,16,C080010C02800C080200000000000000,,,,,,,,,12,12,,,2,1,,,,,,,,,,,8
2023-01-03T04:07:03+00:00,6971220,SA2KNG S-Band,10,C0800206022C03020000,,,,,,,2,,3,6,,,2,2,,,,,,,,,,,
2023-01-03T04:07:03+00:00,6971208,SA2KNG Omni UHF/VHF,16,C080010C02800C080200000000000000,,,,,,,,,12,12,,,2,1,,,,,,,,,,,8
2023-01-03T04:07:03+00:00,6968841,M0KSF-BB,16,C080010C02800C080200000000000000,,,,,,,,,12,12,,,2,1,,,,,,,,,,,8
2023-01-04T03:32:26+00:00,6973460,M0KSF,16,C080010C02800C080200000000000000,,,,,,,,,12,12,,,2,1,,,,,,,,,,,8
2023-01-04T05:07:37+00:00,6977236,Drachten,16,C080010C02800C080200000000000000,,,,,,,,,12,12,,,2,1,,,,,,,,,,,8
2023-01-04T05:07:41+00:00,6977189,PE0SAT-11,16,C080010C02800C080200000000000000,,,,,,,,,12,12,,,2,1,,,,,,,,,,,8
2023-01-04T05:07:46+00:00,6977189,PE0SAT-11,16,C080010C02800C080200000000000000,,,,,,,,,12,12,,,2,1,,,,,,,,,,,8
2023-01-04T05:07:46+00:00,6977236,Drachten,16,C080010C02800C080200000000000000,,,,,,,,,12,12,,,2,1,,,,,,,,,,,8
2023-01-04T05:07:46+00:00,6975053,M0KSF-BB,16,C080010C02800C080200000000000000,,,,,,,,,12,12,,,2,1,,,,,,,,,,,8
2023-01-04T05:07:46+00:00,6973463,M0KSF,16,C080010C02800C080200000000000000,,,,,,,,,12,12,,,2,1,,,,,,,,,,,8
2023-01-04T05:07:49+00:00,6977236,Drachten,16,C080010C02800C0802000000D0070000,,,,,,,,,12,12,,,2,1,,,,,,,,,,,8
2023-01-04T05:07:54+00:00,6977189,PE0SAT-11,16,C080010C02800C0802000000D0070000,,,,,,,,,12,12,,,2,1,,,,,,,,,,,8
2023-01-04T05:07:55+00:00,6977189,PE0SAT-11,10,C0800206022C03020000,,,,,,,2,,3,6,,,2,2,,,,,,,,,,,
2023-01-04T05:07:59+00:00,6977189,PE0SAT-11,16,C080010C02800C0802000000D0070000,,,,,,,,,12,12,,,2,1,,,,,,,,,,,8
2023-01-04T05:07:59+00:00,6977191,PE0SAT-21,10,C0800206022C03020000,,,,,,,2,,3,6,,,2,2,,,,,,,,,,,
2023-01-04T05:07:59+00:00,6977236,Drachten,16,C080010C02800C0802000000D0070000,,,,,,,,,12,12,,,2,1,,,,,,,,,,,8
2023-01-04T05:07:59+00:00,6975053,M0KSF-BB,16,C080010C02800C0802000000D0070000,,,,,,,,,12,12,,,2,1,,,,,,,,,,,8
2023-01-04T05:07:59+00:00,6973463,M0KSF,16,C080010C02800C0802000000D0070000,,,,,,,,,12,12,,,2,1,,,,,,,,,,,8
2023-01-04T05:08:03+00:00,6977236,Drachten,16,C080010C02800C080200000000000000,,,,,,,,,12,12,,,2,1,,,,,,,,,,,8
2023-01-04T05:08:05+00:00,6977236,Drachten,10,C0800206022C03020000,,,,,,,2,,3,6,,,2,2,,,,,,,,,,,
2023-01-04T05:08:08+00:00,6977189,PE0SAT-11,16,C080010C02800C080200000000000000,,,,,,,,,12,12,,,2,1,,,,,,,,,,,8
2023-01-04T05:08:09+00:00,6977189,PE0SAT-11,10,C0800206022C03020000,,,,,,,2,,3,6,,,2,2,,,,,,,,,,,
2023-01-04T05:08:11+00:00,6977191,PE0SAT-21,16,C080010C02800C080200000000000000,,,,,,,,,12,12,,,2,1,,,,,,,,,,,8
2023-01-04T05:08:13+00:00,6977189,PE0SAT-11,16,C080010C02800C080200000000000000,,,,,,,,,12,12,,,2,1,,,,,,,,,,,8
2023-01-04T05:08:13+00:00,6977191,PE0SAT-21,16,C080010C02800C080200000000000000,,,,,,,,,12,12,,,2,1,,,,,,,,,,,8
2023-01-04T05:08:13+00:00,6977191,PE0SAT-21,10,C0800206022C03020000,,,,,,,2,,3,6,,,2,2,,,,,,,,,,,
2023-01-04T05:08:13+00:00,6977236,Drachten,16,C080010C02800C080200000000000000,,,,,,,,,12,12,,,2,1,,,,,,,,,,,8
2023-01-04T05:08:13+00:00,6975053,M0KSF-BB,16,C080010C02800C080200000000000000,,,,,,,,,12,12,,,2,1,,,,,,,,,,,8
2023-01-04T05:08:13+00:00,6973463,M0KSF,16,C080010C02800C080200000000000000,,,,,,,,,12,12,,,2,1,,,,,,,,,,,8
2023-01-04T05:08:18+00:00,6977236,Drachten,16,C080010C02800C080200000000000000,,,,,,,,,12,12,,,2,1,,,,,,,,,,,8
2023-01-04T05:08:20+00:00,6977236,Drachten,10,C0800206022C03020000,,,,,,,2,,3,6,,,2,2,,,,,,,,,,,
2023-01-04T05:08:23+00:00,6977189,PE0SAT-11,16,C080010C02800C080200000000000000,,,,,,,,,12,12,,,2,1,,,,,,,,,,,8
2023-01-04T05:08:24+00:00,6977189,PE0SAT-11,10,C0800206022C03020000,,,,,,,2,,3,6,,,2,2,,,,,,,,,,,
2023-01-04T05:08:27+00:00,6977189,PE0SAT-11,16,C080010C02800C080200000000000000,,,,,,,,,12,12,,,2,1,,,,,,,,,,,8
2023-01-04T05:08:27+00:00,6977191,PE0SAT-21,16,C080010C02800C080200000000000000,,,,,,,,,12,12,,,2,1,,,,,,,,,,,8
2023-01-04T05:08:27+00:00,6977236,Drachten,16,C080010C02800C080200000000000000,,,,,,,,,12,12,,,2,1,,,,,,,,,,,8
2023-01-04T05:08:27+00:00,6973463,M0KSF,16,C080010C02800C080200000000000000,,,,,,,,,12,12,,,2,1,,,,,,,,,,,8
2023-01-04T05:08:33+00:00,6977236,Drachten,16,C080010C02800C080200000000000000,,,,,,,,,12,12,,,2,1,,,,,,,,,,,8
2023-01-04T05:08:34+00:00,6977236,Drachten,10,C0800206022C03020000,,,,,,,2,,3,6,,,2,2,,,,,,,,,,,
2023-01-04T05:08:37+00:00,6977189,PE0SAT-11,16,C080010C02800C080200000000000000,,,,,,,,,12,12,,,2,1,,,,,,,,,,,8
2023-01-04T05:08:39+00:00,6977189,PE0SAT-11,10,C0800206022C03020000,,,,,,,2,,3,6,,,2,2,,,,,,,,,,,
2023-01-04T05:08:47+00:00,6977236,Drachten,16,C080010C02800C0802000000D0070000,,,,,,,,,12,12,,,2,1,,,,,,,,,,,8
2023-01-04T05:08:49+00:00,6977236,Drachten,10,C0800206022C03020000,,,,,,,2,,3,6,,,2,2,,,,,,,,,,,
2023-01-04T05:08:52+00:00,6977189,PE0SAT-11,16,C080010C02800C0802000000D0070000,,,,,,,,,12,12,,,2,1,,,,,,,,,,,8
2023-01-04T05:08:53+00:00,6977189,PE0SAT-11,10,C0800206022C03020000,,,,,,,2,,3,6,,,2,2,,,,,,,,,,,
2023-01-04T05:08:56+00:00,6977189,PE0SAT-11,16,C080010C02800C0802000000D0070000,,,,,,,,,12,12,,,2,1,,,,,,,,,,,8
2023-01-04T05:08:56+00:00,6973463,M0KSF,16,C080010C02800C0802000000D0070000,,,,,,,,,12,12,,,2,1,,,,,,,,,,,8
2023-01-04T05:08:57+00:00,6977236,Drachten,16,C080010C02800C0802000000D0070000,,,,,,,,,12,12,,,2,1,,,,,,,,,,,8
2023-01-04T05:09:02+00:00,6977236,Drachten,16,C080010C02800C080200000000000000,,,,,,,,,12,12,,,2,1,,,,,,,,,,,8
2023-01-04T05:09:06+00:00,6977189,PE0SAT-11,16,C080010C02800C080200000000000000,,,,,,,,,12,12,,,2,1,,,,,,,,,,,8
2023-01-04T05:09:08+00:00,6977189,PE0SAT-11,10,C0800206022C03020000,,,,,,,2,,3,6,,,2,2,,,,,,,,,,,
2023-01-04T05:09:11+00:00,6977189,PE0SAT-11,16,C080010C02800C080200000000000000,,,,,,,,,12,12,,,2,1,,,,,,,,,,,8
2023-01-04T05:09:11+00:00,6977236,Drachten,16,C080010C02800C080200000000000000,,,,,,,,,12,12,,,2,1,,,,,,,,,,,8
2023-01-04T05:09:11+00:00,6973463,M0KSF,16,C080010C02800C080200000000000000,,,,,,,,,12,12,,,2,1,,,,,,,,,,,8
2023-01-04T05:09:18+00:00,6977236,Drachten,10,C0800206022C03020000,,,,,,,2,,3,6,,,2,2,,,,,,,,,,,
2023-01-04T05:09:21+00:00,6977189,PE0SAT-11,16,C080010C02800C0802000000D0070000,,,,,,,,,12,12,,,2,1,,,,,,,,,,,8
2023-01-04T05:09:23+00:00,6977189,PE0SAT-11,10,C0800206022C03020000,,,,,,,2,,3,6,,,2,2,,,,,,,,,,,
2023-01-04T05:09:26+00:00,6977189,PE0SAT-11,16,C080010C02800C0802000000D0070000,,,,,,,,,12,12,,,2,1,,,,,,,,,,,8
2023-01-04T05:09:26+00:00,6973463,M0KSF,16,C080010C02800C0802000000D0070000,,,,,,,,,12,12,,,2,1,,,,,,,,,,,8
2023-01-04T05:09:31+00:00,6977236,Drachten,16,C080010C02800C0802000000D0070000,,,,,,,,,12,12,,,2,1,,,,,,,,,,,8
2023-01-04T05:09:33+00:00,6977236,Drachten,10,C0800206022C03020000,,,,,,,2,,3,6,,,2,2,,,,,,,,,,,
2023-01-04T05:09:41+00:00,6973463,M0KSF,16,C080010C02800C0802000000D0070000,,,,,,,,,12,12,,,2,1,,,,,,,,,,,8
2023-01-04T05:09:55+00:00,6973463,M0KSF,16,C080010C02800C080200000000000000,,,,,,,,,12,12,,,2,1,,,,,,,,,,,8
2023-01-04T05:10:10+00:00,6973463,M0KSF,16,C080010C02800C080200000000000000,,,,,,,,,12,12,,,2,1,,,,,,,,,,,8
2023-01-04T05:10:55+00:00,6977725,SA2KNG S-Band,10,C0800306022C08020000,,,,,,,,2,8,6,,,2,3,,,,,,,,,,,
2023-01-04T05:11:09+00:00,6977725,SA2KNG S-Band,16,C080010C02800C080200000000000000,,,,,,,,,12,12,,,2,1,,,,,,,,,,,8
2023-01-04T05:11:10+00:00,6977725,SA2KNG S-Band,16,C080010C02800C080200000000000000,,,,,,,,,12,12,,,2,1,,,,,,,,,,,8
2023-01-04T05:11:10+00:00,6977725,SA2KNG S-Band,10,C0800206022C03020000,,,,,,,2,,3,6,,,2,2,,,,,,,,,,,
2023-01-04T05:11:23+00:00,6977725,SA2KNG S-Band,16,C080010C02800C0802000000D0070000,,,,,,,,,12,12,,,2,1,,,,,,,,,,,8
2023-01-04T05:11:25+00:00,6977725,SA2KNG S-Band,16,C080010C02800C0802000000D0070000,,,,,,,,,12,12,,,2,1,,,,,,,,,,,8
2023-01-04T05:11:25+00:00,6977725,SA2KNG S-Band,10,C0800206022C03020000,,,,,,,2,,3,6,,,2,2,,,,,,,,,,,
2023-01-04T05:11:38+00:00,6977725,SA2KNG S-Band,16,C080010C02800C080200000000000000,,,,,,,,,12,12,,,2,1,,,,,,,,,,,8
2023-01-04T05:11:39+00:00,6977725,SA2KNG S-Band,16,C080010C02800C080200000000000000,,,,,,,,,12,12,,,2,1,,,,,,,,,,,8
2023-01-04T05:11:39+00:00,6977725,SA2KNG S-Band,10,C0800206022C03020000,,,,,,,2,,3,6,,,2,2,,,,,,,,,,,
2023-01-04T05:11:52+00:00,6977725,SA2KNG S-Band,16,C080010C02800C0802000000D0070000,,,,,,,,,12,12,,,2,1,,,,,,,,,,,8
2023-01-04T05:11:54+00:00,6977725,SA2KNG S-Band,16,C080010C02800C0802000000D0070000,,,,,,,,,12,12,,,2,1,,,,,,,,,,,8
2023-01-04T05:11:54+00:00,6977725,SA2KNG S-Band,10,C0800206022C03020000,,,,,,,2,,3,6,,,2,2,,,,,,,,,,,
2023-01-04T06:45:19+00:00,6975055,M0KSF-BB,16,C080010C02800C080200000000000000,,,,,,,,,12,12,,,2,1,,,,,,,,,,,8
2023-01-04T06:45:19+00:00,6973466,M0KSF,16,C080010C02800C080200000000000000,,,,,,,,,12,12,,,2,1,,,,,,,,,,,8
2023-01-04T06:45:31+00:00,6975055,M0KSF-BB,16,C080010C02800C0802000000D0070000,,,,,,,,,12,12,,,2,1,,,,,,,,,,,8
2023-01-04T06:45:31+00:00,6973466,M0KSF,16,C080010C02800C0802000000D0070000,,,,,,,,,12,12,,,2,1,,,,,,,,,,,8
2023-01-04T06:45:31+00:00,6977120,M0ZJO Station #2,16,C080010C02800C0802000000D0070000,,,,,,,,,12,12,,,2,1,,,,,,,,,,,8
2023-01-04T06:45:43+00:00,6975055,M0KSF-BB,16,C080010C02800C080200000000000000,,,,,,,,,12,12,,,2,1,,,,,,,,,,,8
2023-01-04T06:45:43+00:00,6973466,M0KSF,16,C080010C02800C080200000000000000,,,,,,,,,12,12,,,2,1,,,,,,,,,,,8
2023-01-04T06:45:44+00:00,6977120,M0ZJO Station #2,16,C080010C02800C080200000000000000,,,,,,,,,12,12,,,2,1,,,,,,,,,,,8
2023-01-04T06:45:56+00:00,6975055,M0KSF-BB,16,C080010C02800C0802000000D0070000,,,,,,,,,12,12,,,2,1,,,,,,,,,,,8
2023-01-04T06:45:56+00:00,6973466,M0KSF,16,C080010C02800C0802000000D0070000,,,,,,,,,12,12,,,2,1,,,,,,,,,,,8
2023-01-04T06:45:56+00:00,6977120,M0ZJO Station #2,16,C080010C02800C0802000000D0070000,,,,,,,,,12,12,,,2,1,,,,,,,,,,,8
2023-01-04T06:46:08+00:00,6975055,M0KSF-BB,16,C080010C02800C080200000000000000,,,,,,,,,12,12,,,2,1,,,,,,,,,,,8
2023-01-04T06:46:08+00:00,6973466,M0KSF,16,C080010C02800C080200000000000000,,,,,,,,,12,12,,,2,1,,,,,,,,,,,8
2023-01-04T06:46:08+00:00,6977120,M0ZJO Station #2,16,C080010C02800C080200000000000000,,,,,,,,,12,12,,,2,1,,,,,,,,,,,8
2023-01-04T06:46:21+00:00,6975055,M0KSF-BB,16,C080010C02800C080200000000000000,,,,,,,,,12,12,,,2,1,,,,,,,,,,,8
2023-01-04T06:46:21+00:00,6973466,M0KSF,16,C080010C02800C080200000000000000,,,,,,,,,12,12,,,2,1,,,,,,,,,,,8
2023-01-04T06:46:21+00:00,6977120,M0ZJO Station #2,16,C080010C02800C080200000000000000,,,,,,,,,12,12,,,2,1,,,,,,,,,,,8
2023-01-04T06:46:33+00:00,6975055,M0KSF-BB,16,C080010C02800C0802000000D0070000,,,,,,,,,12,12,,,2,1,,,,,,,,,,,8
2023-01-04T06:46:33+00:00,6973466,M0KSF,16,C080010C02800C0802000000D0070000,,,,,,,,,12,12,,,2,1,,,,,,,,,,,8
2023-01-04T06:46:33+00:00,6977120,M0ZJO Station #2,16,C080010C02800C0802000000D0070000,,,,,,,,,12,12,,,2,1,,,,,,,,,,,8
2023-01-04T06:46:46+00:00,6975055,M0KSF-BB,16,C080010C02800C080200000000000000,,,,,,,,,12,12,,,2,1,,,,,,,,,,,8
2023-01-04T06:46:46+00:00,6973466,M0KSF,16,C080010C02800C080200000000000000,,,,,,,,,12,12,,,2,1,,,,,,,,,,,8
2023-01-04T06:46:46+00:00,6977120,M0ZJO Station #2,16,C080010C02800C080200000000000000,,,,,,,,,12,12,,,2,1,,,,,,,,,,,8
2023-01-04T06:47:26+00:00,6975055,M0KSF-BB,16,C080010C02800C080200000000000000,,,,,,,,,12,12,,,2,1,,,,,,,,,,,8
2023-01-04T06:47:26+00:00,6973466,M0KSF,16,C080010C02800C080200000000000000,,,,,,,,,12,12,,,2,1,,,,,,,,,,,8
2023-01-04T06:47:26+00:00,6977120,M0ZJO Station #2,16,C080010C02800C080200000000000000,,,,,,,,,12,12,,,2,1,,,,,,,,,,,8
2023-01-04T06:47:38+00:00,6975055,M0KSF-BB,16,C080010C02800C080200000000000000,,,,,,,,,12,12,,,2,1,,,,,,,,,,,8
2023-01-04T06:47:38+00:00,6973466,M0KSF,16,C080010C02800C080200000000000000,,,,,,,,,12,12,,,2,1,,,,,,,,,,,8
2023-01-04T06:47:38+00:00,6977120,M0ZJO Station #2,16,C080010C02800C080200000000000000,,,,,,,,,12,12,,,2,1,,,,,,,,,,,8
2023-01-04T06:47:51+00:00,6975055,M0KSF-BB,16,C080010C02800C080200000000000000,,,,,,,,,12,12,,,2,1,,,,,,,,,,,8
2023-01-04T06:47:51+00:00,6973466,M0KSF,16,C080010C02800C080200000000000000,,,,,,,,,12,12,,,2,1,,,,,,,,,,,8
2023-01-04T06:48:03+00:00,6975055,M0KSF-BB,16,C080010C02800C080200000000000000,,,,,,,,,12,12,,,2,1,,,,,,,,,,,8
2023-01-04T06:48:03+00:00,6973466,M0KSF,16,C080010C02800C080200000000000000,,,,,,,,,12,12,,,2,1,,,,,,,,,,,8
2023-01-04T06:48:16+00:00,6975055,M0KSF-BB,16,C080010C02800C080200000000000000,,,,,,,,,12,12,,,2,1,,,,,,,,,,,8
2023-01-04T06:48:16+00:00,6973466,M0KSF,16,C080010C02800C080200000000000000,,,,,,,,,12,12,,,2,1,,,,,,,,,,,8
2023-01-04T06:48:28+00:00,6975055,M0KSF-BB,16,C080010C02800C0802000000D0070000,,,,,,,,,12,12,,,2,1,,,,,,,,,,,8
2023-01-04T06:48:28+00:00,6973466,M0KSF,16,C080010C02800C0802000000D0070000,,,,,,,,,12,12,,,2,1,,,,,,,,,,,8
2023-01-04T06:48:41+00:00,6975055,M0KSF-BB,16,C080010C02800C080200000000000000,,,,,,,,,12,12,,,2,1,,,,,,,,,,,8
2023-01-04T06:48:41+00:00,6973466,M0KSF,16,C080010C02800C080200000000000000,,,,,,,,,12,12,,,2,1,,,,,,,,,,,8
2023-01-04T06:48:54+00:00,6975055,M0KSF-BB,16,C080010C02800C0802000000D0070000,,,,,,,,,12,12,,,2,1,,,,,,,,,,,8
2023-01-04T06:48:54+00:00,6973466,M0KSF,16,C080010C02800C0802000000D0070000,,,,,,,,,12,12,,,2,1,,,,,,,,,,,8
2023-01-04T06:49:07+00:00,6975055,M0KSF-BB,16,C080010C02800C0802000000D0070000,,,,,,,,,12,12,,,2,1,,,,,,,,,,,8
2023-01-04T06:49:07+00:00,6973466,M0KSF,16,C080010C02800C0802000000D0070000,,,,,,,,,12,12,,,2,1,,,,,,,,,,,8
2023-01-04T06:49:20+00:00,6975055,M0KSF-BB,16,C080010C02800C080200000000000000,,,,,,,,,12,12,,,2,1,,,,,,,,,,,8
2023-01-04T06:49:20+00:00,6973466,M0KSF,16,C080010C02800C080200000000000000,,,,,,,,,12,12,,,2,1,,,,,,,,,,,8
2023-01-04T06:49:46+00:00,6973466,M0KSF,16,C080010C02800C080200000000000000,,,,,,,,,12,12,,,2,1,,,,,,,,,,,8
2023-01-04T06:50:00+00:00,6973466,M0KSF,16,C080010C02800C080200000000000000,,,,,,,,,12,12,,,2,1,,,,,,,,,,,8
2023-01-04T06:50:12+00:00,6973466,M0KSF,16,C080010C02800C080200000000000000,,,,,,,,,12,12,,,2,1,,,,,,,,,,,8
2023-01-04T06:50:26+00:00,6973466,M0KSF,16,C080010C02800C080200000000000000,,,,,,,,,12,12,,,2,1,,,,,,,,,,,8
2023-01-04T06:52:48+00:00,6973466,M0KSF,16,C080010C02800C080200000000000000,,,,,,,,,12,12,,,2,1,,,,,,,,,,,8
2023-01-04T06:53:15+00:00,6973466,M0KSF,16,C080010C02800C080200000000000000,,,,,,,,,12,12,,,2,1,,,,,,,,,,,8
2023-01-05T23:20:37+00:00,6986873,MAUSyagi,16,C080010C02800C080200000000000000,,,,,,,,,12,12,,,2,1,,,,,,,,,,,8
2023-01-05T23:20:40+00:00,6986864,MAUSyagi,16,C080010C02800C080200000000000000,,,,,,,,,12,12,,,2,1,,,,,,,,,,,8
2023-01-05T23:20:41+00:00,6986864,MAUSyagi,16,C080010C02800C080200000000000000,,,,,,,,,12,12,,,2,1,,,,,,,,,,,8
2023-01-05T23:20:50+00:00,6986873,MAUSyagi,16,C080010C02800C080200000000000000,,,,,,,,,12,12,,,2,1,,,,,,,,,,,8
2023-01-05T23:20:55+00:00,6986864,MAUSyagi,16,C080010C02800C080200000000000000,,,,,,,,,12,12,,,2,1,,,,,,,,,,,8
2023-01-05T23:21:04+00:00,6986873,MAUSyagi,16,C080010C02800C080200000000000000,,,,,,,,,12,12,,,2,1,,,,,,,,,,,8
2023-01-05T23:21:07+00:00,6986864,MAUSyagi,16,C080010C02800C080200000000000000,,,,,,,,,12,12,,,2,1,,,,,,,,,,,8
2023-01-05T23:21:08+00:00,6986864,MAUSyagi,16,C080010C02800C080200000000000000,,,,,,,,,12,12,,,2,1,,,,,,,,,,,8
2023-01-06T03:56:51+00:00,6980447,SP7THR-UHF,16,C080010C02800C080200000000000000,,,,,,,,,12,12,,,2,1,,,,,,,,,,,8
2023-01-06T03:57:04+00:00,6980447,SP7THR-UHF,16,C080010C02800C080200000000000000,,,,,,,,,12,12,,,2,1,,,,,,,,,,,8
2023-01-06T03:57:18+00:00,6980447,SP7THR-UHF,16,C080010C02800C0802000000D0070000,,,,,,,,,12,12,,,2,1,,,,,,,,,,,8
2023-01-06T03:57:30+00:00,6980447,SP7THR-UHF,16,C080010C02800C0802000000D0070000,,,,,,,,,12,12,,,2,1,,,,,,,,,,,8
2023-01-06T03:57:44+00:00,6980447,SP7THR-UHF,16,C080010C02800C080200000000000000,,,,,,,,,12,12,,,2,1,,,,,,,,,,,8
2023-01-06T03:57:57+00:00,6980447,SP7THR-UHF,16,C080010C02800C0802000000D0070000,,,,,,,,,12,12,,,2,1,,,,,,,,,,,8
2023-01-06T03:58:11+00:00,6980447,SP7THR-UHF,16,C080010C02800C0802000000D0070000,,,,,,,,,12,12,,,2,1,,,,,,,,,,,8
2023-01-06T03:58:24+00:00,6980447,SP7THR-UHF,16,C080010C02800C0802000000D0070000,,,,,,,,,12,12,,,2,1,,,,,,,,,,,8
2023-01-06T03:59:08+00:00,6980447,SP7THR-UHF,16,C080010C02800C080200000000000000,,,,,,,,,12,12,,,2,1,,,,,,,,,,,8
2023-01-06T03:59:34+00:00,6980447,SP7THR-UHF,16,C080010C02800C080200000000000000,,,,,,,,,12,12,,,2,1,,,,,,,,,,,8
2023-01-06T03:59:49+00:00,6980447,SP7THR-UHF,16,C080010C02800C0802000000D0070000,,,,,,,,,12,12,,,2,1,,,,,,,,,,,8
2023-01-06T04:00:01+00:00,6980447,SP7THR-UHF,16,C080010C02800C080200000000000000,,,,,,,,,12,12,,,2,1,,,,,,,,,,,8
2023-01-06T04:00:28+00:00,6987963,SA2KNG Omni UHF/VHF,16,C080010C02800C080200000000000000,,,,,,,,,12,12,,,2,1,,,,,,,,,,,8
2023-01-06T04:00:46+00:00,6987963,SA2KNG Omni UHF/VHF,16,C080010C02800C080200000000000000,,,,,,,,,12,12,,,2,1,,,,,,,,,,,8
2023-01-06T04:00:55+00:00,6987963,SA2KNG Omni UHF/VHF,16,C080010C02800C080200000000000000,,,,,,,,,12,12,,,2,1,,,,,,,,,,,8
2023-01-07T00:26:14+00:00,6992662,MAUSyagi,16,C080010C02800C0802000000D0070000,,,,,,,,,12,12,,,2,1,,,,,,,,,,,8
2023-01-07T00:26:17+00:00,6992654,MAUSyagi,16,C080010C02800C0802000000D0070000,,,,,,,,,12,12,,,2,1,,,,,,,,,,,8
2023-01-07T00:26:27+00:00,6992662,MAUSyagi,16,C080010C02800C080200000000000000,,,,,,,,,12,12,,,2,1,,,,,,,,,,,8
2023-01-07T00:26:30+00:00,6992654,MAUSyagi,16,C080010C02800C080200000000000000,,,,,,,,,12,12,,,2,1,,,,,,,,,,,8
2023-01-07T00:26:31+00:00,6992654,MAUSyagi,16,C080010C02800C080200000000000000,,,,,,,,,12,12,,,2,1,,,,,,,,,,,8
2023-01-07T00:26:41+00:00,6992662,MAUSyagi,16,C080010C02800C080200000000000000,,,,,,,,,12,12,,,2,1,,,,,,,,,,,8
2023-01-07T00:26:44+00:00,6992654,MAUSyagi,16,C080010C02800C080200000000000000,,,,,,,,,12,12,,,2,1,,,,,,,,,,,8
2023-01-07T00:26:45+00:00,6992654,MAUSyagi,16,C080010C02800C080200000000000000,,,,,,,,,12,12,,,2,1,,,,,,,,,,,8
2023-01-07T00:26:54+00:00,6992662,MAUSyagi,16,C080010C02800C0802000000D0070000,,,,,,,,,12,12,,,2,1,,,,,,,,,,,8
2023-01-07T00:26:56+00:00,6992668,MAUSyagi-AK,16,C080010C02800C0802000000D0070000,,,,,,,,,12,12,,,2,1,,,,,,,,,,,8
2023-01-07T00:26:57+00:00,6992654,MAUSyagi,16,C080010C02800C0802000000D0070000,,,,,,,,,12,12,,,2,1,,,,,,,,,,,8
2023-01-07T00:27:07+00:00,6992662,MAUSyagi,16,C080010C02800C080200000000000000,,,,,,,,,12,12,,,2,1,,,,,,,,,,,8
2023-01-07T00:27:11+00:00,6992654,MAUSyagi,16,C080010C02800C080200000000000000,,,,,,,,,12,12,,,2,1,,,,,,,,,,,8
2023-01-07T00:27:12+00:00,6992654,MAUSyagi,16,C080010C02800C080200000000000000,,,,,,,,,12,12,,,2,1,,,,,,,,,,,8
2023-01-07T00:27:20+00:00,6992662,MAUSyagi,16,C080010C02800C0802000000D0070000,,,,,,,,,12,12,,,2,1,,,,,,,,,,,8
2023-01-07T00:27:23+00:00,6992668,MAUSyagi-AK,16,C080010C02800C0802000000D0070000,,,,,,,,,12,12,,,2,1,,,,,,,,,,,8
2023-01-07T00:27:24+00:00,6992654,MAUSyagi,16,C080010C02800C0802000000D0070000,,,,,,,,,12,12,,,2,1,,,,,,,,,,,8
2023-01-07T00:27:34+00:00,6992662,MAUSyagi,16,C080010C02800C0802000000D0070000,,,,,,,,,12,12,,,2,1,,,,,,,,,,,8
2023-01-07T00:27:37+00:00,6992654,MAUSyagi,16,C080010C02800C0802000000D0070000,,,,,,,,,12,12,,,2,1,,,,,,,,,,,8
2023-01-07T00:27:47+00:00,6992662,MAUSyagi,16,C080010C02800C0802000000D0070000,,,,,,,,,12,12,,,2,1,,,,,,,,,,,8
2023-01-07T00:27:50+00:00,6992654,MAUSyagi,16,C080010C02800C0802000000D0070000,,,,,,,,,12,12,,,2,1,,,,,,,,,,,8
2023-01-07T00:28:01+00:00,6992662,MAUSyagi,16,C080010C02800C0802000000D0070000,,,,,,,,,12,12,,,2,1,,,,,,,,,,,8
2023-01-07T00:28:04+00:00,6992654,MAUSyagi,16,C080010C02800C0802000000D0070000,,,,,,,,,12,12,,,2,1,,,,,,,,,,,8
2023-01-07T00:28:14+00:00,6992662,MAUSyagi,16,C080010C02800C0802000000D0070000,,,,,,,,,12,12,,,2,1,,,,,,,,,,,8
2023-01-07T00:28:16+00:00,6992662,MAUSyagi,10,C0800206022C03020000,,,,,,,2,,3,6,,,2,2,,,,,,,,,,,
2023-01-07T00:28:17+00:00,6992654,MAUSyagi,16,C080010C02800C0802000000D0070000,,,,,,,,,12,12,,,2,1,,,,,,,,,,,8
2023-01-07T00:28:19+00:00,6992654,MAUSyagi,10,C0800206022C03020000,,,,,,,2,,3,6,,,2,2,,,,,,,,,,,
2023-01-07T00:28:28+00:00,6992662,MAUSyagi,16,C080010C02800C0802000000D0070000,,,,,,,,,12,12,,,2,1,,,,,,,,,,,8
2023-01-07T00:28:31+00:00,6992654,MAUSyagi,16,C080010C02800C0802000000D0070000,,,,,,,,,12,12,,,2,1,,,,,,,,,,,8
2023-01-07T03:24:00+00:00,6990612,M0KSF,16,C080010C02800C080200000000000000,,,,,,,,,12,12,,,2,1,,,,,,,,,,,8
2023-01-07T03:26:12+00:00,6990612,M0KSF,16,C080010C02800C080200000000000000,,,,,,,,,12,12,,,2,1,,,,,,,,,,,8
2023-01-07T03:27:05+00:00,6990612,M0KSF,16,C080010C02800C0802000000D0070000,,,,,,,,,12,12,,,2,1,,,,,,,,,,,8
2023-01-07T05:04:42+00:00,6993232,PE0SAT-11,16,C080010C02800C080200000000000000,,,,,,,,,12,12,,,2,1,,,,,,,,,,,8
2023-01-07T05:04:47+00:00,6993232,PE0SAT-11,16,C080010C02800C080200000000000000,,,,,,,,,12,12,,,2,1,,,,,,,,,,,8
2023-01-07T05:04:55+00:00,6993232,PE0SAT-11,16,C080010C02800C080200000000000000,,,,,,,,,12,12,,,2,1,,,,,,,,,,,8
2023-01-07T05:04:57+00:00,6993232,PE0SAT-11,10,C0800206022C03020000,,,,,,,2,,3,6,,,2,2,,,,,,,,,,,
2023-01-07T05:04:59+00:00,6993232,PE0SAT-11,16,C080010C02800C080200000000000000,,,,,,,,,12,12,,,2,1,,,,,,,,,,,8
2023-01-07T05:05:09+00:00,6993232,PE0SAT-11,16,C080010C02800C080200000000000000,,,,,,,,,12,12,,,2,1,,,,,,,,,,,8
2023-01-07T05:05:14+00:00,6993232,PE0SAT-11,16,C080010C02800C080200000000000000,,,,,,,,,12,12,,,2,1,,,,,,,,,,,8
2023-01-07T05:05:22+00:00,6993232,PE0SAT-11,16,C080010C02800C0802000000D0070000,,,,,,,,,12,12,,,2,1,,,,,,,,,,,8
2023-01-07T05:05:23+00:00,6993232,PE0SAT-11,10,C0800206022C03020000,,,,,,,2,,3,6,,,2,2,,,,,,,,,,,
2023-01-07T05:05:26+00:00,6993232,PE0SAT-11,16,C080010C02800C0802000000D0070000,,,,,,,,,12,12,,,2,1,,,,,,,,,,,8
2023-01-07T05:06:22+00:00,6993232,PE0SAT-11,16,C080010C02800C080200000000000000,,,,,,,,,12,12,,,2,1,,,,,,,,,,,8
2023-01-07T05:07:12+00:00,6993559,SA2KNG S-Band,16,C080010C02800C080200000000000000,,,,,,,,,12,12,,,2,1,,,,,,,,,,,8
2023-01-07T05:07:14+00:00,6993559,SA2KNG S-Band,16,C080010C02800C080200000000000000,,,,,,,,,12,12,,,2,1,,,,,,,,,,,8
2023-01-07T05:07:26+00:00,6993559,SA2KNG S-Band,16,C080010C02800C080200000000000000,,,,,,,,,12,12,,,2,1,,,,,,,,,,,8
2023-01-07T05:07:27+00:00,6993559,SA2KNG S-Band,16,C080010C02800C080200000000000000,,,,,,,,,12,12,,,2,1,,,,,,,,,,,8
2023-01-07T05:08:04+00:00,6993559,SA2KNG S-Band,16,C080010C02800C080200000000000000,,,,,,,,,12,12,,,2,1,,,,,,,,,,,8
2023-01-07T05:08:06+00:00,6993559,SA2KNG S-Band,16,C080010C02800C080200000000000000,,,,,,,,,12,12,,,2,1,,,,,,,,,,,8
2023-01-07T17:10:25+00:00,6996275,OE6ISP_High_Gain_LimeSDR,16,C080010C02800C080200000000000000,,,,,,,,,12,12,,,2,1,,,,,,,,,,,8
2023-01-07T17:10:26+00:00,6996275,OE6ISP_High_Gain_LimeSDR,10,C0800206022C03020000,,,,,,,2,,3,6,,,2,2,,,,,,,,,,,
2023-01-07T17:10:26+00:00,6996283,OE6EUR15,10,C0800206022C03020000,,,,,,,2,,3,6,,,2,2,,,,,,,,,,,
2023-01-07T17:10:28+00:00,6996275,OE6ISP_High_Gain_LimeSDR,16,C080010C02800C080200000000000000,,,,,,,,,12,12,,,2,1,,,,,,,,,,,8
2023-01-07T17:10:28+00:00,6996283,OE6EUR15,16,C080010C02800C080200000000000000,,,,,,,,,12,12,,,2,1,,,,,,,,,,,8
2023-01-07T17:10:41+00:00,6996275,OE6ISP_High_Gain_LimeSDR,10,C0800206022C03020000,,,,,,,2,,3,6,,,2,2,,,,,,,,,,,
2023-01-07T17:10:41+00:00,6996283,OE6EUR15,10,C0800206022C03020000,,,,,,,2,,3,6,,,2,2,,,,,,,,,,,
2023-01-07T17:11:06+00:00,6996275,OE6ISP_High_Gain_LimeSDR,16,C080010C02800C080200000000000000,,,,,,,,,12,12,,,2,1,,,,,,,,,,,8
2023-01-07T17:11:06+00:00,6996283,OE6EUR15,16,C080010C02800C080200000000000000,,,,,,,,,12,12,,,2,1,,,,,,,,,,,8
2023-01-07T17:11:10+00:00,6996275,OE6ISP_High_Gain_LimeSDR,16,C080010C02800C080200000000000000,,,,,,,,,12,12,,,2,1,,,,,,,,,,,8
2023-01-07T17:11:10+00:00,6996283,OE6EUR15,16,C080010C02800C080200000000000000,,,,,,,,,12,12,,,2,1,,,,,,,,,,,8
2023-01-08T07:48:16+00:00,6996884,M0KSF-BB,16,C080010C02800C0802000000D0070000,,,,,,,,,12,12,,,2,1,,,,,,,,,,,8
2023-01-09T07:13:16+00:00,7000749,M0KSF,16,C080010C02800C080200000000000000,,,,,,,,,12,12,,,2,1,,,,,,,,,,,8
2023-01-09T07:13:31+00:00,7001325,M0KSF-BB,16,C080010C02800C080200000000000000,,,,,,,,,12,12,,,2,1,,,,,,,,,,,8
2023-01-09T07:13:31+00:00,7000749,M0KSF,16,C080010C02800C080200000000000000,,,,,,,,,12,12,,,2,1,,,,,,,,,,,8
2023-01-09T07:13:45+00:00,7000749,M0KSF,16,C080010C02800C080200000000000000,,,,,,,,,12,12,,,2,1,,,,,,,,,,,8
2023-01-09T07:13:59+00:00,7000749,M0KSF,16,C080010C02800C0802000000D0070000,,,,,,,,,12,12,,,2,1,,,,,,,,,,,8
2023-01-09T07:14:12+00:00,7000749,M0KSF,16,C080010C02800C080200000000000000,,,,,,,,,12,12,,,2,1,,,,,,,,,,,8
2023-01-09T07:14:26+00:00,7000749,M0KSF,16,C080010C02800C080200000000000000,,,,,,,,,12,12,,,2,1,,,,,,,,,,,8
2023-01-09T07:14:39+00:00,7000749,M0KSF,16,C080010C02800C080200000000000000,,,,,,,,,12,12,,,2,1,,,,,,,,,,,8
2023-01-09T07:14:53+00:00,7000749,M0KSF,16,C080010C02800C0802000000D0070000,,,,,,,,,12,12,,,2,1,,,,,,,,,,,8
2023-01-09T07:18:37+00:00,7000749,M0KSF,16,C080010C02800C080200000000000000,,,,,,,,,12,12,,,2,1,,,,,,,,,,,8
2023-01-09T07:18:51+00:00,7000749,M0KSF,16,C080010C02800C080200000000000000,,,,,,,,,12,12,,,2,1,,,,,,,,,,,8
2023-01-09T07:19:18+00:00,7000749,M0KSF,16,C080010C02800C080200000000000000,,,,,,,,,12,12,,,2,1,,,,,,,,,,,8
2023-01-09T17:40:34+00:00,7006794,Mogielnica - UHF,16,C080010C02800C080200000000000000,,,,,,,,,12,12,,,2,1,,,,,,,,,,,8
2023-01-09T17:40:35+00:00,7006794,Mogielnica - UHF,10,C0800206022C03020000,,,,,,,2,,3,6,,,2,2,,,,,,,,,,,
2023-01-09T17:40:36+00:00,7006794,Mogielnica - UHF,16,C080010C02800C080200000000000000,,,,,,,,,12,12,,,2,1,,,,,,,,,,,8
2023-01-09T17:42:11+00:00,7001344,M0KSF-BB,16,C080010C02800C0802000000D0070000,,,,,,,,,12,12,,,2,1,,,,,,,,,,,8
2023-01-09T17:42:50+00:00,7001344,M0KSF-BB,16,C080010C02800C0802000000D0070000,,,,,,,,,12,12,,,2,1,,,,,,,,,,,8
2023-01-09T21:02:36+00:00,7006172,M0KSF,16,C080010C02800C080200000000000000,,,,,,,,,12,12,,,2,1,,,,,,,,,,,8
2023-01-10T23:49:07+00:00,7012453,MAUSyagi,16,C080010C02800C080200000000000000,,,,,,,,,12,12,,,2,1,,,,,,,,,,,8
2023-01-10T23:49:10+00:00,7012445,MAUSyagi,16,C080010C02800C080200000000000000,,,,,,,,,12,12,,,2,1,,,,,,,,,,,8
2023-01-10T23:49:11+00:00,7012445,MAUSyagi,16,C080010C02800C080200000000000000,,,,,,,,,12,12,,,2,1,,,,,,,,,,,8
2023-01-10T23:49:19+00:00,7012453,MAUSyagi,16,C080010C02800C0802000000D0070000,,,,,,,,,12,12,,,2,1,,,,,,,,,,,8
2023-01-10T23:49:22+00:00,7012445,MAUSyagi,16,C080010C02800C0802000000D0070000,,,,,,,,,12,12,,,2,1,,,,,,,,,,,8
2023-01-10T23:49:32+00:00,7012453,MAUSyagi,16,C080010C02800C0802000000D0070000,,,,,,,,,12,12,,,2,1,,,,,,,,,,,8
2023-01-10T23:49:33+00:00,7012453,MAUSyagi,10,C0800206022C03020000,,,,,,,2,,3,6,,,2,2,,,,,,,,,,,
2023-01-10T23:49:35+00:00,7012445,MAUSyagi,16,C080010C02800C0802000000D0070000,,,,,,,,,12,12,,,2,1,,,,,,,,,,,8
2023-01-10T23:49:37+00:00,7012445,MAUSyagi,10,C0800206022C03020000,,,,,,,2,,3,6,,,2,2,,,,,,,,,,,
2023-01-10T23:49:46+00:00,7012453,MAUSyagi,16,C080010C02800C0802000000D0070000,,,,,,,,,12,12,,,2,1,,,,,,,,,,,8
2023-01-10T23:49:49+00:00,7012445,MAUSyagi,16,C080010C02800C0802000000D0070000,,,,,,,,,12,12,,,2,1,,,,,,,,,,,8
2023-01-10T23:49:59+00:00,7012453,MAUSyagi,16,C080010C02800C080200000000000000,,,,,,,,,12,12,,,2,1,,,,,,,,,,,8
2023-01-10T23:50:02+00:00,7012445,MAUSyagi,16,C080010C02800C080200000000000000,,,,,,,,,12,12,,,2,1,,,,,,,,,,,8
2023-01-10T23:50:03+00:00,7012445,MAUSyagi,16,C080010C02800C080200000000000000,,,,,,,,,12,12,,,2,1,,,,,,,,,,,8
2023-01-11T04:21:34+00:00,7010422,M0KSF,16,C080010C02800C080200000000000000,,,,,,,,,12,12,,,2,1,,,,,,,,,,,8
2023-01-11T04:21:48+00:00,7011472,Apomahon,16,C080010C02800C080200000000000000,,,,,,,,,12,12,,,2,1,,,,,,,,,,,8
2023-01-11T04:22:01+00:00,7011472,Apomahon,16,C080010C02800C0802000000D0070000,,,,,,,,,12,12,,,2,1,,,,,,,,,,,8
2023-01-11T04:22:15+00:00,7010422,M0KSF,16,C080010C02800C080200000000000000,,,,,,,,,12,12,,,2,1,,,,,,,,,,,8
2023-01-11T04:22:15+00:00,7011472,Apomahon,16,C080010C02800C080200000000000000,,,,,,,,,12,12,,,2,1,,,,,,,,,,,8
2023-01-11T04:22:27+00:00,7010422,M0KSF,16,C080010C02800C0802000000D0070000,,,,,,,,,12,12,,,2,1,,,,,,,,,,,8
2023-01-11T04:22:40+00:00,7010422,M0KSF,16,C080010C02800C080200000000000000,,,,,,,,,12,12,,,2,1,,,,,,,,,,,8
2023-01-11T04:30:04+00:00,7010958,M0KSF-BB,16,C080010C02800C080200000000000000,,,,,,,,,12,12,,,2,1,,,,,,,,,,,8
2023-01-11T04:30:04+00:00,7010422,M0KSF,16,C080010C02800C080200000000000000,,,,,,,,,12,12,,,2,1,,,,,,,,,,,8
2023-01-11T04:30:17+00:00,7010422,M0KSF,16,C080010C02800C080200000000000000,,,,,,,,,12,12,,,2,1,,,,,,,,,,,8
2023-01-11T04:30:30+00:00,7010422,M0KSF,16,C080010C02800C0802000000D0070000,,,,,,,,,12,12,,,2,1,,,,,,,,,,,8
2023-01-11T04:30:43+00:00,7010422,M0KSF,16,C080010C02800C080200000000000000,,,,,,,,,12,12,,,2,1,,,,,,,,,,,8
2023-01-12T03:49:31+00:00,7015275,M0KSF,16,C080010C02800C0802000000D0070000,,,,,,,,,12,12,,,2,1,,,,,,,,,,,8
2023-01-12T03:49:44+00:00,7015275,M0KSF,16,C080010C02800C0802000000D0070000,,,,,,,,,12,12,,,2,1,,,,,,,,,,,8
2023-01-12T03:49:57+00:00,7015275,M0KSF,16,C080010C02800C0802000000D0070000,,,,,,,,,12,12,,,2,1,,,,,,,,,,,8
2023-01-12T03:50:10+00:00,7015275,M0KSF,16,C080010C02800C080200000000000000,,,,,,,,,12,12,,,2,1,,,,,,,,,,,8
2023-01-12T03:50:24+00:00,7015275,M0KSF,16,C080010C02800C080200000000000000,,,,,,,,,12,12,,,2,1,,,,,,,,,,,8
2023-01-12T03:51:08+00:00,7015275,M0KSF,16,C080010C02800C080200000000000000,,,,,,,,,12,12,,,2,1,,,,,,,,,,,8
2023-01-12T03:52:11+00:00,7015275,M0KSF,16,C080010C02800C0802000000D0070000,,,,,,,,,12,12,,,2,1,,,,,,,,,,,8
2023-01-12T03:52:38+00:00,7015275,M0KSF,16,C080010C02800C0802000000D0070000,,,,,,,,,12,12,,,2,1,,,,,,,,,,,8
2023-01-12T03:52:50+00:00,7015275,M0KSF,16,C080010C02800C080200000000000000,,,,,,,,,12,12,,,2,1,,,,,,,,,,,8
2023-01-12T03:53:16+00:00,7015275,M0KSF,16,C080010C02800C0802000000D0070000,,,,,,,,,12,12,,,2,1,,,,,,,,,,,8
2023-01-14T06:03:42+00:00,7025330,M0KSF,16,C080010C02800C080200000000000000,,,,,,,,,12,12,,,2,1,,,,,,,,,,,8
2023-01-14T06:03:43+00:00,7028672,PE0SAT-11,16,C080010C02800C080200000000000000,,,,,,,,,12,12,,,2,1,,,,,,,,,,,8
2023-01-14T06:04:20+00:00,7025330,M0KSF,16,C080010C02800C080200000000000000,,,,,,,,,12,12,,,2,1,,,,,,,,,,,8
2023-01-14T11:02:44+00:00,7029242,MAUSyagi,16,C080010C02800C080200000000000000,,,,,,,,,12,12,,,2,1,,,,,,,,,,,8
2023-01-14T11:02:47+00:00,7029236,MAUSyagi,16,C080010C02800C080200000000000000,,,,,,,,,12,12,,,2,1,,,,,,,,,,,8
2023-01-14T11:02:48+00:00,7029236,MAUSyagi,16,C080010C02800C080200000000000000,,,,,,,,,12,12,,,2,1,,,,,,,,,,,8
2023-01-17T18:05:58+00:00,7040554,M0KSF-BB,16,C080010C02800C080200000000000000,,,,,,,,,12,12,,,2,1,,,,,,,,,,,8
2023-01-18T10:20:23+00:00,7048355,MAUSyagi,16,C080010C02800C080200000000000000,,,,,,,,,12,12,,,2,1,,,,,,,,,,,8
2023-01-18T10:20:24+00:00,7048355,MAUSyagi,16,C080010C02800C080200000000000000,,,,,,,,,12,12,,,2,1,,,,,,,,,,,8
2023-01-18T17:31:43+00:00,7049022,M0KSF,16,C080010C02800C080200000000000000,,,,,,,,,12,12,,,2,1,,,,,,,,,,,8
2023-01-19T18:33:10+00:00,7049209,SP7THR-UHF,16,C080010C02800C0802000000D0070000,,,,,,,,,12,12,,,2,1,,,,,,,,,,,8
2023-01-19T18:33:49+00:00,7049493,M0KSF-BB,16,C080010C02800C0802000000D0070000,,,,,,,,,12,12,,,2,1,,,,,,,,,,,8
2023-01-19T18:33:49+00:00,7049209,SP7THR-UHF,16,C080010C02800C0802000000D0070000,,,,,,,,,12,12,,,2,1,,,,,,,,,,,8
2023-01-19T18:34:15+00:00,7049209,SP7THR-UHF,16,C080010C02800C080200000000000000,,,,,,,,,12,12,,,2,1,,,,,,,,,,,8
2023-01-19T18:35:18+00:00,7049493,M0KSF-BB,16,C080010C02800C0802000000D0070000,,,,,,,,,12,12,,,2,1,,,,,,,,,,,8
2023-01-20T04:18:05+00:00,7055374,SA2KNG Experimental,16,C080010C02800C080200000000000000,,,,,,,,,12,12,,,2,1,,,,,,,,,,,8
2023-01-20T04:18:05+00:00,7055396,SA2KNG Omni UHF/VHF,16,C080010C02800C080200000000000000,,,,,,,,,12,12,,,2,1,,,,,,,,,,,8
2023-01-20T04:18:13+00:00,7055359,SA2KNG S-Band,16,C080010C02800C080200000000000000,,,,,,,,,12,12,,,2,1,,,,,,,,,,,8
2023-01-20T04:18:15+00:00,7055374,SA2KNG Experimental,16,C080010C02800C080200000000000000,,,,,,,,,12,12,,,2,1,,,,,,,,,,,8
2023-01-20T04:18:15+00:00,7055359,SA2KNG S-Band,16,C080010C02800C080200000000000000,,,,,,,,,12,12,,,2,1,,,,,,,,,,,8
2023-01-20T04:18:15+00:00,7055396,SA2KNG Omni UHF/VHF,16,C080010C02800C080200000000000000,,,,,,,,,12,12,,,2,1,,,,,,,,,,,8
2023-01-20T04:18:30+00:00,7055374,SA2KNG Experimental,16,C080010C02800C0802000000E8030000,,,,,,,,,12,12,,,2,1,,,,,,,,,,,8
2023-01-20T04:18:30+00:00,7055396,SA2KNG Omni UHF/VHF,16,C080010C02800C0802000000E8030000,,,,,,,,,12,12,,,2,1,,,,,,,,,,,8
2023-01-20T04:18:38+00:00,7055359,SA2KNG S-Band,16,C080010C02800C0802000000E8030000,,,,,,,,,12,12,,,2,1,,,,,,,,,,,8
2023-01-20T04:18:40+00:00,7055374,SA2KNG Experimental,16,C080010C02800C0802000000E8030000,,,,,,,,,12,12,,,2,1,,,,,,,,,,,8
2023-01-20T04:18:40+00:00,7055359,SA2KNG S-Band,16,C080010C02800C0802000000E8030000,,,,,,,,,12,12,,,2,1,,,,,,,,,,,8
2023-01-20T04:18:40+00:00,7055396,SA2KNG Omni UHF/VHF,16,C080010C02800C0802000000E8030000,,,,,,,,,12,12,,,2,1,,,,,,,,,,,8
2023-01-20T04:18:43+00:00,7055396,SA2KNG Omni UHF/VHF,16,C080010C02800C080200000000000000,,,,,,,,,12,12,,,2,1,,,,,,,,,,,8
2023-01-20T04:18:52+00:00,7055359,SA2KNG S-Band,16,C080010C02800C080200000000000000,,,,,,,,,12,12,,,2,1,,,,,,,,,,,8
2023-01-20T04:18:53+00:00,7055359,SA2KNG S-Band,16,C080010C02800C080200000000000000,,,,,,,,,12,12,,,2,1,,,,,,,,,,,8
2023-01-20T04:18:53+00:00,7055396,SA2KNG Omni UHF/VHF,16,C080010C02800C080200000000000000,,,,,,,,,12,12,,,2,1,,,,,,,,,,,8
2023-01-20T04:18:56+00:00,7055396,SA2KNG Omni UHF/VHF,16,C080010C02800C0802000000D0070000,,,,,,,,,12,12,,,2,1,,,,,,,,,,,8
2023-01-20T04:19:05+00:00,7055359,SA2KNG S-Band,16,C080010C02800C0802000000D0070000,,,,,,,,,12,12,,,2,1,,,,,,,,,,,8
2023-01-20T04:19:06+00:00,7055359,SA2KNG S-Band,16,C080010C02800C0802000000D0070000,,,,,,,,,12,12,,,2,1,,,,,,,,,,,8
2023-01-20T04:19:06+00:00,7055396,SA2KNG Omni UHF/VHF,16,C080010C02800C0802000000D0070000,,,,,,,,,12,12,,,2,1,,,,,,,,,,,8
2023-01-20T04:19:44+00:00,7055396,SA2KNG Omni UHF/VHF,16,C080010C02800C080200000000000000,,,,,,,,,12,12,,,2,1,,,,,,,,,,,8
2023-01-20T04:20:25+00:00,7055396,SA2KNG Omni UHF/VHF,16,C080010C02800C0802000000D0070000,,,,,,,,,12,12,,,2,1,,,,,,,,,,,8
2023-01-20T05:57:27+00:00,7053810,M0KSF-BB,16,C080010C02800C080200000000000000,,,,,,,,,12,12,,,2,1,,,,,,,,,,,8
2023-01-20T05:57:27+00:00,7053285,M0KSF,16,C080010C02800C080200000000000000,,,,,,,,,12,12,,,2,1,,,,,,,,,,,8
2023-01-20T05:58:30+00:00,7055714,Drachten,16,C080010C02800C080200000000000000,,,,,,,,,12,12,,,2,1,,,,,,,,,,,8
2023-01-20T05:58:30+00:00,7053285,M0KSF,16,C080010C02800C080200000000000000,,,,,,,,,12,12,,,2,1,,,,,,,,,,,8
2023-01-20T05:58:34+00:00,7055714,Drachten,16,C080010C02800C080200000000000000,,,,,,,,,12,12,,,2,1,,,,,,,,,,,8
2023-01-20T05:58:43+00:00,7055714,Drachten,16,C080010C02800C080200000000000000,,,,,,,,,12,12,,,2,1,,,,,,,,,,,8
2023-01-20T05:58:43+00:00,7053810,M0KSF-BB,16,C080010C02800C080200000000000000,,,,,,,,,12,12,,,2,1,,,,,,,,,,,8
2023-01-20T05:58:43+00:00,7053285,M0KSF,16,C080010C02800C080200000000000000,,,,,,,,,12,12,,,2,1,,,,,,,,,,,8
2023-01-20T05:58:48+00:00,7055714,Drachten,10,C0800206022C03020000,,,,,,,2,,3,6,,,2,2,,,,,,,,,,,
2023-01-20T05:58:56+00:00,7053810,M0KSF-BB,16,C080010C02800C080200000000000000,,,,,,,,,12,12,,,2,1,,,,,,,,,,,8
2023-01-20T05:58:56+00:00,7053285,M0KSF,16,C080010C02800C080200000000000000,,,,,,,,,12,12,,,2,1,,,,,,,,,,,8
2023-01-20T05:59:22+00:00,7053810,M0KSF-BB,16,C080010C02800C080200000000000000,,,,,,,,,12,12,,,2,1,,,,,,,,,,,8
2023-01-20T05:59:22+00:00,7053285,M0KSF,16,C080010C02800C080200000000000000,,,,,,,,,12,12,,,2,1,,,,,,,,,,,8
2023-01-21T03:42:51+00:00,7060262,SA2KNG Omni UHF/VHF,16,C080010C02800C080200000000000000,,,,,,,,,12,12,,,2,1,,,,,,,,,,,8
2023-01-21T03:42:57+00:00,7057871,M0KSF,16,C080010C02800C080200000000000000,,,,,,,,,12,12,,,2,1,,,,,,,,,,,8
2023-01-21T03:42:58+00:00,7060167,SA2KNG S-Band,16,C080010C02800C080200000000000000,,,,,,,,,12,12,,,2,1,,,,,,,,,,,8
2023-01-21T03:43:00+00:00,7060167,SA2KNG S-Band,16,C080010C02800C080200000000000000,,,,,,,,,12,12,,,2,1,,,,,,,,,,,8
2023-01-21T03:43:00+00:00,7060262,SA2KNG Omni UHF/VHF,16,C080010C02800C080200000000000000,,,,,,,,,12,12,,,2,1,,,,,,,,,,,8
2023-01-21T05:19:13+00:00,7058318,M0KSF-BB,16,C080010C02800C080200000000000000,,,,,,,,,12,12,,,2,1,,,,,,,,,,,8
2023-01-21T05:19:13+00:00,7057874,M0KSF,16,C080010C02800C080200000000000000,,,,,,,,,12,12,,,2,1,,,,,,,,,,,8
2023-01-21T05:19:30+00:00,7060506,Drachten,16,C080010C02800C080200000000000000,,,,,,,,,12,12,,,2,1,,,,,,,,,,,8
2023-01-21T05:19:34+00:00,7060510,PE0SAT-11,16,C080010C02800C080200000000000000,,,,,,,,,12,12,,,2,1,,,,,,,,,,,8
2023-01-21T05:19:37+00:00,7060520,PE0SAT-21,16,C080010C02800C080200000000000000,,,,,,,,,12,12,,,2,1,,,,,,,,,,,8
2023-01-21T05:19:38+00:00,7060520,PE0SAT-21,16,C080010C02800C080200000000000000,,,,,,,,,12,12,,,2,1,,,,,,,,,,,8
2023-01-21T05:19:38+00:00,7060506,Drachten,16,C080010C02800C080200000000000000,,,,,,,,,12,12,,,2,1,,,,,,,,,,,8
2023-01-21T05:19:38+00:00,7058318,M0KSF-BB,16,C080010C02800C080200000000000000,,,,,,,,,12,12,,,2,1,,,,,,,,,,,8
2023-01-21T05:19:38+00:00,7057874,M0KSF,16,C080010C02800C080200000000000000,,,,,,,,,12,12,,,2,1,,,,,,,,,,,8
2023-01-21T05:19:46+00:00,7060510,PE0SAT-11,16,C080010C02800C080200000000000000,,,,,,,,,12,12,,,2,1,,,,,,,,,,,8
2023-01-21T05:19:50+00:00,7060520,PE0SAT-21,16,C080010C02800C080200000000000000,,,,,,,,,12,12,,,2,1,,,,,,,,,,,8
2023-01-21T05:19:51+00:00,7060510,PE0SAT-11,16,C080010C02800C080200000000000000,,,,,,,,,12,12,,,2,1,,,,,,,,,,,8
2023-01-21T05:19:51+00:00,7060520,PE0SAT-21,16,C080010C02800C080200000000000000,,,,,,,,,12,12,,,2,1,,,,,,,,,,,8
2023-01-21T05:19:51+00:00,7058318,M0KSF-BB,16,C080010C02800C080200000000000000,,,,,,,,,12,12,,,2,1,,,,,,,,,,,8
2023-01-21T05:19:51+00:00,7057874,M0KSF,16,C080010C02800C080200000000000000,,,,,,,,,12,12,,,2,1,,,,,,,,,,,8
2023-01-21T05:19:55+00:00,7060506,Drachten,16,C080010C02800C080200000000000000,,,,,,,,,12,12,,,2,1,,,,,,,,,,,8
2023-01-21T05:19:59+00:00,7060510,PE0SAT-11,16,C080010C02800C080200000000000000,,,,,,,,,12,12,,,2,1,,,,,,,,,,,8
2023-01-21T05:20:02+00:00,7060520,PE0SAT-21,16,C080010C02800C080200000000000000,,,,,,,,,12,12,,,2,1,,,,,,,,,,,8
2023-01-21T05:20:03+00:00,7060510,PE0SAT-11,16,C080010C02800C080200000000000000,,,,,,,,,12,12,,,2,1,,,,,,,,,,,8
2023-01-21T05:20:03+00:00,7060520,PE0SAT-21,16,C080010C02800C080200000000000000,,,,,,,,,12,12,,,2,1,,,,,,,,,,,8
2023-01-21T05:20:03+00:00,7060506,Drachten,16,C080010C02800C080200000000000000,,,,,,,,,12,12,,,2,1,,,,,,,,,,,8
2023-01-21T05:20:03+00:00,7058318,M0KSF-BB,16,C080010C02800C080200000000000000,,,,,,,,,12,12,,,2,1,,,,,,,,,,,8
2023-01-21T05:20:03+00:00,7057874,M0KSF,16,C080010C02800C080200000000000000,,,,,,,,,12,12,,,2,1,,,,,,,,,,,8
2023-01-21T05:20:08+00:00,7060506,Drachten,16,C080010C02800C0802000000D0070000,,,,,,,,,12,12,,,2,1,,,,,,,,,,,8
2023-01-21T05:20:11+00:00,7060510,PE0SAT-11,16,C080010C02800C0802000000D0070000,,,,,,,,,12,12,,,2,1,,,,,,,,,,,8
2023-01-21T05:20:15+00:00,7060520,PE0SAT-21,16,C080010C02800C0802000000D0070000,,,,,,,,,12,12,,,2,1,,,,,,,,,,,8
2023-01-21T05:20:16+00:00,7060510,PE0SAT-11,16,C080010C02800C0802000000D0070000,,,,,,,,,12,12,,,2,1,,,,,,,,,,,8
2023-01-21T05:20:16+00:00,7060520,PE0SAT-21,16,C080010C02800C0802000000D0070000,,,,,,,,,12,12,,,2,1,,,,,,,,,,,8
2023-01-21T05:20:16+00:00,7058318,M0KSF-BB,16,C080010C02800C0802000000D0070000,,,,,,,,,12,12,,,2,1,,,,,,,,,,,8
2023-01-21T05:20:16+00:00,7057874,M0KSF,16,C080010C02800C0802000000D0070000,,,,,,,,,12,12,,,2,1,,,,,,,,,,,8
2023-01-21T05:20:20+00:00,7060506,Drachten,16,C080010C02800C080200000000000000,,,,,,,,,12,12,,,2,1,,,,,,,,,,,8
2023-01-21T05:20:24+00:00,7060510,PE0SAT-11,16,C080010C02800C080200000000000000,,,,,,,,,12,12,,,2,1,,,,,,,,,,,8
2023-01-21T05:20:27+00:00,7060520,PE0SAT-21,16,C080010C02800C080200000000000000,,,,,,,,,12,12,,,2,1,,,,,,,,,,,8
2023-01-21T05:20:28+00:00,7060510,PE0SAT-11,16,C080010C02800C080200000000000000,,,,,,,,,12,12,,,2,1,,,,,,,,,,,8
2023-01-21T05:20:28+00:00,7060520,PE0SAT-21,16,C080010C02800C080200000000000000,,,,,,,,,12,12,,,2,1,,,,,,,,,,,8
2023-01-21T05:20:28+00:00,7060506,Drachten,16,C080010C02800C080200000000000000,,,,,,,,,12,12,,,2,1,,,,,,,,,,,8
2023-01-21T05:20:28+00:00,7058318,M0KSF-BB,16,C080010C02800C080200000000000000,,,,,,,,,12,12,,,2,1,,,,,,,,,,,8
2023-01-21T05:20:28+00:00,7057874,M0KSF,16,C080010C02800C080200000000000000,,,,,,,,,12,12,,,2,1,,,,,,,,,,,8
2023-01-21T05:20:33+00:00,7060506,Drachten,16,C080010C02800C0802000000D0070000,,,,,,,,,12,12,,,2,1,,,,,,,,,,,8
2023-01-21T05:20:36+00:00,7060510,PE0SAT-11,16,C080010C02800C0802000000D0070000,,,,,,,,,12,12,,,2,1,,,,,,,,,,,8
2023-01-21T05:20:39+00:00,7060520,PE0SAT-21,16,C080010C02800C0802000000D0070000,,,,,,,,,12,12,,,2,1,,,,,,,,,,,8
2023-01-21T05:20:41+00:00,7060510,PE0SAT-11,16,C080010C02800C0802000000D0070000,,,,,,,,,12,12,,,2,1,,,,,,,,,,,8
2023-01-21T05:20:41+00:00,7060520,PE0SAT-21,16,C080010C02800C0802000000D0070000,,,,,,,,,12,12,,,2,1,,,,,,,,,,,8
2023-01-21T05:20:41+00:00,7060506,Drachten,16,C080010C02800C0802000000D0070000,,,,,,,,,12,12,,,2,1,,,,,,,,,,,8
2023-01-21T05:20:41+00:00,7058318,M0KSF-BB,16,C080010C02800C0802000000D0070000,,,,,,,,,12,12,,,2,1,,,,,,,,,,,8
2023-01-21T05:20:41+00:00,7057874,M0KSF,16,C080010C02800C0802000000D0070000,,,,,,,,,12,12,,,2,1,,,,,,,,,,,8
2023-01-21T05:20:45+00:00,7060506,Drachten,16,C080010C02800C0802000000D0070000,,,,,,,,,12,12,,,2,1,,,,,,,,,,,8
2023-01-21T05:20:49+00:00,7060510,PE0SAT-11,16,C080010C02800C0802000000D0070000,,,,,,,,,12,12,,,2,1,,,,,,,,,,,8
2023-01-21T05:20:52+00:00,7060520,PE0SAT-21,16,C080010C02800C0802000000D0070000,,,,,,,,,12,12,,,2,1,,,,,,,,,,,8
2023-01-21T05:20:53+00:00,7060510,PE0SAT-11,16,C080010C02800C0802000000D0070000,,,,,,,,,12,12,,,2,1,,,,,,,,,,,8
2023-01-21T05:20:53+00:00,7060520,PE0SAT-21,16,C080010C02800C0802000000D0070000,,,,,,,,,12,12,,,2,1,,,,,,,,,,,8
2023-01-21T05:20:53+00:00,7060506,Drachten,16,C080010C02800C0802000000D0070000,,,,,,,,,12,12,,,2,1,,,,,,,,,,,8
2023-01-21T05:20:53+00:00,7058318,M0KSF-BB,16,C080010C02800C0802000000D0070000,,,,,,,,,12,12,,,2,1,,,,,,,,,,,8
2023-01-21T05:20:53+00:00,7057874,M0KSF,16,C080010C02800C0802000000D0070000,,,,,,,,,12,12,,,2,1,,,,,,,,,,,8
2023-01-21T05:21:10+00:00,7060506,Drachten,16,C080010C02800C080200000000000000,,,,,,,,,12,12,,,2,1,,,,,,,,,,,8
2023-01-21T05:21:18+00:00,7060506,Drachten,16,C080010C02800C080200000000000000,,,,,,,,,12,12,,,2,1,,,,,,,,,,,8
2023-01-21T05:21:18+00:00,7058318,M0KSF-BB,16,C080010C02800C080200000000000000,,,,,,,,,12,12,,,2,1,,,,,,,,,,,8
2023-01-21T05:21:18+00:00,7057874,M0KSF,16,C080010C02800C080200000000000000,,,,,,,,,12,12,,,2,1,,,,,,,,,,,8
2023-01-21T05:21:22+00:00,7060506,Drachten,16,C080010C02800C0802000000D0070000,,,,,,,,,12,12,,,2,1,,,,,,,,,,,8
2023-01-21T05:21:31+00:00,7060506,Drachten,16,C080010C02800C0802000000D0070000,,,,,,,,,12,12,,,2,1,,,,,,,,,,,8
2023-01-21T05:21:31+00:00,7057874,M0KSF,16,C080010C02800C0802000000D0070000,,,,,,,,,12,12,,,2,1,,,,,,,,,,,8
2023-01-21T05:21:43+00:00,7060506,Drachten,16,C080010C02800C0802000000D0070000,,,,,,,,,12,12,,,2,1,,,,,,,,,,,8
2023-01-21T05:21:43+00:00,7057874,M0KSF,16,C080010C02800C0802000000D0070000,,,,,,,,,12,12,,,2,1,,,,,,,,,,,8
2023-01-21T05:21:55+00:00,7057874,M0KSF,16,C080010C02800C080200000000000000,,,,,,,,,12,12,,,2,1,,,,,,,,,,,8
2023-01-21T06:58:17+00:00,7058321,M0KSF-BB,16,C080010C02800C080200000000000000,,,,,,,,,12,12,,,2,1,,,,,,,,,,,8
2023-01-21T06:58:42+00:00,7058321,M0KSF-BB,16,C080010C02800C0802000000E8030000,,,,,,,,,12,12,,,2,1,,,,,,,,,,,8
2023-01-21T06:58:55+00:00,7058321,M0KSF-BB,16,C080010C02800C080200000000000000,,,,,,,,,12,12,,,2,1,,,,,,,,,,,8
2023-01-21T06:59:08+00:00,7058321,M0KSF-BB,16,C080010C02800C0802000000D0070000,,,,,,,,,12,12,,,2,1,,,,,,,,,,,8
2023-01-21T06:59:08+00:00,7057877,M0KSF,16,C080010C02800C0802000000D0070000,,,,,,,,,12,12,,,2,1,,,,,,,,,,,8
2023-01-21T20:44:38+00:00,7062641,M0KSF-BB,16,C080010C02800C080200000000000000,,,,,,,,,12,12,,,2,1,,,,,,,,,,,8
2023-01-21T20:45:04+00:00,7062641,M0KSF-BB,16,C080010C02800C080200000000000000,,,,,,,,,12,12,,,2,1,,,,,,,,,,,8
2023-01-21T20:45:16+00:00,7062641,M0KSF-BB,16,C080010C02800C080200000000000000,,,,,,,,,12,12,,,2,1,,,,,,,,,,,8
2023-01-22T04:44:59+00:00,7062657,M0KSF-BB,16,C080010C02800C080200000000000000,,,,,,,,,12,12,,,2,1,,,,,,,,,,,8
2023-01-22T04:45:00+00:00,7061379,SP7THR-UHF,16,C080010C02800C080200000000000000,,,,,,,,,12,12,,,2,1,,,,,,,,,,,8
2023-01-22T04:45:07+00:00,7064641,GAO UHF,16,C080010C02800C080200000000000000,,,,,,,,,12,12,,,2,1,,,,,,,,,,,8
2023-01-22T23:35:51+00:00,7068462,MAUSyagi,10,C0800206022C03020000,,,,,,,2,,3,6,,,2,2,,,,,,,,,,,
2023-01-24T05:13:08+00:00,7071410,M0KSF-BB,16,C080010C02800C080200000000000000,,,,,,,,,12,12,,,2,1,,,,,,,,,,,8
2023-01-24T05:13:22+00:00,7071410,M0KSF-BB,16,C080010C02800C0802000000D0070000,,,,,,,,,12,12,,,2,1,,,,,,,,,,,8
2023-01-24T05:13:44+00:00,7071410,M0KSF-BB,16,C080010C02800C0802000000D0070000,,,,,,,,,12,12,,,2,1,,,,,,,,,,,8
2023-01-25T08:01:39+00:00,7074933,M0KSF,16,C080010C02800C0802000000E8030000,,,,,,,,,12,12,,,2,1,,,,,,,,,,,8
2023-01-25T08:01:42+00:00,7075334,M0KSF-BB,16,C080010C02800C0802000000E8030000,,,,,,,,,12,12,,,2,1,,,,,,,,,,,8
2023-01-25T08:03:35+00:00,7074933,M0KSF,16,C080010C02800C080200000000000000,,,,,,,,,12,12,,,2,1,,,,,,,,,,,8
2023-01-29T04:03:09+00:00,7093472,GAO UHF,16,C080010C02800C080200000000000000,,,,,,,,,12,12,,,2,1,,,,,,,,,,,8
2023-01-29T04:03:54+00:00,7093472,GAO UHF,16,C080010C02800C080200000000000000,,,,,,,,,12,12,,,2,1,,,,,,,,,,,8
2023-01-29T04:04:00+00:00,7093472,GAO UHF,16,C080010C02800C080200000000000000,,,,,,,,,12,12,,,2,1,,,,,,,,,,,8
